[2026-08-27T15:47:58.511+0000] {processor.py:186} INFO - Started process (PID=182) to work on /opt/airflow/projet/dags/callbacks.py
[2026-08-27T15:47:58.512+0000] {processor.py:914} INFO - Processing file /opt/airflow/projet/dags/callbacks.py for tasks to queue
[2026-08-27T15:47:58.514+0000] {logging_mixin.py:190} INFO - [2026-08-27T15:47:58.514+0000] {dagbag.py:588} INFO - Filling up the DagBag from /opt/airflow/projet/dags/callbacks.py
[2026-08-27T15:47:58.517+0000] {processor.py:927} WARNING - No viable dags retrieved from /opt/airflow/projet/dags/callbacks.py
[2026-08-27T15:47:58.528+0000] {processor.py:208} INFO - Processing /opt/airflow/projet/dags/callbacks.py took 0.019 seconds
[2026-08-27T15:48:28.799+0000] {processor.py:186} INFO - Started process (PID=201) to work on /opt/airflow/projet/dags/callbacks.py
[2026-08-27T15:48:28.800+0000] {processor.py:914} INFO - Processing file /opt/airflow/projet/dags/callbacks.py for tasks to queue
[2026-08-27T15:48:28.802+0000] {logging_mixin.py:190} INFO - [2026-08-27T15:48:28.802+0000] {dagbag.py:588} INFO - Filling up the DagBag from /opt/airflow/projet/dags/callbacks.py
[2026-08-27T15:48:28.812+0000] {processor.py:927} WARNING - No viable dags retrieved from /opt/airflow/projet/dags/callbacks.py
[2026-08-27T15:48:28.826+0000] {processor.py:208} INFO - Processing /opt/airflow/projet/dags/callbacks.py took 0.032 seconds
[2026-08-27T15:48:59.144+0000] {processor.py:186} INFO - Started process (PID=220) to work on /opt/airflow/projet/dags/callbacks.py
[2026-08-27T15:48:59.145+0000] {processor.py:914} INFO - Processing file /opt/airflow/projet/dags/callbacks.py for tasks to queue
[2026-08-27T15:48:59.147+0000] {logging_mixin.py:190} INFO - [2026-08-27T15:48:59.147+0000] {dagbag.py:588} INFO - Filling up the DagBag from /opt/airflow/projet/dags/callbacks.py
[2026-08-27T15:48:59.152+0000] {processor.py:927} WARNING - No viable dags retrieved from /opt/airflow/projet/dags/callbacks.py
[2026-08-27T15:48:59.167+0000] {processor.py:208} INFO - Processing /opt/airflow/projet/dags/callbacks.py took 0.027 seconds
[2026-08-27T15:49:29.527+0000] {processor.py:186} INFO - Started process (PID=239) to work on /opt/airflow/projet/dags/callbacks.py
[2026-08-27T15:49:29.527+0000] {processor.py:914} INFO - Processing file /opt/airflow/projet/dags/callbacks.py for tasks to queue
[2026-08-27T15:49:29.529+0000] {logging_mixin.py:190} INFO - [2026-08-27T15:49:29.529+0000] {dagbag.py:588} INFO - Filling up the DagBag from /opt/airflow/projet/dags/callbacks.py
[2026-08-27T15:49:29.535+0000] {processor.py:927} WARNING - No viable dags retrieved from /opt/airflow/projet/dags/callbacks.py
[2026-08-27T15:49:29.555+0000] {processor.py:208} INFO - Processing /opt/airflow/projet/dags/callbacks.py took 0.035 seconds
[2026-08-27T15:49:59.941+0000] {processor.py:186} INFO - Started process (PID=258) to work on /opt/airflow/projet/dags/callbacks.py
[2026-08-27T15:49:59.942+0000] {processor.py:914} INFO - Processing file /opt/airflow/projet/dags/callbacks.py for tasks to queue
[2026-08-27T15:49:59.944+0000] {logging_mixin.py:190} INFO - [2026-08-27T15:49:59.944+0000] {dagbag.py:588} INFO - Filling up the DagBag from /opt/airflow/projet/dags/callbacks.py
[2026-08-27T15:49:59.950+0000] {processor.py:927} WARNING - No viable dags retrieved from /opt/airflow/projet/dags/callbacks.py
[2026-08-27T15:49:59.967+0000] {processor.py:208} INFO - Processing /opt/airflow/projet/dags/callbacks.py took 0.031 seconds
[2026-08-27T15:50:30.341+0000] {processor.py:186} INFO - Started process (PID=277) to work on /opt/airflow/projet/dags/callbacks.py
[2026-08-27T15:50:30.341+0000] {processor.py:914} INFO - Processing file /opt/airflow/projet/dags/callbacks.py for tasks to queue
[2026-08-27T15:50:30.342+0000] {logging_mixin.py:190} INFO - [2026-08-27T15:50:30.342+0000] {dagbag.py:588} INFO - Filling up the DagBag from /opt/airflow/projet/dags/callbacks.py
[2026-08-27T15:50:30.353+0000] {processor.py:927} WARNING - No viable dags retrieved from /opt/airflow/projet/dags/callbacks.py
[2026-08-27T15:50:30.365+0000] {processor.py:208} INFO - Processing /opt/airflow/projet/dags/callbacks.py took 0.029 seconds
[2026-08-27T15:51:00.765+0000] {processor.py:186} INFO - Started process (PID=295) to work on /opt/airflow/projet/dags/callbacks.py
[2026-08-27T15:51:00.766+0000] {processor.py:914} INFO - Processing file /opt/airflow/projet/dags/callbacks.py for tasks to queue
[2026-08-27T15:51:00.769+0000] {logging_mixin.py:190} INFO - [2026-08-27T15:51:00.768+0000] {dagbag.py:588} INFO - Filling up the DagBag from /opt/airflow/projet/dags/callbacks.py
[2026-08-27T15:51:00.774+0000] {processor.py:927} WARNING - No viable dags retrieved from /opt/airflow/projet/dags/callbacks.py
[2026-08-27T15:51:00.792+0000] {processor.py:208} INFO - Processing /opt/airflow/projet/dags/callbacks.py took 0.033 seconds
[2026-08-27T15:51:31.172+0000] {processor.py:186} INFO - Started process (PID=315) to work on /opt/airflow/projet/dags/callbacks.py
[2026-08-27T15:51:31.172+0000] {processor.py:914} INFO - Processing file /opt/airflow/projet/dags/callbacks.py for tasks to queue
[2026-08-27T15:51:31.174+0000] {logging_mixin.py:190} INFO - [2026-08-27T15:51:31.174+0000] {dagbag.py:588} INFO - Filling up the DagBag from /opt/airflow/projet/dags/callbacks.py
[2026-08-27T15:51:31.181+0000] {processor.py:927} WARNING - No viable dags retrieved from /opt/airflow/projet/dags/callbacks.py
[2026-08-27T15:51:31.196+0000] {processor.py:208} INFO - Processing /opt/airflow/projet/dags/callbacks.py took 0.030 seconds
[2026-08-27T15:52:01.497+0000] {processor.py:186} INFO - Started process (PID=334) to work on /opt/airflow/projet/dags/callbacks.py
[2026-08-27T15:52:01.497+0000] {processor.py:914} INFO - Processing file /opt/airflow/projet/dags/callbacks.py for tasks to queue
[2026-08-27T15:52:01.498+0000] {logging_mixin.py:190} INFO - [2026-08-27T15:52:01.498+0000] {dagbag.py:588} INFO - Filling up the DagBag from /opt/airflow/projet/dags/callbacks.py
[2026-08-27T15:52:01.506+0000] {processor.py:927} WARNING - No viable dags retrieved from /opt/airflow/projet/dags/callbacks.py
[2026-08-27T15:52:01.516+0000] {processor.py:208} INFO - Processing /opt/airflow/projet/dags/callbacks.py took 0.023 seconds
[2026-08-27T15:52:31.936+0000] {processor.py:186} INFO - Started process (PID=353) to work on /opt/airflow/projet/dags/callbacks.py
[2026-08-27T15:52:31.936+0000] {processor.py:914} INFO - Processing file /opt/airflow/projet/dags/callbacks.py for tasks to queue
[2026-08-27T15:52:31.938+0000] {logging_mixin.py:190} INFO - [2026-08-27T15:52:31.938+0000] {dagbag.py:588} INFO - Filling up the DagBag from /opt/airflow/projet/dags/callbacks.py
[2026-08-27T15:52:31.943+0000] {processor.py:927} WARNING - No viable dags retrieved from /opt/airflow/projet/dags/callbacks.py
[2026-08-27T15:52:31.959+0000] {processor.py:208} INFO - Processing /opt/airflow/projet/dags/callbacks.py took 0.028 seconds
[2026-08-27T15:53:02.497+0000] {processor.py:186} INFO - Started process (PID=372) to work on /opt/airflow/projet/dags/callbacks.py
[2026-08-27T15:53:02.498+0000] {processor.py:914} INFO - Processing file /opt/airflow/projet/dags/callbacks.py for tasks to queue
[2026-08-27T15:53:02.499+0000] {logging_mixin.py:190} INFO - [2026-08-27T15:53:02.499+0000] {dagbag.py:588} INFO - Filling up the DagBag from /opt/airflow/projet/dags/callbacks.py
[2026-08-27T15:53:02.504+0000] {processor.py:927} WARNING - No viable dags retrieved from /opt/airflow/projet/dags/callbacks.py
[2026-08-27T15:53:02.517+0000] {processor.py:208} INFO - Processing /opt/airflow/projet/dags/callbacks.py took 0.024 seconds
[2026-08-27T15:53:32.913+0000] {processor.py:186} INFO - Started process (PID=391) to work on /opt/airflow/projet/dags/callbacks.py
[2026-08-27T15:53:32.914+0000] {processor.py:914} INFO - Processing file /opt/airflow/projet/dags/callbacks.py for tasks to queue
[2026-08-27T15:53:32.915+0000] {logging_mixin.py:190} INFO - [2026-08-27T15:53:32.915+0000] {dagbag.py:588} INFO - Filling up the DagBag from /opt/airflow/projet/dags/callbacks.py
[2026-08-27T15:53:32.919+0000] {processor.py:927} WARNING - No viable dags retrieved from /opt/airflow/projet/dags/callbacks.py
[2026-08-27T15:53:32.935+0000] {processor.py:208} INFO - Processing /opt/airflow/projet/dags/callbacks.py took 0.027 seconds
[2026-08-27T15:54:03.323+0000] {processor.py:186} INFO - Started process (PID=410) to work on /opt/airflow/projet/dags/callbacks.py
[2026-08-27T15:54:03.323+0000] {processor.py:914} INFO - Processing file /opt/airflow/projet/dags/callbacks.py for tasks to queue
[2026-08-27T15:54:03.325+0000] {logging_mixin.py:190} INFO - [2026-08-27T15:54:03.325+0000] {dagbag.py:588} INFO - Filling up the DagBag from /opt/airflow/projet/dags/callbacks.py
[2026-08-27T15:54:03.331+0000] {processor.py:927} WARNING - No viable dags retrieved from /opt/airflow/projet/dags/callbacks.py
[2026-08-27T15:54:03.348+0000] {processor.py:208} INFO - Processing /opt/airflow/projet/dags/callbacks.py took 0.029 seconds
[2026-08-27T15:54:33.683+0000] {processor.py:186} INFO - Started process (PID=428) to work on /opt/airflow/projet/dags/callbacks.py
[2026-08-27T15:54:33.683+0000] {processor.py:914} INFO - Processing file /opt/airflow/projet/dags/callbacks.py for tasks to queue
[2026-08-27T15:54:33.685+0000] {logging_mixin.py:190} INFO - [2026-08-27T15:54:33.684+0000] {dagbag.py:588} INFO - Filling up the DagBag from /opt/airflow/projet/dags/callbacks.py
[2026-08-27T15:54:33.690+0000] {processor.py:927} WARNING - No viable dags retrieved from /opt/airflow/projet/dags/callbacks.py
[2026-08-27T15:54:33.707+0000] {processor.py:208} INFO - Processing /opt/airflow/projet/dags/callbacks.py took 0.029 seconds
[2026-08-27T15:55:04.088+0000] {processor.py:186} INFO - Started process (PID=439) to work on /opt/airflow/projet/dags/callbacks.py
[2026-08-27T15:55:04.089+0000] {processor.py:914} INFO - Processing file /opt/airflow/projet/dags/callbacks.py for tasks to queue
[2026-08-27T15:55:04.091+0000] {logging_mixin.py:190} INFO - [2026-08-27T15:55:04.091+0000] {dagbag.py:588} INFO - Filling up the DagBag from /opt/airflow/projet/dags/callbacks.py
[2026-08-27T15:55:04.096+0000] {processor.py:927} WARNING - No viable dags retrieved from /opt/airflow/projet/dags/callbacks.py
[2026-08-27T15:55:04.111+0000] {processor.py:208} INFO - Processing /opt/airflow/projet/dags/callbacks.py took 0.028 seconds
[2026-08-27T15:55:34.530+0000] {processor.py:186} INFO - Started process (PID=458) to work on /opt/airflow/projet/dags/callbacks.py
[2026-08-27T15:55:34.530+0000] {processor.py:914} INFO - Processing file /opt/airflow/projet/dags/callbacks.py for tasks to queue
[2026-08-27T15:55:34.533+0000] {logging_mixin.py:190} INFO - [2026-08-27T15:55:34.532+0000] {dagbag.py:588} INFO - Filling up the DagBag from /opt/airflow/projet/dags/callbacks.py
[2026-08-27T15:55:34.538+0000] {processor.py:927} WARNING - No viable dags retrieved from /opt/airflow/projet/dags/callbacks.py
[2026-08-27T15:55:34.555+0000] {processor.py:208} INFO - Processing /opt/airflow/projet/dags/callbacks.py took 0.032 seconds
[2026-08-27T15:56:04.979+0000] {processor.py:186} INFO - Started process (PID=477) to work on /opt/airflow/projet/dags/callbacks.py
[2026-08-27T15:56:04.980+0000] {processor.py:914} INFO - Processing file /opt/airflow/projet/dags/callbacks.py for tasks to queue
[2026-08-27T15:56:04.982+0000] {logging_mixin.py:190} INFO - [2026-08-27T15:56:04.982+0000] {dagbag.py:588} INFO - Filling up the DagBag from /opt/airflow/projet/dags/callbacks.py
[2026-08-27T15:56:04.990+0000] {processor.py:927} WARNING - No viable dags retrieved from /opt/airflow/projet/dags/callbacks.py
[2026-08-27T15:56:05.022+0000] {processor.py:208} INFO - Processing /opt/airflow/projet/dags/callbacks.py took 0.056 seconds
[2026-08-27T15:56:35.382+0000] {processor.py:186} INFO - Started process (PID=496) to work on /opt/airflow/projet/dags/callbacks.py
[2026-08-27T15:56:35.382+0000] {processor.py:914} INFO - Processing file /opt/airflow/projet/dags/callbacks.py for tasks to queue
[2026-08-27T15:56:35.384+0000] {logging_mixin.py:190} INFO - [2026-08-27T15:56:35.384+0000] {dagbag.py:588} INFO - Filling up the DagBag from /opt/airflow/projet/dags/callbacks.py
[2026-08-27T15:56:35.389+0000] {processor.py:927} WARNING - No viable dags retrieved from /opt/airflow/projet/dags/callbacks.py
[2026-08-27T15:56:35.402+0000] {processor.py:208} INFO - Processing /opt/airflow/projet/dags/callbacks.py took 0.027 seconds
[2026-08-27T15:57:05.806+0000] {processor.py:186} INFO - Started process (PID=515) to work on /opt/airflow/projet/dags/callbacks.py
[2026-08-27T15:57:05.807+0000] {processor.py:914} INFO - Processing file /opt/airflow/projet/dags/callbacks.py for tasks to queue
[2026-08-27T15:57:05.809+0000] {logging_mixin.py:190} INFO - [2026-08-27T15:57:05.809+0000] {dagbag.py:588} INFO - Filling up the DagBag from /opt/airflow/projet/dags/callbacks.py
[2026-08-27T15:57:05.814+0000] {processor.py:927} WARNING - No viable dags retrieved from /opt/airflow/projet/dags/callbacks.py
[2026-08-27T15:57:05.830+0000] {processor.py:208} INFO - Processing /opt/airflow/projet/dags/callbacks.py took 0.029 seconds
[2026-08-27T15:57:36.206+0000] {processor.py:186} INFO - Started process (PID=534) to work on /opt/airflow/projet/dags/callbacks.py
[2026-08-27T15:57:36.207+0000] {processor.py:914} INFO - Processing file /opt/airflow/projet/dags/callbacks.py for tasks to queue
[2026-08-27T15:57:36.209+0000] {logging_mixin.py:190} INFO - [2026-08-27T15:57:36.209+0000] {dagbag.py:588} INFO - Filling up the DagBag from /opt/airflow/projet/dags/callbacks.py
[2026-08-27T15:57:36.212+0000] {processor.py:927} WARNING - No viable dags retrieved from /opt/airflow/projet/dags/callbacks.py
[2026-08-27T15:57:36.228+0000] {processor.py:208} INFO - Processing /opt/airflow/projet/dags/callbacks.py took 0.029 seconds
[2026-08-27T15:58:06.625+0000] {processor.py:186} INFO - Started process (PID=553) to work on /opt/airflow/projet/dags/callbacks.py
[2026-08-27T15:58:06.626+0000] {processor.py:914} INFO - Processing file /opt/airflow/projet/dags/callbacks.py for tasks to queue
[2026-08-27T15:58:06.628+0000] {logging_mixin.py:190} INFO - [2026-08-27T15:58:06.628+0000] {dagbag.py:588} INFO - Filling up the DagBag from /opt/airflow/projet/dags/callbacks.py
[2026-08-27T15:58:06.633+0000] {processor.py:927} WARNING - No viable dags retrieved from /opt/airflow/projet/dags/callbacks.py
[2026-08-27T15:58:06.649+0000] {processor.py:208} INFO - Processing /opt/airflow/projet/dags/callbacks.py took 0.030 seconds
[2026-08-27T15:58:37.060+0000] {processor.py:186} INFO - Started process (PID=572) to work on /opt/airflow/projet/dags/callbacks.py
[2026-08-27T15:58:37.060+0000] {processor.py:914} INFO - Processing file /opt/airflow/projet/dags/callbacks.py for tasks to queue
[2026-08-27T15:58:37.062+0000] {logging_mixin.py:190} INFO - [2026-08-27T15:58:37.062+0000] {dagbag.py:588} INFO - Filling up the DagBag from /opt/airflow/projet/dags/callbacks.py
[2026-08-27T15:58:37.067+0000] {processor.py:927} WARNING - No viable dags retrieved from /opt/airflow/projet/dags/callbacks.py
[2026-08-27T15:58:37.081+0000] {processor.py:208} INFO - Processing /opt/airflow/projet/dags/callbacks.py took 0.026 seconds
[2026-08-27T15:59:07.499+0000] {processor.py:186} INFO - Started process (PID=591) to work on /opt/airflow/projet/dags/callbacks.py
[2026-08-27T15:59:07.500+0000] {processor.py:914} INFO - Processing file /opt/airflow/projet/dags/callbacks.py for tasks to queue
[2026-08-27T15:59:07.502+0000] {logging_mixin.py:190} INFO - [2026-08-27T15:59:07.502+0000] {dagbag.py:588} INFO - Filling up the DagBag from /opt/airflow/projet/dags/callbacks.py
[2026-08-27T15:59:07.507+0000] {processor.py:927} WARNING - No viable dags retrieved from /opt/airflow/projet/dags/callbacks.py
[2026-08-27T15:59:07.521+0000] {processor.py:208} INFO - Processing /opt/airflow/projet/dags/callbacks.py took 0.028 seconds
[2026-08-27T15:59:37.908+0000] {processor.py:186} INFO - Started process (PID=610) to work on /opt/airflow/projet/dags/callbacks.py
[2026-08-27T15:59:37.909+0000] {processor.py:914} INFO - Processing file /opt/airflow/projet/dags/callbacks.py for tasks to queue
[2026-08-27T15:59:37.910+0000] {logging_mixin.py:190} INFO - [2026-08-27T15:59:37.910+0000] {dagbag.py:588} INFO - Filling up the DagBag from /opt/airflow/projet/dags/callbacks.py
[2026-08-27T15:59:37.919+0000] {processor.py:927} WARNING - No viable dags retrieved from /opt/airflow/projet/dags/callbacks.py
[2026-08-27T15:59:37.933+0000] {processor.py:208} INFO - Processing /opt/airflow/projet/dags/callbacks.py took 0.029 seconds
[2026-08-27T16:00:08.321+0000] {processor.py:186} INFO - Started process (PID=629) to work on /opt/airflow/projet/dags/callbacks.py
[2026-08-27T16:00:08.321+0000] {processor.py:914} INFO - Processing file /opt/airflow/projet/dags/callbacks.py for tasks to queue
[2026-08-27T16:00:08.323+0000] {logging_mixin.py:190} INFO - [2026-08-27T16:00:08.323+0000] {dagbag.py:588} INFO - Filling up the DagBag from /opt/airflow/projet/dags/callbacks.py
[2026-08-27T16:00:08.327+0000] {processor.py:927} WARNING - No viable dags retrieved from /opt/airflow/projet/dags/callbacks.py
[2026-08-27T16:00:08.344+0000] {processor.py:208} INFO - Processing /opt/airflow/projet/dags/callbacks.py took 0.027 seconds
[2026-08-27T16:00:38.701+0000] {processor.py:186} INFO - Started process (PID=648) to work on /opt/airflow/projet/dags/callbacks.py
[2026-08-27T16:00:38.702+0000] {processor.py:914} INFO - Processing file /opt/airflow/projet/dags/callbacks.py for tasks to queue
[2026-08-27T16:00:38.704+0000] {logging_mixin.py:190} INFO - [2026-08-27T16:00:38.704+0000] {dagbag.py:588} INFO - Filling up the DagBag from /opt/airflow/projet/dags/callbacks.py
[2026-08-27T16:00:38.709+0000] {processor.py:927} WARNING - No viable dags retrieved from /opt/airflow/projet/dags/callbacks.py
[2026-08-27T16:00:38.723+0000] {processor.py:208} INFO - Processing /opt/airflow/projet/dags/callbacks.py took 0.028 seconds
[2026-08-27T16:01:09.132+0000] {processor.py:186} INFO - Started process (PID=667) to work on /opt/airflow/projet/dags/callbacks.py
[2026-08-27T16:01:09.133+0000] {processor.py:914} INFO - Processing file /opt/airflow/projet/dags/callbacks.py for tasks to queue
[2026-08-27T16:01:09.135+0000] {logging_mixin.py:190} INFO - [2026-08-27T16:01:09.135+0000] {dagbag.py:588} INFO - Filling up the DagBag from /opt/airflow/projet/dags/callbacks.py
[2026-08-27T16:01:09.139+0000] {processor.py:927} WARNING - No viable dags retrieved from /opt/airflow/projet/dags/callbacks.py
[2026-08-27T16:01:09.156+0000] {processor.py:208} INFO - Processing /opt/airflow/projet/dags/callbacks.py took 0.029 seconds
[2026-08-27T16:01:39.538+0000] {processor.py:186} INFO - Started process (PID=686) to work on /opt/airflow/projet/dags/callbacks.py
[2026-08-27T16:01:39.539+0000] {processor.py:914} INFO - Processing file /opt/airflow/projet/dags/callbacks.py for tasks to queue
[2026-08-27T16:01:39.540+0000] {logging_mixin.py:190} INFO - [2026-08-27T16:01:39.540+0000] {dagbag.py:588} INFO - Filling up the DagBag from /opt/airflow/projet/dags/callbacks.py
[2026-08-27T16:01:39.545+0000] {processor.py:927} WARNING - No viable dags retrieved from /opt/airflow/projet/dags/callbacks.py
[2026-08-27T16:01:39.560+0000] {processor.py:208} INFO - Processing /opt/airflow/projet/dags/callbacks.py took 0.027 seconds
[2026-08-27T16:02:09.918+0000] {processor.py:186} INFO - Started process (PID=704) to work on /opt/airflow/projet/dags/callbacks.py
[2026-08-27T16:02:09.918+0000] {processor.py:914} INFO - Processing file /opt/airflow/projet/dags/callbacks.py for tasks to queue
[2026-08-27T16:02:09.920+0000] {logging_mixin.py:190} INFO - [2026-08-27T16:02:09.919+0000] {dagbag.py:588} INFO - Filling up the DagBag from /opt/airflow/projet/dags/callbacks.py
[2026-08-27T16:02:09.924+0000] {processor.py:927} WARNING - No viable dags retrieved from /opt/airflow/projet/dags/callbacks.py
[2026-08-27T16:02:09.941+0000] {processor.py:208} INFO - Processing /opt/airflow/projet/dags/callbacks.py took 0.029 seconds
[2026-08-27T16:02:40.340+0000] {processor.py:186} INFO - Started process (PID=715) to work on /opt/airflow/projet/dags/callbacks.py
[2026-08-27T16:02:40.341+0000] {processor.py:914} INFO - Processing file /opt/airflow/projet/dags/callbacks.py for tasks to queue
[2026-08-27T16:02:40.343+0000] {logging_mixin.py:190} INFO - [2026-08-27T16:02:40.342+0000] {dagbag.py:588} INFO - Filling up the DagBag from /opt/airflow/projet/dags/callbacks.py
[2026-08-27T16:02:40.350+0000] {processor.py:927} WARNING - No viable dags retrieved from /opt/airflow/projet/dags/callbacks.py
[2026-08-27T16:02:40.361+0000] {processor.py:208} INFO - Processing /opt/airflow/projet/dags/callbacks.py took 0.026 seconds
[2026-08-27T16:03:17.569+0000] {processor.py:186} INFO - Started process (PID=734) to work on /opt/airflow/projet/dags/callbacks.py
[2026-08-27T16:03:17.571+0000] {processor.py:914} INFO - Processing file /opt/airflow/projet/dags/callbacks.py for tasks to queue
[2026-08-27T16:03:17.574+0000] {logging_mixin.py:190} INFO - [2026-08-27T16:03:17.574+0000] {dagbag.py:588} INFO - Filling up the DagBag from /opt/airflow/projet/dags/callbacks.py
[2026-08-27T16:03:17.585+0000] {processor.py:927} WARNING - No viable dags retrieved from /opt/airflow/projet/dags/callbacks.py
[2026-08-27T16:03:17.616+0000] {processor.py:208} INFO - Processing /opt/airflow/projet/dags/callbacks.py took 0.056 seconds
[2026-08-27T16:03:48.011+0000] {processor.py:186} INFO - Started process (PID=753) to work on /opt/airflow/projet/dags/callbacks.py
[2026-08-27T16:03:48.011+0000] {processor.py:914} INFO - Processing file /opt/airflow/projet/dags/callbacks.py for tasks to queue
[2026-08-27T16:03:48.013+0000] {logging_mixin.py:190} INFO - [2026-08-27T16:03:48.013+0000] {dagbag.py:588} INFO - Filling up the DagBag from /opt/airflow/projet/dags/callbacks.py
[2026-08-27T16:03:48.019+0000] {processor.py:927} WARNING - No viable dags retrieved from /opt/airflow/projet/dags/callbacks.py
[2026-08-27T16:03:48.034+0000] {processor.py:208} INFO - Processing /opt/airflow/projet/dags/callbacks.py took 0.029 seconds
[2026-08-27T16:04:18.438+0000] {processor.py:186} INFO - Started process (PID=772) to work on /opt/airflow/projet/dags/callbacks.py
[2026-08-27T16:04:18.439+0000] {processor.py:914} INFO - Processing file /opt/airflow/projet/dags/callbacks.py for tasks to queue
[2026-08-27T16:04:18.441+0000] {logging_mixin.py:190} INFO - [2026-08-27T16:04:18.440+0000] {dagbag.py:588} INFO - Filling up the DagBag from /opt/airflow/projet/dags/callbacks.py
[2026-08-27T16:04:18.450+0000] {processor.py:927} WARNING - No viable dags retrieved from /opt/airflow/projet/dags/callbacks.py
[2026-08-27T16:04:18.461+0000] {processor.py:208} INFO - Processing /opt/airflow/projet/dags/callbacks.py took 0.028 seconds
[2026-08-27T16:04:48.861+0000] {processor.py:186} INFO - Started process (PID=791) to work on /opt/airflow/projet/dags/callbacks.py
[2026-08-27T16:04:48.862+0000] {processor.py:914} INFO - Processing file /opt/airflow/projet/dags/callbacks.py for tasks to queue
[2026-08-27T16:04:48.863+0000] {logging_mixin.py:190} INFO - [2026-08-27T16:04:48.863+0000] {dagbag.py:588} INFO - Filling up the DagBag from /opt/airflow/projet/dags/callbacks.py
[2026-08-27T16:04:48.873+0000] {processor.py:927} WARNING - No viable dags retrieved from /opt/airflow/projet/dags/callbacks.py
[2026-08-27T16:04:48.885+0000] {processor.py:208} INFO - Processing /opt/airflow/projet/dags/callbacks.py took 0.028 seconds
[2026-08-27T16:05:19.310+0000] {processor.py:186} INFO - Started process (PID=810) to work on /opt/airflow/projet/dags/callbacks.py
[2026-08-27T16:05:19.311+0000] {processor.py:914} INFO - Processing file /opt/airflow/projet/dags/callbacks.py for tasks to queue
[2026-08-27T16:05:19.313+0000] {logging_mixin.py:190} INFO - [2026-08-27T16:05:19.313+0000] {dagbag.py:588} INFO - Filling up the DagBag from /opt/airflow/projet/dags/callbacks.py
[2026-08-27T16:05:19.317+0000] {processor.py:927} WARNING - No viable dags retrieved from /opt/airflow/projet/dags/callbacks.py
[2026-08-27T16:05:19.332+0000] {processor.py:208} INFO - Processing /opt/airflow/projet/dags/callbacks.py took 0.026 seconds
[2026-08-27T16:10:47.954+0000] {processor.py:186} INFO - Started process (PID=829) to work on /opt/airflow/projet/dags/callbacks.py
[2026-08-27T16:10:47.955+0000] {processor.py:914} INFO - Processing file /opt/airflow/projet/dags/callbacks.py for tasks to queue
[2026-08-27T16:10:47.957+0000] {logging_mixin.py:190} INFO - [2026-08-27T16:10:47.957+0000] {dagbag.py:588} INFO - Filling up the DagBag from /opt/airflow/projet/dags/callbacks.py
[2026-08-27T16:10:47.962+0000] {processor.py:927} WARNING - No viable dags retrieved from /opt/airflow/projet/dags/callbacks.py
[2026-08-27T16:10:47.975+0000] {processor.py:208} INFO - Processing /opt/airflow/projet/dags/callbacks.py took 0.025 seconds
[2026-08-27T16:11:18.445+0000] {processor.py:186} INFO - Started process (PID=848) to work on /opt/airflow/projet/dags/callbacks.py
[2026-08-27T16:11:18.446+0000] {processor.py:914} INFO - Processing file /opt/airflow/projet/dags/callbacks.py for tasks to queue
[2026-08-27T16:11:18.448+0000] {logging_mixin.py:190} INFO - [2026-08-27T16:11:18.447+0000] {dagbag.py:588} INFO - Filling up the DagBag from /opt/airflow/projet/dags/callbacks.py
[2026-08-27T16:11:18.458+0000] {processor.py:927} WARNING - No viable dags retrieved from /opt/airflow/projet/dags/callbacks.py
[2026-08-27T16:11:18.469+0000] {processor.py:208} INFO - Processing /opt/airflow/projet/dags/callbacks.py took 0.030 seconds
[2026-08-27T16:12:08.282+0000] {processor.py:186} INFO - Started process (PID=866) to work on /opt/airflow/projet/dags/callbacks.py
[2026-08-27T16:12:08.283+0000] {processor.py:914} INFO - Processing file /opt/airflow/projet/dags/callbacks.py for tasks to queue
[2026-08-27T16:12:08.285+0000] {logging_mixin.py:190} INFO - [2026-08-27T16:12:08.285+0000] {dagbag.py:588} INFO - Filling up the DagBag from /opt/airflow/projet/dags/callbacks.py
[2026-08-27T16:12:08.288+0000] {processor.py:927} WARNING - No viable dags retrieved from /opt/airflow/projet/dags/callbacks.py
[2026-08-27T16:12:08.304+0000] {processor.py:208} INFO - Processing /opt/airflow/projet/dags/callbacks.py took 0.027 seconds
[2026-08-27T16:12:38.670+0000] {processor.py:186} INFO - Started process (PID=877) to work on /opt/airflow/projet/dags/callbacks.py
[2026-08-27T16:12:38.671+0000] {processor.py:914} INFO - Processing file /opt/airflow/projet/dags/callbacks.py for tasks to queue
[2026-08-27T16:12:38.672+0000] {logging_mixin.py:190} INFO - [2026-08-27T16:12:38.672+0000] {dagbag.py:588} INFO - Filling up the DagBag from /opt/airflow/projet/dags/callbacks.py
[2026-08-27T16:12:38.677+0000] {processor.py:927} WARNING - No viable dags retrieved from /opt/airflow/projet/dags/callbacks.py
[2026-08-27T16:12:38.691+0000] {processor.py:208} INFO - Processing /opt/airflow/projet/dags/callbacks.py took 0.026 seconds
[2026-08-27T16:13:09.076+0000] {processor.py:186} INFO - Started process (PID=896) to work on /opt/airflow/projet/dags/callbacks.py
[2026-08-27T16:13:09.077+0000] {processor.py:914} INFO - Processing file /opt/airflow/projet/dags/callbacks.py for tasks to queue
[2026-08-27T16:13:09.078+0000] {logging_mixin.py:190} INFO - [2026-08-27T16:13:09.078+0000] {dagbag.py:588} INFO - Filling up the DagBag from /opt/airflow/projet/dags/callbacks.py
[2026-08-27T16:13:09.086+0000] {processor.py:927} WARNING - No viable dags retrieved from /opt/airflow/projet/dags/callbacks.py
[2026-08-27T16:13:09.099+0000] {processor.py:208} INFO - Processing /opt/airflow/projet/dags/callbacks.py took 0.027 seconds
[2026-08-27T16:13:39.486+0000] {processor.py:186} INFO - Started process (PID=915) to work on /opt/airflow/projet/dags/callbacks.py
[2026-08-27T16:13:39.487+0000] {processor.py:914} INFO - Processing file /opt/airflow/projet/dags/callbacks.py for tasks to queue
[2026-08-27T16:13:39.488+0000] {logging_mixin.py:190} INFO - [2026-08-27T16:13:39.488+0000] {dagbag.py:588} INFO - Filling up the DagBag from /opt/airflow/projet/dags/callbacks.py
[2026-08-27T16:13:39.494+0000] {processor.py:927} WARNING - No viable dags retrieved from /opt/airflow/projet/dags/callbacks.py
[2026-08-27T16:13:39.509+0000] {processor.py:208} INFO - Processing /opt/airflow/projet/dags/callbacks.py took 0.028 seconds
[2026-08-27T16:14:09.902+0000] {processor.py:186} INFO - Started process (PID=934) to work on /opt/airflow/projet/dags/callbacks.py
[2026-08-27T16:14:09.902+0000] {processor.py:914} INFO - Processing file /opt/airflow/projet/dags/callbacks.py for tasks to queue
[2026-08-27T16:14:09.904+0000] {logging_mixin.py:190} INFO - [2026-08-27T16:14:09.904+0000] {dagbag.py:588} INFO - Filling up the DagBag from /opt/airflow/projet/dags/callbacks.py
[2026-08-27T16:14:09.909+0000] {processor.py:927} WARNING - No viable dags retrieved from /opt/airflow/projet/dags/callbacks.py
[2026-08-27T16:14:09.919+0000] {processor.py:208} INFO - Processing /opt/airflow/projet/dags/callbacks.py took 0.023 seconds
[2026-08-27T16:14:40.338+0000] {processor.py:186} INFO - Started process (PID=953) to work on /opt/airflow/projet/dags/callbacks.py
[2026-08-27T16:14:40.339+0000] {processor.py:914} INFO - Processing file /opt/airflow/projet/dags/callbacks.py for tasks to queue
[2026-08-27T16:14:40.341+0000] {logging_mixin.py:190} INFO - [2026-08-27T16:14:40.340+0000] {dagbag.py:588} INFO - Filling up the DagBag from /opt/airflow/projet/dags/callbacks.py
[2026-08-27T16:14:40.345+0000] {processor.py:927} WARNING - No viable dags retrieved from /opt/airflow/projet/dags/callbacks.py
[2026-08-27T16:14:40.360+0000] {processor.py:208} INFO - Processing /opt/airflow/projet/dags/callbacks.py took 0.027 seconds
[2026-08-27T16:15:10.706+0000] {processor.py:186} INFO - Started process (PID=972) to work on /opt/airflow/projet/dags/callbacks.py
[2026-08-27T16:15:10.707+0000] {processor.py:914} INFO - Processing file /opt/airflow/projet/dags/callbacks.py for tasks to queue
[2026-08-27T16:15:10.709+0000] {logging_mixin.py:190} INFO - [2026-08-27T16:15:10.709+0000] {dagbag.py:588} INFO - Filling up the DagBag from /opt/airflow/projet/dags/callbacks.py
[2026-08-27T16:15:10.714+0000] {processor.py:927} WARNING - No viable dags retrieved from /opt/airflow/projet/dags/callbacks.py
[2026-08-27T16:15:10.731+0000] {processor.py:208} INFO - Processing /opt/airflow/projet/dags/callbacks.py took 0.031 seconds
[2026-08-27T16:15:41.142+0000] {processor.py:186} INFO - Started process (PID=991) to work on /opt/airflow/projet/dags/callbacks.py
[2026-08-27T16:15:41.143+0000] {processor.py:914} INFO - Processing file /opt/airflow/projet/dags/callbacks.py for tasks to queue
[2026-08-27T16:15:41.148+0000] {logging_mixin.py:190} INFO - [2026-08-27T16:15:41.147+0000] {dagbag.py:588} INFO - Filling up the DagBag from /opt/airflow/projet/dags/callbacks.py
[2026-08-27T16:15:41.153+0000] {processor.py:927} WARNING - No viable dags retrieved from /opt/airflow/projet/dags/callbacks.py
[2026-08-27T16:15:41.169+0000] {processor.py:208} INFO - Processing /opt/airflow/projet/dags/callbacks.py took 0.032 seconds
[2026-08-27T16:16:11.531+0000] {processor.py:186} INFO - Started process (PID=1010) to work on /opt/airflow/projet/dags/callbacks.py
[2026-08-27T16:16:11.532+0000] {processor.py:914} INFO - Processing file /opt/airflow/projet/dags/callbacks.py for tasks to queue
[2026-08-27T16:16:11.534+0000] {logging_mixin.py:190} INFO - [2026-08-27T16:16:11.533+0000] {dagbag.py:588} INFO - Filling up the DagBag from /opt/airflow/projet/dags/callbacks.py
[2026-08-27T16:16:11.544+0000] {processor.py:927} WARNING - No viable dags retrieved from /opt/airflow/projet/dags/callbacks.py
[2026-08-27T16:16:11.555+0000] {processor.py:208} INFO - Processing /opt/airflow/projet/dags/callbacks.py took 0.029 seconds
[2026-08-27T16:16:41.976+0000] {processor.py:186} INFO - Started process (PID=1029) to work on /opt/airflow/projet/dags/callbacks.py
[2026-08-27T16:16:41.977+0000] {processor.py:914} INFO - Processing file /opt/airflow/projet/dags/callbacks.py for tasks to queue
[2026-08-27T16:16:41.979+0000] {logging_mixin.py:190} INFO - [2026-08-27T16:16:41.979+0000] {dagbag.py:588} INFO - Filling up the DagBag from /opt/airflow/projet/dags/callbacks.py
[2026-08-27T16:16:41.989+0000] {processor.py:927} WARNING - No viable dags retrieved from /opt/airflow/projet/dags/callbacks.py
[2026-08-27T16:16:42.000+0000] {processor.py:208} INFO - Processing /opt/airflow/projet/dags/callbacks.py took 0.029 seconds
[2026-08-27T16:17:12.389+0000] {processor.py:186} INFO - Started process (PID=1048) to work on /opt/airflow/projet/dags/callbacks.py
[2026-08-27T16:17:12.390+0000] {processor.py:914} INFO - Processing file /opt/airflow/projet/dags/callbacks.py for tasks to queue
[2026-08-27T16:17:12.394+0000] {logging_mixin.py:190} INFO - [2026-08-27T16:17:12.394+0000] {dagbag.py:588} INFO - Filling up the DagBag from /opt/airflow/projet/dags/callbacks.py
[2026-08-27T16:17:12.402+0000] {processor.py:927} WARNING - No viable dags retrieved from /opt/airflow/projet/dags/callbacks.py
[2026-08-27T16:17:12.414+0000] {processor.py:208} INFO - Processing /opt/airflow/projet/dags/callbacks.py took 0.029 seconds
[2026-08-27T16:17:42.755+0000] {processor.py:186} INFO - Started process (PID=1067) to work on /opt/airflow/projet/dags/callbacks.py
[2026-08-27T16:17:42.755+0000] {processor.py:914} INFO - Processing file /opt/airflow/projet/dags/callbacks.py for tasks to queue
[2026-08-27T16:17:42.757+0000] {logging_mixin.py:190} INFO - [2026-08-27T16:17:42.757+0000] {dagbag.py:588} INFO - Filling up the DagBag from /opt/airflow/projet/dags/callbacks.py
[2026-08-27T16:17:42.761+0000] {processor.py:927} WARNING - No viable dags retrieved from /opt/airflow/projet/dags/callbacks.py
[2026-08-27T16:17:42.772+0000] {processor.py:208} INFO - Processing /opt/airflow/projet/dags/callbacks.py took 0.021 seconds
[2026-08-27T16:18:13.195+0000] {processor.py:186} INFO - Started process (PID=1086) to work on /opt/airflow/projet/dags/callbacks.py
[2026-08-27T16:18:13.196+0000] {processor.py:914} INFO - Processing file /opt/airflow/projet/dags/callbacks.py for tasks to queue
[2026-08-27T16:18:13.197+0000] {logging_mixin.py:190} INFO - [2026-08-27T16:18:13.197+0000] {dagbag.py:588} INFO - Filling up the DagBag from /opt/airflow/projet/dags/callbacks.py
[2026-08-27T16:18:13.203+0000] {processor.py:927} WARNING - No viable dags retrieved from /opt/airflow/projet/dags/callbacks.py
[2026-08-27T16:18:13.218+0000] {processor.py:208} INFO - Processing /opt/airflow/projet/dags/callbacks.py took 0.027 seconds
[2026-08-27T16:18:43.622+0000] {processor.py:186} INFO - Started process (PID=1105) to work on /opt/airflow/projet/dags/callbacks.py
[2026-08-27T16:18:43.623+0000] {processor.py:914} INFO - Processing file /opt/airflow/projet/dags/callbacks.py for tasks to queue
[2026-08-27T16:18:43.625+0000] {logging_mixin.py:190} INFO - [2026-08-27T16:18:43.625+0000] {dagbag.py:588} INFO - Filling up the DagBag from /opt/airflow/projet/dags/callbacks.py
[2026-08-27T16:18:43.633+0000] {processor.py:927} WARNING - No viable dags retrieved from /opt/airflow/projet/dags/callbacks.py
[2026-08-27T16:18:43.644+0000] {processor.py:208} INFO - Processing /opt/airflow/projet/dags/callbacks.py took 0.025 seconds
[2026-08-27T16:19:13.965+0000] {processor.py:186} INFO - Started process (PID=1124) to work on /opt/airflow/projet/dags/callbacks.py
[2026-08-27T16:19:13.966+0000] {processor.py:914} INFO - Processing file /opt/airflow/projet/dags/callbacks.py for tasks to queue
[2026-08-27T16:19:13.968+0000] {logging_mixin.py:190} INFO - [2026-08-27T16:19:13.967+0000] {dagbag.py:588} INFO - Filling up the DagBag from /opt/airflow/projet/dags/callbacks.py
[2026-08-27T16:19:13.972+0000] {processor.py:927} WARNING - No viable dags retrieved from /opt/airflow/projet/dags/callbacks.py
[2026-08-27T16:19:13.988+0000] {processor.py:208} INFO - Processing /opt/airflow/projet/dags/callbacks.py took 0.028 seconds
[2026-08-27T16:19:44.409+0000] {processor.py:186} INFO - Started process (PID=1143) to work on /opt/airflow/projet/dags/callbacks.py
[2026-08-27T16:19:44.410+0000] {processor.py:914} INFO - Processing file /opt/airflow/projet/dags/callbacks.py for tasks to queue
[2026-08-27T16:19:44.412+0000] {logging_mixin.py:190} INFO - [2026-08-27T16:19:44.412+0000] {dagbag.py:588} INFO - Filling up the DagBag from /opt/airflow/projet/dags/callbacks.py
[2026-08-27T16:19:44.420+0000] {processor.py:927} WARNING - No viable dags retrieved from /opt/airflow/projet/dags/callbacks.py
[2026-08-27T16:19:44.433+0000] {processor.py:208} INFO - Processing /opt/airflow/projet/dags/callbacks.py took 0.028 seconds
[2026-08-27T16:20:14.805+0000] {processor.py:186} INFO - Started process (PID=1161) to work on /opt/airflow/projet/dags/callbacks.py
[2026-08-27T16:20:14.805+0000] {processor.py:914} INFO - Processing file /opt/airflow/projet/dags/callbacks.py for tasks to queue
[2026-08-27T16:20:14.808+0000] {logging_mixin.py:190} INFO - [2026-08-27T16:20:14.808+0000] {dagbag.py:588} INFO - Filling up the DagBag from /opt/airflow/projet/dags/callbacks.py
[2026-08-27T16:20:14.813+0000] {processor.py:927} WARNING - No viable dags retrieved from /opt/airflow/projet/dags/callbacks.py
[2026-08-27T16:20:14.825+0000] {processor.py:208} INFO - Processing /opt/airflow/projet/dags/callbacks.py took 0.024 seconds
[2026-08-27T16:20:45.227+0000] {processor.py:186} INFO - Started process (PID=1178) to work on /opt/airflow/projet/dags/callbacks.py
[2026-08-27T16:20:45.228+0000] {processor.py:914} INFO - Processing file /opt/airflow/projet/dags/callbacks.py for tasks to queue
[2026-08-27T16:20:45.230+0000] {logging_mixin.py:190} INFO - [2026-08-27T16:20:45.230+0000] {dagbag.py:588} INFO - Filling up the DagBag from /opt/airflow/projet/dags/callbacks.py
[2026-08-27T16:20:45.236+0000] {processor.py:927} WARNING - No viable dags retrieved from /opt/airflow/projet/dags/callbacks.py
[2026-08-27T16:20:45.254+0000] {processor.py:208} INFO - Processing /opt/airflow/projet/dags/callbacks.py took 0.033 seconds
[2026-08-27T16:21:15.648+0000] {processor.py:186} INFO - Started process (PID=1191) to work on /opt/airflow/projet/dags/callbacks.py
[2026-08-27T16:21:15.649+0000] {processor.py:914} INFO - Processing file /opt/airflow/projet/dags/callbacks.py for tasks to queue
[2026-08-27T16:21:15.654+0000] {logging_mixin.py:190} INFO - [2026-08-27T16:21:15.654+0000] {dagbag.py:588} INFO - Filling up the DagBag from /opt/airflow/projet/dags/callbacks.py
[2026-08-27T16:21:15.668+0000] {processor.py:927} WARNING - No viable dags retrieved from /opt/airflow/projet/dags/callbacks.py
[2026-08-27T16:21:15.688+0000] {processor.py:208} INFO - Processing /opt/airflow/projet/dags/callbacks.py took 0.045 seconds
[2026-08-27T16:21:46.071+0000] {processor.py:186} INFO - Started process (PID=1210) to work on /opt/airflow/projet/dags/callbacks.py
[2026-08-27T16:21:46.072+0000] {processor.py:914} INFO - Processing file /opt/airflow/projet/dags/callbacks.py for tasks to queue
[2026-08-27T16:21:46.074+0000] {logging_mixin.py:190} INFO - [2026-08-27T16:21:46.074+0000] {dagbag.py:588} INFO - Filling up the DagBag from /opt/airflow/projet/dags/callbacks.py
[2026-08-27T16:21:46.081+0000] {processor.py:927} WARNING - No viable dags retrieved from /opt/airflow/projet/dags/callbacks.py
[2026-08-27T16:21:46.093+0000] {processor.py:208} INFO - Processing /opt/airflow/projet/dags/callbacks.py took 0.027 seconds
[2026-08-27T16:22:16.494+0000] {processor.py:186} INFO - Started process (PID=1229) to work on /opt/airflow/projet/dags/callbacks.py
[2026-08-27T16:22:16.495+0000] {processor.py:914} INFO - Processing file /opt/airflow/projet/dags/callbacks.py for tasks to queue
[2026-08-27T16:22:16.498+0000] {logging_mixin.py:190} INFO - [2026-08-27T16:22:16.497+0000] {dagbag.py:588} INFO - Filling up the DagBag from /opt/airflow/projet/dags/callbacks.py
[2026-08-27T16:22:16.502+0000] {processor.py:927} WARNING - No viable dags retrieved from /opt/airflow/projet/dags/callbacks.py
[2026-08-27T16:22:16.519+0000] {processor.py:208} INFO - Processing /opt/airflow/projet/dags/callbacks.py took 0.030 seconds
[2026-08-27T16:22:46.880+0000] {processor.py:186} INFO - Started process (PID=1248) to work on /opt/airflow/projet/dags/callbacks.py
[2026-08-27T16:22:46.882+0000] {processor.py:914} INFO - Processing file /opt/airflow/projet/dags/callbacks.py for tasks to queue
[2026-08-27T16:22:46.885+0000] {logging_mixin.py:190} INFO - [2026-08-27T16:22:46.884+0000] {dagbag.py:588} INFO - Filling up the DagBag from /opt/airflow/projet/dags/callbacks.py
[2026-08-27T16:22:46.890+0000] {processor.py:927} WARNING - No viable dags retrieved from /opt/airflow/projet/dags/callbacks.py
[2026-08-27T16:22:46.907+0000] {processor.py:208} INFO - Processing /opt/airflow/projet/dags/callbacks.py took 0.032 seconds
[2026-08-27T16:23:17.287+0000] {processor.py:186} INFO - Started process (PID=1267) to work on /opt/airflow/projet/dags/callbacks.py
[2026-08-27T16:23:17.288+0000] {processor.py:914} INFO - Processing file /opt/airflow/projet/dags/callbacks.py for tasks to queue
[2026-08-27T16:23:17.289+0000] {logging_mixin.py:190} INFO - [2026-08-27T16:23:17.289+0000] {dagbag.py:588} INFO - Filling up the DagBag from /opt/airflow/projet/dags/callbacks.py
[2026-08-27T16:23:17.295+0000] {processor.py:927} WARNING - No viable dags retrieved from /opt/airflow/projet/dags/callbacks.py
[2026-08-27T16:23:17.312+0000] {processor.py:208} INFO - Processing /opt/airflow/projet/dags/callbacks.py took 0.031 seconds
[2026-08-27T16:23:47.728+0000] {processor.py:186} INFO - Started process (PID=1286) to work on /opt/airflow/projet/dags/callbacks.py
[2026-08-27T16:23:47.730+0000] {processor.py:914} INFO - Processing file /opt/airflow/projet/dags/callbacks.py for tasks to queue
[2026-08-27T16:23:47.734+0000] {logging_mixin.py:190} INFO - [2026-08-27T16:23:47.734+0000] {dagbag.py:588} INFO - Filling up the DagBag from /opt/airflow/projet/dags/callbacks.py
[2026-08-27T16:23:47.741+0000] {processor.py:927} WARNING - No viable dags retrieved from /opt/airflow/projet/dags/callbacks.py
[2026-08-27T16:23:47.765+0000] {processor.py:208} INFO - Processing /opt/airflow/projet/dags/callbacks.py took 0.044 seconds
[2026-08-27T16:24:18.221+0000] {processor.py:186} INFO - Started process (PID=1305) to work on /opt/airflow/projet/dags/callbacks.py
[2026-08-27T16:24:18.222+0000] {processor.py:914} INFO - Processing file /opt/airflow/projet/dags/callbacks.py for tasks to queue
[2026-08-27T16:24:18.225+0000] {logging_mixin.py:190} INFO - [2026-08-27T16:24:18.225+0000] {dagbag.py:588} INFO - Filling up the DagBag from /opt/airflow/projet/dags/callbacks.py
[2026-08-27T16:24:18.230+0000] {processor.py:927} WARNING - No viable dags retrieved from /opt/airflow/projet/dags/callbacks.py
[2026-08-27T16:24:18.246+0000] {processor.py:208} INFO - Processing /opt/airflow/projet/dags/callbacks.py took 0.030 seconds
[2026-08-27T16:24:48.688+0000] {processor.py:186} INFO - Started process (PID=1324) to work on /opt/airflow/projet/dags/callbacks.py
[2026-08-27T16:24:48.693+0000] {processor.py:914} INFO - Processing file /opt/airflow/projet/dags/callbacks.py for tasks to queue
[2026-08-27T16:24:48.697+0000] {logging_mixin.py:190} INFO - [2026-08-27T16:24:48.697+0000] {dagbag.py:588} INFO - Filling up the DagBag from /opt/airflow/projet/dags/callbacks.py
[2026-08-27T16:24:48.705+0000] {processor.py:927} WARNING - No viable dags retrieved from /opt/airflow/projet/dags/callbacks.py
[2026-08-27T16:24:48.728+0000] {processor.py:208} INFO - Processing /opt/airflow/projet/dags/callbacks.py took 0.055 seconds
[2026-08-27T16:25:19.132+0000] {processor.py:186} INFO - Started process (PID=1343) to work on /opt/airflow/projet/dags/callbacks.py
[2026-08-27T16:25:19.133+0000] {processor.py:914} INFO - Processing file /opt/airflow/projet/dags/callbacks.py for tasks to queue
[2026-08-27T16:25:19.138+0000] {logging_mixin.py:190} INFO - [2026-08-27T16:25:19.138+0000] {dagbag.py:588} INFO - Filling up the DagBag from /opt/airflow/projet/dags/callbacks.py
[2026-08-27T16:25:19.144+0000] {processor.py:927} WARNING - No viable dags retrieved from /opt/airflow/projet/dags/callbacks.py
[2026-08-27T16:25:19.161+0000] {processor.py:208} INFO - Processing /opt/airflow/projet/dags/callbacks.py took 0.034 seconds
[2026-08-27T16:25:49.551+0000] {processor.py:186} INFO - Started process (PID=1362) to work on /opt/airflow/projet/dags/callbacks.py
[2026-08-27T16:25:49.557+0000] {processor.py:914} INFO - Processing file /opt/airflow/projet/dags/callbacks.py for tasks to queue
[2026-08-27T16:25:49.564+0000] {logging_mixin.py:190} INFO - [2026-08-27T16:25:49.563+0000] {dagbag.py:588} INFO - Filling up the DagBag from /opt/airflow/projet/dags/callbacks.py
[2026-08-27T16:25:49.584+0000] {processor.py:927} WARNING - No viable dags retrieved from /opt/airflow/projet/dags/callbacks.py
[2026-08-27T16:25:49.611+0000] {processor.py:208} INFO - Processing /opt/airflow/projet/dags/callbacks.py took 0.071 seconds
[2026-08-27T16:26:20.050+0000] {processor.py:186} INFO - Started process (PID=1381) to work on /opt/airflow/projet/dags/callbacks.py
[2026-08-27T16:26:20.051+0000] {processor.py:914} INFO - Processing file /opt/airflow/projet/dags/callbacks.py for tasks to queue
[2026-08-27T16:26:20.055+0000] {logging_mixin.py:190} INFO - [2026-08-27T16:26:20.054+0000] {dagbag.py:588} INFO - Filling up the DagBag from /opt/airflow/projet/dags/callbacks.py
[2026-08-27T16:26:20.063+0000] {processor.py:927} WARNING - No viable dags retrieved from /opt/airflow/projet/dags/callbacks.py
[2026-08-27T16:26:20.087+0000] {processor.py:208} INFO - Processing /opt/airflow/projet/dags/callbacks.py took 0.045 seconds
[2026-08-27T16:26:50.525+0000] {processor.py:186} INFO - Started process (PID=1400) to work on /opt/airflow/projet/dags/callbacks.py
[2026-08-27T16:26:50.527+0000] {processor.py:914} INFO - Processing file /opt/airflow/projet/dags/callbacks.py for tasks to queue
[2026-08-27T16:26:50.534+0000] {logging_mixin.py:190} INFO - [2026-08-27T16:26:50.534+0000] {dagbag.py:588} INFO - Filling up the DagBag from /opt/airflow/projet/dags/callbacks.py
[2026-08-27T16:26:50.553+0000] {processor.py:927} WARNING - No viable dags retrieved from /opt/airflow/projet/dags/callbacks.py
[2026-08-27T16:26:50.586+0000] {processor.py:208} INFO - Processing /opt/airflow/projet/dags/callbacks.py took 0.073 seconds
[2026-08-27T16:27:20.938+0000] {processor.py:186} INFO - Started process (PID=1419) to work on /opt/airflow/projet/dags/callbacks.py
[2026-08-27T16:27:20.941+0000] {processor.py:914} INFO - Processing file /opt/airflow/projet/dags/callbacks.py for tasks to queue
[2026-08-27T16:27:20.943+0000] {logging_mixin.py:190} INFO - [2026-08-27T16:27:20.942+0000] {dagbag.py:588} INFO - Filling up the DagBag from /opt/airflow/projet/dags/callbacks.py
[2026-08-27T16:27:20.947+0000] {processor.py:927} WARNING - No viable dags retrieved from /opt/airflow/projet/dags/callbacks.py
[2026-08-27T16:27:20.965+0000] {processor.py:208} INFO - Processing /opt/airflow/projet/dags/callbacks.py took 0.033 seconds
[2026-08-27T16:27:51.349+0000] {processor.py:186} INFO - Started process (PID=1438) to work on /opt/airflow/projet/dags/callbacks.py
[2026-08-27T16:27:51.349+0000] {processor.py:914} INFO - Processing file /opt/airflow/projet/dags/callbacks.py for tasks to queue
[2026-08-27T16:27:51.351+0000] {logging_mixin.py:190} INFO - [2026-08-27T16:27:51.351+0000] {dagbag.py:588} INFO - Filling up the DagBag from /opt/airflow/projet/dags/callbacks.py
[2026-08-27T16:27:51.356+0000] {processor.py:927} WARNING - No viable dags retrieved from /opt/airflow/projet/dags/callbacks.py
[2026-08-27T16:27:51.372+0000] {processor.py:208} INFO - Processing /opt/airflow/projet/dags/callbacks.py took 0.028 seconds
[2026-08-27T16:28:21.679+0000] {processor.py:186} INFO - Started process (PID=1456) to work on /opt/airflow/projet/dags/callbacks.py
[2026-08-27T16:28:21.680+0000] {processor.py:914} INFO - Processing file /opt/airflow/projet/dags/callbacks.py for tasks to queue
[2026-08-27T16:28:21.681+0000] {logging_mixin.py:190} INFO - [2026-08-27T16:28:21.681+0000] {dagbag.py:588} INFO - Filling up the DagBag from /opt/airflow/projet/dags/callbacks.py
[2026-08-27T16:28:21.684+0000] {processor.py:927} WARNING - No viable dags retrieved from /opt/airflow/projet/dags/callbacks.py
[2026-08-27T16:28:21.694+0000] {processor.py:208} INFO - Processing /opt/airflow/projet/dags/callbacks.py took 0.018 seconds
[2026-08-27T16:28:52.080+0000] {processor.py:186} INFO - Started process (PID=1467) to work on /opt/airflow/projet/dags/callbacks.py
[2026-08-27T16:28:52.082+0000] {processor.py:914} INFO - Processing file /opt/airflow/projet/dags/callbacks.py for tasks to queue
[2026-08-27T16:28:52.083+0000] {logging_mixin.py:190} INFO - [2026-08-27T16:28:52.083+0000] {dagbag.py:588} INFO - Filling up the DagBag from /opt/airflow/projet/dags/callbacks.py
[2026-08-27T16:28:52.092+0000] {processor.py:927} WARNING - No viable dags retrieved from /opt/airflow/projet/dags/callbacks.py
[2026-08-27T16:28:52.106+0000] {processor.py:208} INFO - Processing /opt/airflow/projet/dags/callbacks.py took 0.031 seconds
[2026-08-27T16:29:22.512+0000] {processor.py:186} INFO - Started process (PID=1486) to work on /opt/airflow/projet/dags/callbacks.py
[2026-08-27T16:29:22.512+0000] {processor.py:914} INFO - Processing file /opt/airflow/projet/dags/callbacks.py for tasks to queue
[2026-08-27T16:29:22.515+0000] {logging_mixin.py:190} INFO - [2026-08-27T16:29:22.514+0000] {dagbag.py:588} INFO - Filling up the DagBag from /opt/airflow/projet/dags/callbacks.py
[2026-08-27T16:29:22.524+0000] {processor.py:927} WARNING - No viable dags retrieved from /opt/airflow/projet/dags/callbacks.py
[2026-08-27T16:29:22.536+0000] {processor.py:208} INFO - Processing /opt/airflow/projet/dags/callbacks.py took 0.029 seconds
[2026-08-27T16:29:52.958+0000] {processor.py:186} INFO - Started process (PID=1505) to work on /opt/airflow/projet/dags/callbacks.py
[2026-08-27T16:29:52.959+0000] {processor.py:914} INFO - Processing file /opt/airflow/projet/dags/callbacks.py for tasks to queue
[2026-08-27T16:29:52.960+0000] {logging_mixin.py:190} INFO - [2026-08-27T16:29:52.960+0000] {dagbag.py:588} INFO - Filling up the DagBag from /opt/airflow/projet/dags/callbacks.py
[2026-08-27T16:29:52.970+0000] {processor.py:927} WARNING - No viable dags retrieved from /opt/airflow/projet/dags/callbacks.py
[2026-08-27T16:29:52.981+0000] {processor.py:208} INFO - Processing /opt/airflow/projet/dags/callbacks.py took 0.029 seconds
[2026-08-27T16:30:23.367+0000] {processor.py:186} INFO - Started process (PID=1524) to work on /opt/airflow/projet/dags/callbacks.py
[2026-08-27T16:30:23.368+0000] {processor.py:914} INFO - Processing file /opt/airflow/projet/dags/callbacks.py for tasks to queue
[2026-08-27T16:30:23.370+0000] {logging_mixin.py:190} INFO - [2026-08-27T16:30:23.369+0000] {dagbag.py:588} INFO - Filling up the DagBag from /opt/airflow/projet/dags/callbacks.py
[2026-08-27T16:30:23.375+0000] {processor.py:927} WARNING - No viable dags retrieved from /opt/airflow/projet/dags/callbacks.py
[2026-08-27T16:30:23.389+0000] {processor.py:208} INFO - Processing /opt/airflow/projet/dags/callbacks.py took 0.027 seconds
[2026-08-27T16:30:53.818+0000] {processor.py:186} INFO - Started process (PID=1543) to work on /opt/airflow/projet/dags/callbacks.py
[2026-08-27T16:30:53.820+0000] {processor.py:914} INFO - Processing file /opt/airflow/projet/dags/callbacks.py for tasks to queue
[2026-08-27T16:30:53.822+0000] {logging_mixin.py:190} INFO - [2026-08-27T16:30:53.821+0000] {dagbag.py:588} INFO - Filling up the DagBag from /opt/airflow/projet/dags/callbacks.py
[2026-08-27T16:30:53.827+0000] {processor.py:927} WARNING - No viable dags retrieved from /opt/airflow/projet/dags/callbacks.py
[2026-08-27T16:30:53.848+0000] {processor.py:208} INFO - Processing /opt/airflow/projet/dags/callbacks.py took 0.036 seconds
[2026-08-27T16:31:24.243+0000] {processor.py:186} INFO - Started process (PID=1562) to work on /opt/airflow/projet/dags/callbacks.py
[2026-08-27T16:31:24.244+0000] {processor.py:914} INFO - Processing file /opt/airflow/projet/dags/callbacks.py for tasks to queue
[2026-08-27T16:31:24.246+0000] {logging_mixin.py:190} INFO - [2026-08-27T16:31:24.246+0000] {dagbag.py:588} INFO - Filling up the DagBag from /opt/airflow/projet/dags/callbacks.py
[2026-08-27T16:31:24.255+0000] {processor.py:927} WARNING - No viable dags retrieved from /opt/airflow/projet/dags/callbacks.py
[2026-08-27T16:31:24.268+0000] {processor.py:208} INFO - Processing /opt/airflow/projet/dags/callbacks.py took 0.029 seconds
[2026-08-27T16:31:54.657+0000] {processor.py:186} INFO - Started process (PID=1581) to work on /opt/airflow/projet/dags/callbacks.py
[2026-08-27T16:31:54.659+0000] {processor.py:914} INFO - Processing file /opt/airflow/projet/dags/callbacks.py for tasks to queue
[2026-08-27T16:31:54.664+0000] {logging_mixin.py:190} INFO - [2026-08-27T16:31:54.664+0000] {dagbag.py:588} INFO - Filling up the DagBag from /opt/airflow/projet/dags/callbacks.py
[2026-08-27T16:31:54.671+0000] {processor.py:927} WARNING - No viable dags retrieved from /opt/airflow/projet/dags/callbacks.py
[2026-08-27T16:31:54.704+0000] {processor.py:208} INFO - Processing /opt/airflow/projet/dags/callbacks.py took 0.056 seconds
[2026-08-27T16:32:25.141+0000] {processor.py:186} INFO - Started process (PID=1600) to work on /opt/airflow/projet/dags/callbacks.py
[2026-08-27T16:32:25.144+0000] {processor.py:914} INFO - Processing file /opt/airflow/projet/dags/callbacks.py for tasks to queue
[2026-08-27T16:32:25.146+0000] {logging_mixin.py:190} INFO - [2026-08-27T16:32:25.146+0000] {dagbag.py:588} INFO - Filling up the DagBag from /opt/airflow/projet/dags/callbacks.py
[2026-08-27T16:32:25.151+0000] {processor.py:927} WARNING - No viable dags retrieved from /opt/airflow/projet/dags/callbacks.py
[2026-08-27T16:32:25.169+0000] {processor.py:208} INFO - Processing /opt/airflow/projet/dags/callbacks.py took 0.032 seconds
[2026-08-27T16:32:55.518+0000] {processor.py:186} INFO - Started process (PID=1619) to work on /opt/airflow/projet/dags/callbacks.py
[2026-08-27T16:32:55.518+0000] {processor.py:914} INFO - Processing file /opt/airflow/projet/dags/callbacks.py for tasks to queue
[2026-08-27T16:32:55.520+0000] {logging_mixin.py:190} INFO - [2026-08-27T16:32:55.520+0000] {dagbag.py:588} INFO - Filling up the DagBag from /opt/airflow/projet/dags/callbacks.py
[2026-08-27T16:32:55.524+0000] {processor.py:927} WARNING - No viable dags retrieved from /opt/airflow/projet/dags/callbacks.py
[2026-08-27T16:32:55.539+0000] {processor.py:208} INFO - Processing /opt/airflow/projet/dags/callbacks.py took 0.025 seconds
[2026-08-27T16:33:25.942+0000] {processor.py:186} INFO - Started process (PID=1638) to work on /opt/airflow/projet/dags/callbacks.py
[2026-08-27T16:33:25.942+0000] {processor.py:914} INFO - Processing file /opt/airflow/projet/dags/callbacks.py for tasks to queue
[2026-08-27T16:33:25.945+0000] {logging_mixin.py:190} INFO - [2026-08-27T16:33:25.945+0000] {dagbag.py:588} INFO - Filling up the DagBag from /opt/airflow/projet/dags/callbacks.py
[2026-08-27T16:33:25.949+0000] {processor.py:927} WARNING - No viable dags retrieved from /opt/airflow/projet/dags/callbacks.py
[2026-08-27T16:33:25.965+0000] {processor.py:208} INFO - Processing /opt/airflow/projet/dags/callbacks.py took 0.028 seconds
[2026-08-27T16:33:56.402+0000] {processor.py:186} INFO - Started process (PID=1657) to work on /opt/airflow/projet/dags/callbacks.py
[2026-08-27T16:33:56.403+0000] {processor.py:914} INFO - Processing file /opt/airflow/projet/dags/callbacks.py for tasks to queue
[2026-08-27T16:33:56.408+0000] {logging_mixin.py:190} INFO - [2026-08-27T16:33:56.408+0000] {dagbag.py:588} INFO - Filling up the DagBag from /opt/airflow/projet/dags/callbacks.py
[2026-08-27T16:33:56.411+0000] {processor.py:927} WARNING - No viable dags retrieved from /opt/airflow/projet/dags/callbacks.py
[2026-08-27T16:33:56.427+0000] {processor.py:208} INFO - Processing /opt/airflow/projet/dags/callbacks.py took 0.033 seconds
[2026-08-27T16:34:26.835+0000] {processor.py:186} INFO - Started process (PID=1676) to work on /opt/airflow/projet/dags/callbacks.py
[2026-08-27T16:34:26.837+0000] {processor.py:914} INFO - Processing file /opt/airflow/projet/dags/callbacks.py for tasks to queue
[2026-08-27T16:34:26.838+0000] {logging_mixin.py:190} INFO - [2026-08-27T16:34:26.838+0000] {dagbag.py:588} INFO - Filling up the DagBag from /opt/airflow/projet/dags/callbacks.py
[2026-08-27T16:34:26.844+0000] {processor.py:927} WARNING - No viable dags retrieved from /opt/airflow/projet/dags/callbacks.py
[2026-08-27T16:34:26.859+0000] {processor.py:208} INFO - Processing /opt/airflow/projet/dags/callbacks.py took 0.029 seconds
[2026-08-27T16:34:57.222+0000] {processor.py:186} INFO - Started process (PID=1695) to work on /opt/airflow/projet/dags/callbacks.py
[2026-08-27T16:34:57.224+0000] {processor.py:914} INFO - Processing file /opt/airflow/projet/dags/callbacks.py for tasks to queue
[2026-08-27T16:34:57.226+0000] {logging_mixin.py:190} INFO - [2026-08-27T16:34:57.225+0000] {dagbag.py:588} INFO - Filling up the DagBag from /opt/airflow/projet/dags/callbacks.py
[2026-08-27T16:34:57.231+0000] {processor.py:927} WARNING - No viable dags retrieved from /opt/airflow/projet/dags/callbacks.py
[2026-08-27T16:34:57.249+0000] {processor.py:208} INFO - Processing /opt/airflow/projet/dags/callbacks.py took 0.031 seconds
[2026-08-27T16:35:27.658+0000] {processor.py:186} INFO - Started process (PID=1714) to work on /opt/airflow/projet/dags/callbacks.py
[2026-08-27T16:35:27.659+0000] {processor.py:914} INFO - Processing file /opt/airflow/projet/dags/callbacks.py for tasks to queue
[2026-08-27T16:35:27.662+0000] {logging_mixin.py:190} INFO - [2026-08-27T16:35:27.661+0000] {dagbag.py:588} INFO - Filling up the DagBag from /opt/airflow/projet/dags/callbacks.py
[2026-08-27T16:35:27.669+0000] {processor.py:927} WARNING - No viable dags retrieved from /opt/airflow/projet/dags/callbacks.py
[2026-08-27T16:35:27.686+0000] {processor.py:208} INFO - Processing /opt/airflow/projet/dags/callbacks.py took 0.035 seconds
[2026-08-27T16:35:58.081+0000] {processor.py:186} INFO - Started process (PID=1732) to work on /opt/airflow/projet/dags/callbacks.py
[2026-08-27T16:35:58.082+0000] {processor.py:914} INFO - Processing file /opt/airflow/projet/dags/callbacks.py for tasks to queue
[2026-08-27T16:35:58.083+0000] {logging_mixin.py:190} INFO - [2026-08-27T16:35:58.083+0000] {dagbag.py:588} INFO - Filling up the DagBag from /opt/airflow/projet/dags/callbacks.py
[2026-08-27T16:35:58.088+0000] {processor.py:927} WARNING - No viable dags retrieved from /opt/airflow/projet/dags/callbacks.py
[2026-08-27T16:35:58.106+0000] {processor.py:208} INFO - Processing /opt/airflow/projet/dags/callbacks.py took 0.029 seconds
[2026-08-27T16:36:28.513+0000] {processor.py:186} INFO - Started process (PID=1743) to work on /opt/airflow/projet/dags/callbacks.py
[2026-08-27T16:36:28.514+0000] {processor.py:914} INFO - Processing file /opt/airflow/projet/dags/callbacks.py for tasks to queue
[2026-08-27T16:36:28.515+0000] {logging_mixin.py:190} INFO - [2026-08-27T16:36:28.515+0000] {dagbag.py:588} INFO - Filling up the DagBag from /opt/airflow/projet/dags/callbacks.py
[2026-08-27T16:36:28.525+0000] {processor.py:927} WARNING - No viable dags retrieved from /opt/airflow/projet/dags/callbacks.py
[2026-08-27T16:36:28.538+0000] {processor.py:208} INFO - Processing /opt/airflow/projet/dags/callbacks.py took 0.031 seconds
[2026-08-27T16:36:58.917+0000] {processor.py:186} INFO - Started process (PID=1762) to work on /opt/airflow/projet/dags/callbacks.py
[2026-08-27T16:36:58.917+0000] {processor.py:914} INFO - Processing file /opt/airflow/projet/dags/callbacks.py for tasks to queue
[2026-08-27T16:36:58.921+0000] {logging_mixin.py:190} INFO - [2026-08-27T16:36:58.920+0000] {dagbag.py:588} INFO - Filling up the DagBag from /opt/airflow/projet/dags/callbacks.py
[2026-08-27T16:36:58.927+0000] {processor.py:927} WARNING - No viable dags retrieved from /opt/airflow/projet/dags/callbacks.py
[2026-08-27T16:36:58.940+0000] {processor.py:208} INFO - Processing /opt/airflow/projet/dags/callbacks.py took 0.028 seconds
[2026-08-27T16:37:29.350+0000] {processor.py:186} INFO - Started process (PID=1781) to work on /opt/airflow/projet/dags/callbacks.py
[2026-08-27T16:37:29.351+0000] {processor.py:914} INFO - Processing file /opt/airflow/projet/dags/callbacks.py for tasks to queue
[2026-08-27T16:37:29.353+0000] {logging_mixin.py:190} INFO - [2026-08-27T16:37:29.353+0000] {dagbag.py:588} INFO - Filling up the DagBag from /opt/airflow/projet/dags/callbacks.py
[2026-08-27T16:37:29.358+0000] {processor.py:927} WARNING - No viable dags retrieved from /opt/airflow/projet/dags/callbacks.py
[2026-08-27T16:37:29.378+0000] {processor.py:208} INFO - Processing /opt/airflow/projet/dags/callbacks.py took 0.034 seconds
[2026-08-27T16:37:59.795+0000] {processor.py:186} INFO - Started process (PID=1800) to work on /opt/airflow/projet/dags/callbacks.py
[2026-08-27T16:37:59.796+0000] {processor.py:914} INFO - Processing file /opt/airflow/projet/dags/callbacks.py for tasks to queue
[2026-08-27T16:37:59.800+0000] {logging_mixin.py:190} INFO - [2026-08-27T16:37:59.799+0000] {dagbag.py:588} INFO - Filling up the DagBag from /opt/airflow/projet/dags/callbacks.py
[2026-08-27T16:37:59.806+0000] {processor.py:927} WARNING - No viable dags retrieved from /opt/airflow/projet/dags/callbacks.py
[2026-08-27T16:37:59.825+0000] {processor.py:208} INFO - Processing /opt/airflow/projet/dags/callbacks.py took 0.037 seconds
[2026-08-27T16:38:30.220+0000] {processor.py:186} INFO - Started process (PID=1819) to work on /opt/airflow/projet/dags/callbacks.py
[2026-08-27T16:38:30.221+0000] {processor.py:914} INFO - Processing file /opt/airflow/projet/dags/callbacks.py for tasks to queue
[2026-08-27T16:38:30.225+0000] {logging_mixin.py:190} INFO - [2026-08-27T16:38:30.224+0000] {dagbag.py:588} INFO - Filling up the DagBag from /opt/airflow/projet/dags/callbacks.py
[2026-08-27T16:38:30.231+0000] {processor.py:927} WARNING - No viable dags retrieved from /opt/airflow/projet/dags/callbacks.py
[2026-08-27T16:38:30.250+0000] {processor.py:208} INFO - Processing /opt/airflow/projet/dags/callbacks.py took 0.036 seconds
[2026-08-27T16:39:00.604+0000] {processor.py:186} INFO - Started process (PID=1838) to work on /opt/airflow/projet/dags/callbacks.py
[2026-08-27T16:39:00.606+0000] {processor.py:914} INFO - Processing file /opt/airflow/projet/dags/callbacks.py for tasks to queue
[2026-08-27T16:39:00.609+0000] {logging_mixin.py:190} INFO - [2026-08-27T16:39:00.609+0000] {dagbag.py:588} INFO - Filling up the DagBag from /opt/airflow/projet/dags/callbacks.py
[2026-08-27T16:39:00.616+0000] {processor.py:927} WARNING - No viable dags retrieved from /opt/airflow/projet/dags/callbacks.py
[2026-08-27T16:39:00.639+0000] {processor.py:208} INFO - Processing /opt/airflow/projet/dags/callbacks.py took 0.044 seconds
[2026-08-27T16:39:31.077+0000] {processor.py:186} INFO - Started process (PID=1857) to work on /opt/airflow/projet/dags/callbacks.py
[2026-08-27T16:39:31.079+0000] {processor.py:914} INFO - Processing file /opt/airflow/projet/dags/callbacks.py for tasks to queue
[2026-08-27T16:39:31.082+0000] {logging_mixin.py:190} INFO - [2026-08-27T16:39:31.082+0000] {dagbag.py:588} INFO - Filling up the DagBag from /opt/airflow/projet/dags/callbacks.py
[2026-08-27T16:39:31.090+0000] {processor.py:927} WARNING - No viable dags retrieved from /opt/airflow/projet/dags/callbacks.py
[2026-08-27T16:39:31.120+0000] {processor.py:208} INFO - Processing /opt/airflow/projet/dags/callbacks.py took 0.052 seconds
[2026-08-27T16:44:40.127+0000] {processor.py:186} INFO - Started process (PID=1867) to work on /opt/airflow/projet/dags/callbacks.py
[2026-08-27T16:44:40.128+0000] {processor.py:914} INFO - Processing file /opt/airflow/projet/dags/callbacks.py for tasks to queue
[2026-08-27T16:44:40.130+0000] {logging_mixin.py:190} INFO - [2026-08-27T16:44:40.130+0000] {dagbag.py:588} INFO - Filling up the DagBag from /opt/airflow/projet/dags/callbacks.py
[2026-08-27T16:44:40.142+0000] {processor.py:927} WARNING - No viable dags retrieved from /opt/airflow/projet/dags/callbacks.py
[2026-08-27T16:44:40.174+0000] {processor.py:208} INFO - Processing /opt/airflow/projet/dags/callbacks.py took 0.061 seconds
[2026-08-27T16:45:10.676+0000] {processor.py:186} INFO - Started process (PID=1886) to work on /opt/airflow/projet/dags/callbacks.py
[2026-08-27T16:45:10.678+0000] {processor.py:914} INFO - Processing file /opt/airflow/projet/dags/callbacks.py for tasks to queue
[2026-08-27T16:45:10.680+0000] {logging_mixin.py:190} INFO - [2026-08-27T16:45:10.680+0000] {dagbag.py:588} INFO - Filling up the DagBag from /opt/airflow/projet/dags/callbacks.py
[2026-08-27T16:45:10.686+0000] {processor.py:927} WARNING - No viable dags retrieved from /opt/airflow/projet/dags/callbacks.py
[2026-08-27T16:45:10.700+0000] {processor.py:208} INFO - Processing /opt/airflow/projet/dags/callbacks.py took 0.029 seconds
[2026-08-27T16:56:23.886+0000] {processor.py:186} INFO - Started process (PID=1905) to work on /opt/airflow/projet/dags/callbacks.py
[2026-08-27T16:56:23.887+0000] {processor.py:914} INFO - Processing file /opt/airflow/projet/dags/callbacks.py for tasks to queue
[2026-08-27T16:56:23.890+0000] {logging_mixin.py:190} INFO - [2026-08-27T16:56:23.890+0000] {dagbag.py:588} INFO - Filling up the DagBag from /opt/airflow/projet/dags/callbacks.py
[2026-08-27T16:56:23.895+0000] {processor.py:927} WARNING - No viable dags retrieved from /opt/airflow/projet/dags/callbacks.py
[2026-08-27T16:56:23.912+0000] {processor.py:208} INFO - Processing /opt/airflow/projet/dags/callbacks.py took 0.032 seconds
[2026-08-27T16:56:54.290+0000] {processor.py:186} INFO - Started process (PID=1924) to work on /opt/airflow/projet/dags/callbacks.py
[2026-08-27T16:56:54.290+0000] {processor.py:914} INFO - Processing file /opt/airflow/projet/dags/callbacks.py for tasks to queue
[2026-08-27T16:56:54.293+0000] {logging_mixin.py:190} INFO - [2026-08-27T16:56:54.292+0000] {dagbag.py:588} INFO - Filling up the DagBag from /opt/airflow/projet/dags/callbacks.py
[2026-08-27T16:56:54.298+0000] {processor.py:927} WARNING - No viable dags retrieved from /opt/airflow/projet/dags/callbacks.py
[2026-08-27T16:56:54.313+0000] {processor.py:208} INFO - Processing /opt/airflow/projet/dags/callbacks.py took 0.027 seconds
[2026-08-27T16:57:24.703+0000] {processor.py:186} INFO - Started process (PID=1943) to work on /opt/airflow/projet/dags/callbacks.py
[2026-08-27T16:57:24.704+0000] {processor.py:914} INFO - Processing file /opt/airflow/projet/dags/callbacks.py for tasks to queue
[2026-08-27T16:57:24.705+0000] {logging_mixin.py:190} INFO - [2026-08-27T16:57:24.705+0000] {dagbag.py:588} INFO - Filling up the DagBag from /opt/airflow/projet/dags/callbacks.py
[2026-08-27T16:57:24.717+0000] {processor.py:927} WARNING - No viable dags retrieved from /opt/airflow/projet/dags/callbacks.py
[2026-08-27T16:57:24.728+0000] {processor.py:208} INFO - Processing /opt/airflow/projet/dags/callbacks.py took 0.029 seconds
[2026-08-27T16:57:55.114+0000] {processor.py:186} INFO - Started process (PID=1962) to work on /opt/airflow/projet/dags/callbacks.py
[2026-08-27T16:57:55.115+0000] {processor.py:914} INFO - Processing file /opt/airflow/projet/dags/callbacks.py for tasks to queue
[2026-08-27T16:57:55.116+0000] {logging_mixin.py:190} INFO - [2026-08-27T16:57:55.116+0000] {dagbag.py:588} INFO - Filling up the DagBag from /opt/airflow/projet/dags/callbacks.py
[2026-08-27T16:57:55.124+0000] {processor.py:927} WARNING - No viable dags retrieved from /opt/airflow/projet/dags/callbacks.py
[2026-08-27T16:57:55.136+0000] {processor.py:208} INFO - Processing /opt/airflow/projet/dags/callbacks.py took 0.027 seconds
[2026-08-27T16:58:25.501+0000] {processor.py:186} INFO - Started process (PID=1981) to work on /opt/airflow/projet/dags/callbacks.py
[2026-08-27T16:58:25.502+0000] {processor.py:914} INFO - Processing file /opt/airflow/projet/dags/callbacks.py for tasks to queue
[2026-08-27T16:58:25.506+0000] {logging_mixin.py:190} INFO - [2026-08-27T16:58:25.506+0000] {dagbag.py:588} INFO - Filling up the DagBag from /opt/airflow/projet/dags/callbacks.py
[2026-08-27T16:58:25.511+0000] {processor.py:927} WARNING - No viable dags retrieved from /opt/airflow/projet/dags/callbacks.py
[2026-08-27T16:58:25.539+0000] {processor.py:208} INFO - Processing /opt/airflow/projet/dags/callbacks.py took 0.050 seconds
[2026-08-27T16:58:55.924+0000] {processor.py:186} INFO - Started process (PID=2000) to work on /opt/airflow/projet/dags/callbacks.py
[2026-08-27T16:58:55.926+0000] {processor.py:914} INFO - Processing file /opt/airflow/projet/dags/callbacks.py for tasks to queue
[2026-08-27T16:58:55.928+0000] {logging_mixin.py:190} INFO - [2026-08-27T16:58:55.928+0000] {dagbag.py:588} INFO - Filling up the DagBag from /opt/airflow/projet/dags/callbacks.py
[2026-08-27T16:58:55.934+0000] {processor.py:927} WARNING - No viable dags retrieved from /opt/airflow/projet/dags/callbacks.py
[2026-08-27T16:58:55.951+0000] {processor.py:208} INFO - Processing /opt/airflow/projet/dags/callbacks.py took 0.032 seconds
[2026-08-27T16:59:26.370+0000] {processor.py:186} INFO - Started process (PID=2019) to work on /opt/airflow/projet/dags/callbacks.py
[2026-08-27T16:59:26.372+0000] {processor.py:914} INFO - Processing file /opt/airflow/projet/dags/callbacks.py for tasks to queue
[2026-08-27T16:59:26.375+0000] {logging_mixin.py:190} INFO - [2026-08-27T16:59:26.374+0000] {dagbag.py:588} INFO - Filling up the DagBag from /opt/airflow/projet/dags/callbacks.py
[2026-08-27T16:59:26.380+0000] {processor.py:927} WARNING - No viable dags retrieved from /opt/airflow/projet/dags/callbacks.py
[2026-08-27T16:59:26.401+0000] {processor.py:208} INFO - Processing /opt/airflow/projet/dags/callbacks.py took 0.038 seconds
[2026-08-27T16:59:56.767+0000] {processor.py:186} INFO - Started process (PID=2038) to work on /opt/airflow/projet/dags/callbacks.py
[2026-08-27T16:59:56.768+0000] {processor.py:914} INFO - Processing file /opt/airflow/projet/dags/callbacks.py for tasks to queue
[2026-08-27T16:59:56.770+0000] {logging_mixin.py:190} INFO - [2026-08-27T16:59:56.770+0000] {dagbag.py:588} INFO - Filling up the DagBag from /opt/airflow/projet/dags/callbacks.py
[2026-08-27T16:59:56.777+0000] {processor.py:927} WARNING - No viable dags retrieved from /opt/airflow/projet/dags/callbacks.py
[2026-08-27T16:59:56.790+0000] {processor.py:208} INFO - Processing /opt/airflow/projet/dags/callbacks.py took 0.028 seconds
[2026-08-27T17:00:27.131+0000] {processor.py:186} INFO - Started process (PID=2057) to work on /opt/airflow/projet/dags/callbacks.py
[2026-08-27T17:00:27.133+0000] {processor.py:914} INFO - Processing file /opt/airflow/projet/dags/callbacks.py for tasks to queue
[2026-08-27T17:00:27.135+0000] {logging_mixin.py:190} INFO - [2026-08-27T17:00:27.135+0000] {dagbag.py:588} INFO - Filling up the DagBag from /opt/airflow/projet/dags/callbacks.py
[2026-08-27T17:00:27.143+0000] {processor.py:927} WARNING - No viable dags retrieved from /opt/airflow/projet/dags/callbacks.py
[2026-08-27T17:00:27.155+0000] {processor.py:208} INFO - Processing /opt/airflow/projet/dags/callbacks.py took 0.029 seconds
[2026-08-27T17:00:57.571+0000] {processor.py:186} INFO - Started process (PID=2075) to work on /opt/airflow/projet/dags/callbacks.py
[2026-08-27T17:00:57.572+0000] {processor.py:914} INFO - Processing file /opt/airflow/projet/dags/callbacks.py for tasks to queue
[2026-08-27T17:00:57.574+0000] {logging_mixin.py:190} INFO - [2026-08-27T17:00:57.574+0000] {dagbag.py:588} INFO - Filling up the DagBag from /opt/airflow/projet/dags/callbacks.py
[2026-08-27T17:00:57.577+0000] {processor.py:927} WARNING - No viable dags retrieved from /opt/airflow/projet/dags/callbacks.py
[2026-08-27T17:00:57.594+0000] {processor.py:208} INFO - Processing /opt/airflow/projet/dags/callbacks.py took 0.026 seconds
[2026-08-27T17:01:27.998+0000] {processor.py:186} INFO - Started process (PID=2086) to work on /opt/airflow/projet/dags/callbacks.py
[2026-08-27T17:01:27.999+0000] {processor.py:914} INFO - Processing file /opt/airflow/projet/dags/callbacks.py for tasks to queue
[2026-08-27T17:01:28.002+0000] {logging_mixin.py:190} INFO - [2026-08-27T17:01:28.002+0000] {dagbag.py:588} INFO - Filling up the DagBag from /opt/airflow/projet/dags/callbacks.py
[2026-08-27T17:01:28.013+0000] {processor.py:927} WARNING - No viable dags retrieved from /opt/airflow/projet/dags/callbacks.py
[2026-08-27T17:01:28.024+0000] {processor.py:208} INFO - Processing /opt/airflow/projet/dags/callbacks.py took 0.030 seconds
[2026-08-27T17:01:58.459+0000] {processor.py:186} INFO - Started process (PID=2105) to work on /opt/airflow/projet/dags/callbacks.py
[2026-08-27T17:01:58.460+0000] {processor.py:914} INFO - Processing file /opt/airflow/projet/dags/callbacks.py for tasks to queue
[2026-08-27T17:01:58.462+0000] {logging_mixin.py:190} INFO - [2026-08-27T17:01:58.461+0000] {dagbag.py:588} INFO - Filling up the DagBag from /opt/airflow/projet/dags/callbacks.py
[2026-08-27T17:01:58.469+0000] {processor.py:927} WARNING - No viable dags retrieved from /opt/airflow/projet/dags/callbacks.py
[2026-08-27T17:01:58.482+0000] {processor.py:208} INFO - Processing /opt/airflow/projet/dags/callbacks.py took 0.029 seconds
[2026-08-27T17:02:28.889+0000] {processor.py:186} INFO - Started process (PID=2124) to work on /opt/airflow/projet/dags/callbacks.py
[2026-08-27T17:02:28.891+0000] {processor.py:914} INFO - Processing file /opt/airflow/projet/dags/callbacks.py for tasks to queue
[2026-08-27T17:02:28.892+0000] {logging_mixin.py:190} INFO - [2026-08-27T17:02:28.892+0000] {dagbag.py:588} INFO - Filling up the DagBag from /opt/airflow/projet/dags/callbacks.py
[2026-08-27T17:02:28.895+0000] {processor.py:927} WARNING - No viable dags retrieved from /opt/airflow/projet/dags/callbacks.py
[2026-08-27T17:02:28.912+0000] {processor.py:208} INFO - Processing /opt/airflow/projet/dags/callbacks.py took 0.027 seconds
[2026-08-27T17:02:59.368+0000] {processor.py:186} INFO - Started process (PID=2143) to work on /opt/airflow/projet/dags/callbacks.py
[2026-08-27T17:02:59.369+0000] {processor.py:914} INFO - Processing file /opt/airflow/projet/dags/callbacks.py for tasks to queue
[2026-08-27T17:02:59.372+0000] {logging_mixin.py:190} INFO - [2026-08-27T17:02:59.372+0000] {dagbag.py:588} INFO - Filling up the DagBag from /opt/airflow/projet/dags/callbacks.py
[2026-08-27T17:02:59.379+0000] {processor.py:927} WARNING - No viable dags retrieved from /opt/airflow/projet/dags/callbacks.py
[2026-08-27T17:02:59.391+0000] {processor.py:208} INFO - Processing /opt/airflow/projet/dags/callbacks.py took 0.027 seconds
[2026-08-27T17:03:29.895+0000] {processor.py:186} INFO - Started process (PID=2162) to work on /opt/airflow/projet/dags/callbacks.py
[2026-08-27T17:03:29.896+0000] {processor.py:914} INFO - Processing file /opt/airflow/projet/dags/callbacks.py for tasks to queue
[2026-08-27T17:03:29.899+0000] {logging_mixin.py:190} INFO - [2026-08-27T17:03:29.899+0000] {dagbag.py:588} INFO - Filling up the DagBag from /opt/airflow/projet/dags/callbacks.py
[2026-08-27T17:03:29.907+0000] {processor.py:927} WARNING - No viable dags retrieved from /opt/airflow/projet/dags/callbacks.py
[2026-08-27T17:03:29.922+0000] {processor.py:208} INFO - Processing /opt/airflow/projet/dags/callbacks.py took 0.033 seconds
[2026-08-27T17:04:00.296+0000] {processor.py:186} INFO - Started process (PID=2181) to work on /opt/airflow/projet/dags/callbacks.py
[2026-08-27T17:04:00.297+0000] {processor.py:914} INFO - Processing file /opt/airflow/projet/dags/callbacks.py for tasks to queue
[2026-08-27T17:04:00.299+0000] {logging_mixin.py:190} INFO - [2026-08-27T17:04:00.299+0000] {dagbag.py:588} INFO - Filling up the DagBag from /opt/airflow/projet/dags/callbacks.py
[2026-08-27T17:04:00.305+0000] {processor.py:927} WARNING - No viable dags retrieved from /opt/airflow/projet/dags/callbacks.py
[2026-08-27T17:04:00.315+0000] {processor.py:208} INFO - Processing /opt/airflow/projet/dags/callbacks.py took 0.025 seconds
[2026-08-27T17:04:30.706+0000] {processor.py:186} INFO - Started process (PID=2200) to work on /opt/airflow/projet/dags/callbacks.py
[2026-08-27T17:04:30.706+0000] {processor.py:914} INFO - Processing file /opt/airflow/projet/dags/callbacks.py for tasks to queue
[2026-08-27T17:04:30.708+0000] {logging_mixin.py:190} INFO - [2026-08-27T17:04:30.708+0000] {dagbag.py:588} INFO - Filling up the DagBag from /opt/airflow/projet/dags/callbacks.py
[2026-08-27T17:04:30.713+0000] {processor.py:927} WARNING - No viable dags retrieved from /opt/airflow/projet/dags/callbacks.py
[2026-08-27T17:04:30.730+0000] {processor.py:208} INFO - Processing /opt/airflow/projet/dags/callbacks.py took 0.029 seconds
[2026-08-27T17:05:01.123+0000] {processor.py:186} INFO - Started process (PID=2219) to work on /opt/airflow/projet/dags/callbacks.py
[2026-08-27T17:05:01.124+0000] {processor.py:914} INFO - Processing file /opt/airflow/projet/dags/callbacks.py for tasks to queue
[2026-08-27T17:05:01.125+0000] {logging_mixin.py:190} INFO - [2026-08-27T17:05:01.125+0000] {dagbag.py:588} INFO - Filling up the DagBag from /opt/airflow/projet/dags/callbacks.py
[2026-08-27T17:05:01.133+0000] {processor.py:927} WARNING - No viable dags retrieved from /opt/airflow/projet/dags/callbacks.py
[2026-08-27T17:05:01.145+0000] {processor.py:208} INFO - Processing /opt/airflow/projet/dags/callbacks.py took 0.027 seconds
[2026-08-27T17:05:31.478+0000] {processor.py:186} INFO - Started process (PID=2238) to work on /opt/airflow/projet/dags/callbacks.py
[2026-08-27T17:05:31.481+0000] {processor.py:914} INFO - Processing file /opt/airflow/projet/dags/callbacks.py for tasks to queue
[2026-08-27T17:05:31.483+0000] {logging_mixin.py:190} INFO - [2026-08-27T17:05:31.483+0000] {dagbag.py:588} INFO - Filling up the DagBag from /opt/airflow/projet/dags/callbacks.py
[2026-08-27T17:05:31.488+0000] {processor.py:927} WARNING - No viable dags retrieved from /opt/airflow/projet/dags/callbacks.py
[2026-08-27T17:05:31.510+0000] {processor.py:208} INFO - Processing /opt/airflow/projet/dags/callbacks.py took 0.037 seconds
[2026-08-27T17:06:01.912+0000] {processor.py:186} INFO - Started process (PID=2257) to work on /opt/airflow/projet/dags/callbacks.py
[2026-08-27T17:06:01.913+0000] {processor.py:914} INFO - Processing file /opt/airflow/projet/dags/callbacks.py for tasks to queue
[2026-08-27T17:06:01.916+0000] {logging_mixin.py:190} INFO - [2026-08-27T17:06:01.915+0000] {dagbag.py:588} INFO - Filling up the DagBag from /opt/airflow/projet/dags/callbacks.py
[2026-08-27T17:06:01.926+0000] {processor.py:927} WARNING - No viable dags retrieved from /opt/airflow/projet/dags/callbacks.py
[2026-08-27T17:06:01.939+0000] {processor.py:208} INFO - Processing /opt/airflow/projet/dags/callbacks.py took 0.033 seconds
[2026-08-27T17:06:32.358+0000] {processor.py:186} INFO - Started process (PID=2276) to work on /opt/airflow/projet/dags/callbacks.py
[2026-08-27T17:06:32.358+0000] {processor.py:914} INFO - Processing file /opt/airflow/projet/dags/callbacks.py for tasks to queue
[2026-08-27T17:06:32.360+0000] {logging_mixin.py:190} INFO - [2026-08-27T17:06:32.360+0000] {dagbag.py:588} INFO - Filling up the DagBag from /opt/airflow/projet/dags/callbacks.py
[2026-08-27T17:06:32.364+0000] {processor.py:927} WARNING - No viable dags retrieved from /opt/airflow/projet/dags/callbacks.py
[2026-08-27T17:06:32.379+0000] {processor.py:208} INFO - Processing /opt/airflow/projet/dags/callbacks.py took 0.025 seconds
[2026-08-27T17:07:02.778+0000] {processor.py:186} INFO - Started process (PID=2295) to work on /opt/airflow/projet/dags/callbacks.py
[2026-08-27T17:07:02.779+0000] {processor.py:914} INFO - Processing file /opt/airflow/projet/dags/callbacks.py for tasks to queue
[2026-08-27T17:07:02.781+0000] {logging_mixin.py:190} INFO - [2026-08-27T17:07:02.781+0000] {dagbag.py:588} INFO - Filling up the DagBag from /opt/airflow/projet/dags/callbacks.py
[2026-08-27T17:07:02.791+0000] {processor.py:927} WARNING - No viable dags retrieved from /opt/airflow/projet/dags/callbacks.py
[2026-08-27T17:07:02.804+0000] {processor.py:208} INFO - Processing /opt/airflow/projet/dags/callbacks.py took 0.032 seconds
[2026-08-27T17:07:33.189+0000] {processor.py:186} INFO - Started process (PID=2314) to work on /opt/airflow/projet/dags/callbacks.py
[2026-08-27T17:07:33.191+0000] {processor.py:914} INFO - Processing file /opt/airflow/projet/dags/callbacks.py for tasks to queue
[2026-08-27T17:07:33.193+0000] {logging_mixin.py:190} INFO - [2026-08-27T17:07:33.193+0000] {dagbag.py:588} INFO - Filling up the DagBag from /opt/airflow/projet/dags/callbacks.py
[2026-08-27T17:07:33.199+0000] {processor.py:927} WARNING - No viable dags retrieved from /opt/airflow/projet/dags/callbacks.py
[2026-08-27T17:07:33.219+0000] {processor.py:208} INFO - Processing /opt/airflow/projet/dags/callbacks.py took 0.036 seconds
[2026-08-27T17:08:03.582+0000] {processor.py:186} INFO - Started process (PID=2333) to work on /opt/airflow/projet/dags/callbacks.py
[2026-08-27T17:08:03.582+0000] {processor.py:914} INFO - Processing file /opt/airflow/projet/dags/callbacks.py for tasks to queue
[2026-08-27T17:08:03.584+0000] {logging_mixin.py:190} INFO - [2026-08-27T17:08:03.584+0000] {dagbag.py:588} INFO - Filling up the DagBag from /opt/airflow/projet/dags/callbacks.py
[2026-08-27T17:08:03.589+0000] {processor.py:927} WARNING - No viable dags retrieved from /opt/airflow/projet/dags/callbacks.py
[2026-08-27T17:08:03.606+0000] {processor.py:208} INFO - Processing /opt/airflow/projet/dags/callbacks.py took 0.028 seconds
[2026-08-27T17:08:33.990+0000] {processor.py:186} INFO - Started process (PID=2352) to work on /opt/airflow/projet/dags/callbacks.py
[2026-08-27T17:08:33.991+0000] {processor.py:914} INFO - Processing file /opt/airflow/projet/dags/callbacks.py for tasks to queue
[2026-08-27T17:08:33.994+0000] {logging_mixin.py:190} INFO - [2026-08-27T17:08:33.994+0000] {dagbag.py:588} INFO - Filling up the DagBag from /opt/airflow/projet/dags/callbacks.py
[2026-08-27T17:08:34.002+0000] {processor.py:927} WARNING - No viable dags retrieved from /opt/airflow/projet/dags/callbacks.py
[2026-08-27T17:08:34.016+0000] {processor.py:208} INFO - Processing /opt/airflow/projet/dags/callbacks.py took 0.031 seconds
[2026-08-27T17:09:04.383+0000] {processor.py:186} INFO - Started process (PID=2370) to work on /opt/airflow/projet/dags/callbacks.py
[2026-08-27T17:09:04.383+0000] {processor.py:914} INFO - Processing file /opt/airflow/projet/dags/callbacks.py for tasks to queue
[2026-08-27T17:09:04.384+0000] {logging_mixin.py:190} INFO - [2026-08-27T17:09:04.384+0000] {dagbag.py:588} INFO - Filling up the DagBag from /opt/airflow/projet/dags/callbacks.py
[2026-08-27T17:09:04.387+0000] {processor.py:927} WARNING - No viable dags retrieved from /opt/airflow/projet/dags/callbacks.py
[2026-08-27T17:09:04.402+0000] {processor.py:208} INFO - Processing /opt/airflow/projet/dags/callbacks.py took 0.022 seconds
[2026-08-27T17:09:34.836+0000] {processor.py:186} INFO - Started process (PID=2389) to work on /opt/airflow/projet/dags/callbacks.py
[2026-08-27T17:09:34.836+0000] {processor.py:914} INFO - Processing file /opt/airflow/projet/dags/callbacks.py for tasks to queue
[2026-08-27T17:09:34.838+0000] {logging_mixin.py:190} INFO - [2026-08-27T17:09:34.838+0000] {dagbag.py:588} INFO - Filling up the DagBag from /opt/airflow/projet/dags/callbacks.py
[2026-08-27T17:09:34.846+0000] {processor.py:927} WARNING - No viable dags retrieved from /opt/airflow/projet/dags/callbacks.py
[2026-08-27T17:09:34.858+0000] {processor.py:208} INFO - Processing /opt/airflow/projet/dags/callbacks.py took 0.027 seconds
[2026-08-27T17:10:05.269+0000] {processor.py:186} INFO - Started process (PID=2400) to work on /opt/airflow/projet/dags/callbacks.py
[2026-08-27T17:10:05.270+0000] {processor.py:914} INFO - Processing file /opt/airflow/projet/dags/callbacks.py for tasks to queue
[2026-08-27T17:10:05.274+0000] {logging_mixin.py:190} INFO - [2026-08-27T17:10:05.274+0000] {dagbag.py:588} INFO - Filling up the DagBag from /opt/airflow/projet/dags/callbacks.py
[2026-08-27T17:10:05.282+0000] {processor.py:927} WARNING - No viable dags retrieved from /opt/airflow/projet/dags/callbacks.py
[2026-08-27T17:10:05.294+0000] {processor.py:208} INFO - Processing /opt/airflow/projet/dags/callbacks.py took 0.030 seconds
[2026-08-27T17:10:35.658+0000] {processor.py:186} INFO - Started process (PID=2419) to work on /opt/airflow/projet/dags/callbacks.py
[2026-08-27T17:10:35.659+0000] {processor.py:914} INFO - Processing file /opt/airflow/projet/dags/callbacks.py for tasks to queue
[2026-08-27T17:10:35.661+0000] {logging_mixin.py:190} INFO - [2026-08-27T17:10:35.661+0000] {dagbag.py:588} INFO - Filling up the DagBag from /opt/airflow/projet/dags/callbacks.py
[2026-08-27T17:10:35.672+0000] {processor.py:927} WARNING - No viable dags retrieved from /opt/airflow/projet/dags/callbacks.py
[2026-08-27T17:10:35.686+0000] {processor.py:208} INFO - Processing /opt/airflow/projet/dags/callbacks.py took 0.034 seconds
[2026-08-27T17:11:06.079+0000] {processor.py:186} INFO - Started process (PID=2438) to work on /opt/airflow/projet/dags/callbacks.py
[2026-08-27T17:11:06.081+0000] {processor.py:914} INFO - Processing file /opt/airflow/projet/dags/callbacks.py for tasks to queue
[2026-08-27T17:11:06.082+0000] {logging_mixin.py:190} INFO - [2026-08-27T17:11:06.082+0000] {dagbag.py:588} INFO - Filling up the DagBag from /opt/airflow/projet/dags/callbacks.py
[2026-08-27T17:11:06.092+0000] {processor.py:927} WARNING - No viable dags retrieved from /opt/airflow/projet/dags/callbacks.py
[2026-08-27T17:11:06.105+0000] {processor.py:208} INFO - Processing /opt/airflow/projet/dags/callbacks.py took 0.031 seconds
[2026-08-27T17:11:36.483+0000] {processor.py:186} INFO - Started process (PID=2457) to work on /opt/airflow/projet/dags/callbacks.py
[2026-08-27T17:11:36.483+0000] {processor.py:914} INFO - Processing file /opt/airflow/projet/dags/callbacks.py for tasks to queue
[2026-08-27T17:11:36.487+0000] {logging_mixin.py:190} INFO - [2026-08-27T17:11:36.487+0000] {dagbag.py:588} INFO - Filling up the DagBag from /opt/airflow/projet/dags/callbacks.py
[2026-08-27T17:11:36.496+0000] {processor.py:927} WARNING - No viable dags retrieved from /opt/airflow/projet/dags/callbacks.py
[2026-08-27T17:11:36.507+0000] {processor.py:208} INFO - Processing /opt/airflow/projet/dags/callbacks.py took 0.030 seconds
[2026-08-27T17:12:06.947+0000] {processor.py:186} INFO - Started process (PID=2476) to work on /opt/airflow/projet/dags/callbacks.py
[2026-08-27T17:12:06.948+0000] {processor.py:914} INFO - Processing file /opt/airflow/projet/dags/callbacks.py for tasks to queue
[2026-08-27T17:12:06.951+0000] {logging_mixin.py:190} INFO - [2026-08-27T17:12:06.951+0000] {dagbag.py:588} INFO - Filling up the DagBag from /opt/airflow/projet/dags/callbacks.py
[2026-08-27T17:12:06.962+0000] {processor.py:927} WARNING - No viable dags retrieved from /opt/airflow/projet/dags/callbacks.py
[2026-08-27T17:12:06.975+0000] {processor.py:208} INFO - Processing /opt/airflow/projet/dags/callbacks.py took 0.034 seconds
[2026-08-27T17:12:37.814+0000] {processor.py:186} INFO - Started process (PID=2495) to work on /opt/airflow/projet/dags/callbacks.py
[2026-08-27T17:12:37.815+0000] {processor.py:914} INFO - Processing file /opt/airflow/projet/dags/callbacks.py for tasks to queue
[2026-08-27T17:12:37.817+0000] {logging_mixin.py:190} INFO - [2026-08-27T17:12:37.817+0000] {dagbag.py:588} INFO - Filling up the DagBag from /opt/airflow/projet/dags/callbacks.py
[2026-08-27T17:12:37.822+0000] {processor.py:927} WARNING - No viable dags retrieved from /opt/airflow/projet/dags/callbacks.py
[2026-08-27T17:12:37.835+0000] {processor.py:208} INFO - Processing /opt/airflow/projet/dags/callbacks.py took 0.028 seconds
[2026-08-27T17:13:08.149+0000] {processor.py:186} INFO - Started process (PID=2514) to work on /opt/airflow/projet/dags/callbacks.py
[2026-08-27T17:13:08.149+0000] {processor.py:914} INFO - Processing file /opt/airflow/projet/dags/callbacks.py for tasks to queue
[2026-08-27T17:13:08.151+0000] {logging_mixin.py:190} INFO - [2026-08-27T17:13:08.151+0000] {dagbag.py:588} INFO - Filling up the DagBag from /opt/airflow/projet/dags/callbacks.py
[2026-08-27T17:13:08.158+0000] {processor.py:927} WARNING - No viable dags retrieved from /opt/airflow/projet/dags/callbacks.py
[2026-08-27T17:13:08.170+0000] {processor.py:208} INFO - Processing /opt/airflow/projet/dags/callbacks.py took 0.026 seconds
[2026-08-27T17:13:38.530+0000] {processor.py:186} INFO - Started process (PID=2533) to work on /opt/airflow/projet/dags/callbacks.py
[2026-08-27T17:13:38.531+0000] {processor.py:914} INFO - Processing file /opt/airflow/projet/dags/callbacks.py for tasks to queue
[2026-08-27T17:13:38.535+0000] {logging_mixin.py:190} INFO - [2026-08-27T17:13:38.535+0000] {dagbag.py:588} INFO - Filling up the DagBag from /opt/airflow/projet/dags/callbacks.py
[2026-08-27T17:13:38.537+0000] {processor.py:927} WARNING - No viable dags retrieved from /opt/airflow/projet/dags/callbacks.py
[2026-08-27T17:13:38.549+0000] {processor.py:208} INFO - Processing /opt/airflow/projet/dags/callbacks.py took 0.025 seconds
[2026-08-27T17:14:08.954+0000] {processor.py:186} INFO - Started process (PID=2552) to work on /opt/airflow/projet/dags/callbacks.py
[2026-08-27T17:14:08.955+0000] {processor.py:914} INFO - Processing file /opt/airflow/projet/dags/callbacks.py for tasks to queue
[2026-08-27T17:14:08.957+0000] {logging_mixin.py:190} INFO - [2026-08-27T17:14:08.957+0000] {dagbag.py:588} INFO - Filling up the DagBag from /opt/airflow/projet/dags/callbacks.py
[2026-08-27T17:14:08.969+0000] {processor.py:927} WARNING - No viable dags retrieved from /opt/airflow/projet/dags/callbacks.py
[2026-08-27T17:14:08.982+0000] {processor.py:208} INFO - Processing /opt/airflow/projet/dags/callbacks.py took 0.033 seconds
[2026-08-27T17:14:39.386+0000] {processor.py:186} INFO - Started process (PID=2571) to work on /opt/airflow/projet/dags/callbacks.py
[2026-08-27T17:14:39.387+0000] {processor.py:914} INFO - Processing file /opt/airflow/projet/dags/callbacks.py for tasks to queue
[2026-08-27T17:14:39.388+0000] {logging_mixin.py:190} INFO - [2026-08-27T17:14:39.388+0000] {dagbag.py:588} INFO - Filling up the DagBag from /opt/airflow/projet/dags/callbacks.py
[2026-08-27T17:14:39.391+0000] {processor.py:927} WARNING - No viable dags retrieved from /opt/airflow/projet/dags/callbacks.py
[2026-08-27T17:14:39.408+0000] {processor.py:208} INFO - Processing /opt/airflow/projet/dags/callbacks.py took 0.026 seconds
[2026-08-27T17:15:09.881+0000] {processor.py:186} INFO - Started process (PID=2589) to work on /opt/airflow/projet/dags/callbacks.py
[2026-08-27T17:15:09.882+0000] {processor.py:914} INFO - Processing file /opt/airflow/projet/dags/callbacks.py for tasks to queue
[2026-08-27T17:15:09.883+0000] {logging_mixin.py:190} INFO - [2026-08-27T17:15:09.883+0000] {dagbag.py:588} INFO - Filling up the DagBag from /opt/airflow/projet/dags/callbacks.py
[2026-08-27T17:15:09.887+0000] {processor.py:927} WARNING - No viable dags retrieved from /opt/airflow/projet/dags/callbacks.py
[2026-08-27T17:15:09.902+0000] {processor.py:208} INFO - Processing /opt/airflow/projet/dags/callbacks.py took 0.025 seconds
[2026-08-27T17:15:40.351+0000] {processor.py:186} INFO - Started process (PID=2600) to work on /opt/airflow/projet/dags/callbacks.py
[2026-08-27T17:15:40.352+0000] {processor.py:914} INFO - Processing file /opt/airflow/projet/dags/callbacks.py for tasks to queue
[2026-08-27T17:15:40.353+0000] {logging_mixin.py:190} INFO - [2026-08-27T17:15:40.353+0000] {dagbag.py:588} INFO - Filling up the DagBag from /opt/airflow/projet/dags/callbacks.py
[2026-08-27T17:15:40.358+0000] {processor.py:927} WARNING - No viable dags retrieved from /opt/airflow/projet/dags/callbacks.py
[2026-08-27T17:15:40.371+0000] {processor.py:208} INFO - Processing /opt/airflow/projet/dags/callbacks.py took 0.025 seconds
[2026-08-27T17:16:10.821+0000] {processor.py:186} INFO - Started process (PID=2619) to work on /opt/airflow/projet/dags/callbacks.py
[2026-08-27T17:16:10.822+0000] {processor.py:914} INFO - Processing file /opt/airflow/projet/dags/callbacks.py for tasks to queue
[2026-08-27T17:16:10.823+0000] {logging_mixin.py:190} INFO - [2026-08-27T17:16:10.823+0000] {dagbag.py:588} INFO - Filling up the DagBag from /opt/airflow/projet/dags/callbacks.py
[2026-08-27T17:16:10.834+0000] {processor.py:927} WARNING - No viable dags retrieved from /opt/airflow/projet/dags/callbacks.py
[2026-08-27T17:16:10.847+0000] {processor.py:208} INFO - Processing /opt/airflow/projet/dags/callbacks.py took 0.032 seconds
[2026-08-27T17:16:41.381+0000] {processor.py:186} INFO - Started process (PID=2638) to work on /opt/airflow/projet/dags/callbacks.py
[2026-08-27T17:16:41.384+0000] {processor.py:914} INFO - Processing file /opt/airflow/projet/dags/callbacks.py for tasks to queue
[2026-08-27T17:16:41.386+0000] {logging_mixin.py:190} INFO - [2026-08-27T17:16:41.386+0000] {dagbag.py:588} INFO - Filling up the DagBag from /opt/airflow/projet/dags/callbacks.py
[2026-08-27T17:16:41.392+0000] {processor.py:927} WARNING - No viable dags retrieved from /opt/airflow/projet/dags/callbacks.py
[2026-08-27T17:16:41.411+0000] {processor.py:208} INFO - Processing /opt/airflow/projet/dags/callbacks.py took 0.037 seconds
[2026-08-27T17:17:11.790+0000] {processor.py:186} INFO - Started process (PID=2657) to work on /opt/airflow/projet/dags/callbacks.py
[2026-08-27T17:17:11.792+0000] {processor.py:914} INFO - Processing file /opt/airflow/projet/dags/callbacks.py for tasks to queue
[2026-08-27T17:17:11.793+0000] {logging_mixin.py:190} INFO - [2026-08-27T17:17:11.793+0000] {dagbag.py:588} INFO - Filling up the DagBag from /opt/airflow/projet/dags/callbacks.py
[2026-08-27T17:17:11.803+0000] {processor.py:927} WARNING - No viable dags retrieved from /opt/airflow/projet/dags/callbacks.py
[2026-08-27T17:17:11.816+0000] {processor.py:208} INFO - Processing /opt/airflow/projet/dags/callbacks.py took 0.032 seconds
[2026-08-27T17:17:42.227+0000] {processor.py:186} INFO - Started process (PID=2676) to work on /opt/airflow/projet/dags/callbacks.py
[2026-08-27T17:17:42.228+0000] {processor.py:914} INFO - Processing file /opt/airflow/projet/dags/callbacks.py for tasks to queue
[2026-08-27T17:17:42.230+0000] {logging_mixin.py:190} INFO - [2026-08-27T17:17:42.230+0000] {dagbag.py:588} INFO - Filling up the DagBag from /opt/airflow/projet/dags/callbacks.py
[2026-08-27T17:17:42.238+0000] {processor.py:927} WARNING - No viable dags retrieved from /opt/airflow/projet/dags/callbacks.py
[2026-08-27T17:17:42.250+0000] {processor.py:208} INFO - Processing /opt/airflow/projet/dags/callbacks.py took 0.029 seconds
[2026-08-27T17:18:12.646+0000] {processor.py:186} INFO - Started process (PID=2695) to work on /opt/airflow/projet/dags/callbacks.py
[2026-08-27T17:18:12.648+0000] {processor.py:914} INFO - Processing file /opt/airflow/projet/dags/callbacks.py for tasks to queue
[2026-08-27T17:18:12.650+0000] {logging_mixin.py:190} INFO - [2026-08-27T17:18:12.650+0000] {dagbag.py:588} INFO - Filling up the DagBag from /opt/airflow/projet/dags/callbacks.py
[2026-08-27T17:18:12.657+0000] {processor.py:927} WARNING - No viable dags retrieved from /opt/airflow/projet/dags/callbacks.py
[2026-08-27T17:18:12.674+0000] {processor.py:208} INFO - Processing /opt/airflow/projet/dags/callbacks.py took 0.033 seconds
[2026-08-27T17:18:43.019+0000] {processor.py:186} INFO - Started process (PID=2714) to work on /opt/airflow/projet/dags/callbacks.py
[2026-08-27T17:18:43.020+0000] {processor.py:914} INFO - Processing file /opt/airflow/projet/dags/callbacks.py for tasks to queue
[2026-08-27T17:18:43.021+0000] {logging_mixin.py:190} INFO - [2026-08-27T17:18:43.021+0000] {dagbag.py:588} INFO - Filling up the DagBag from /opt/airflow/projet/dags/callbacks.py
[2026-08-27T17:18:43.027+0000] {processor.py:927} WARNING - No viable dags retrieved from /opt/airflow/projet/dags/callbacks.py
[2026-08-27T17:18:43.037+0000] {processor.py:208} INFO - Processing /opt/airflow/projet/dags/callbacks.py took 0.023 seconds
[2026-08-27T17:19:13.425+0000] {processor.py:186} INFO - Started process (PID=2733) to work on /opt/airflow/projet/dags/callbacks.py
[2026-08-27T17:19:13.426+0000] {processor.py:914} INFO - Processing file /opt/airflow/projet/dags/callbacks.py for tasks to queue
[2026-08-27T17:19:13.428+0000] {logging_mixin.py:190} INFO - [2026-08-27T17:19:13.428+0000] {dagbag.py:588} INFO - Filling up the DagBag from /opt/airflow/projet/dags/callbacks.py
[2026-08-27T17:19:13.440+0000] {processor.py:927} WARNING - No viable dags retrieved from /opt/airflow/projet/dags/callbacks.py
[2026-08-27T17:19:13.454+0000] {processor.py:208} INFO - Processing /opt/airflow/projet/dags/callbacks.py took 0.034 seconds
[2026-08-27T17:19:43.838+0000] {processor.py:186} INFO - Started process (PID=2752) to work on /opt/airflow/projet/dags/callbacks.py
[2026-08-27T17:19:43.840+0000] {processor.py:914} INFO - Processing file /opt/airflow/projet/dags/callbacks.py for tasks to queue
[2026-08-27T17:19:43.842+0000] {logging_mixin.py:190} INFO - [2026-08-27T17:19:43.842+0000] {dagbag.py:588} INFO - Filling up the DagBag from /opt/airflow/projet/dags/callbacks.py
[2026-08-27T17:19:43.851+0000] {processor.py:927} WARNING - No viable dags retrieved from /opt/airflow/projet/dags/callbacks.py
[2026-08-27T17:19:43.865+0000] {processor.py:208} INFO - Processing /opt/airflow/projet/dags/callbacks.py took 0.032 seconds
[2026-08-27T17:20:14.204+0000] {processor.py:186} INFO - Started process (PID=2771) to work on /opt/airflow/projet/dags/callbacks.py
[2026-08-27T17:20:14.204+0000] {processor.py:914} INFO - Processing file /opt/airflow/projet/dags/callbacks.py for tasks to queue
[2026-08-27T17:20:14.205+0000] {logging_mixin.py:190} INFO - [2026-08-27T17:20:14.205+0000] {dagbag.py:588} INFO - Filling up the DagBag from /opt/airflow/projet/dags/callbacks.py
[2026-08-27T17:20:14.209+0000] {processor.py:927} WARNING - No viable dags retrieved from /opt/airflow/projet/dags/callbacks.py
[2026-08-27T17:20:14.221+0000] {processor.py:208} INFO - Processing /opt/airflow/projet/dags/callbacks.py took 0.020 seconds
[2026-08-27T17:20:44.622+0000] {processor.py:186} INFO - Started process (PID=2790) to work on /opt/airflow/projet/dags/callbacks.py
[2026-08-27T17:20:44.624+0000] {processor.py:914} INFO - Processing file /opt/airflow/projet/dags/callbacks.py for tasks to queue
[2026-08-27T17:20:44.625+0000] {logging_mixin.py:190} INFO - [2026-08-27T17:20:44.625+0000] {dagbag.py:588} INFO - Filling up the DagBag from /opt/airflow/projet/dags/callbacks.py
[2026-08-27T17:20:44.632+0000] {processor.py:927} WARNING - No viable dags retrieved from /opt/airflow/projet/dags/callbacks.py
[2026-08-27T17:20:44.647+0000] {processor.py:208} INFO - Processing /opt/airflow/projet/dags/callbacks.py took 0.030 seconds
[2026-08-27T17:21:15.071+0000] {processor.py:186} INFO - Started process (PID=2809) to work on /opt/airflow/projet/dags/callbacks.py
[2026-08-27T17:21:15.071+0000] {processor.py:914} INFO - Processing file /opt/airflow/projet/dags/callbacks.py for tasks to queue
[2026-08-27T17:21:15.073+0000] {logging_mixin.py:190} INFO - [2026-08-27T17:21:15.073+0000] {dagbag.py:588} INFO - Filling up the DagBag from /opt/airflow/projet/dags/callbacks.py
[2026-08-27T17:21:15.077+0000] {processor.py:927} WARNING - No viable dags retrieved from /opt/airflow/projet/dags/callbacks.py
[2026-08-27T17:21:15.088+0000] {processor.py:208} INFO - Processing /opt/airflow/projet/dags/callbacks.py took 0.022 seconds
[2026-08-27T17:21:45.556+0000] {processor.py:186} INFO - Started process (PID=2828) to work on /opt/airflow/projet/dags/callbacks.py
[2026-08-27T17:21:45.558+0000] {processor.py:914} INFO - Processing file /opt/airflow/projet/dags/callbacks.py for tasks to queue
[2026-08-27T17:21:45.560+0000] {logging_mixin.py:190} INFO - [2026-08-27T17:21:45.560+0000] {dagbag.py:588} INFO - Filling up the DagBag from /opt/airflow/projet/dags/callbacks.py
[2026-08-27T17:21:45.566+0000] {processor.py:927} WARNING - No viable dags retrieved from /opt/airflow/projet/dags/callbacks.py
[2026-08-27T17:21:45.585+0000] {processor.py:208} INFO - Processing /opt/airflow/projet/dags/callbacks.py took 0.035 seconds
[2026-08-27T17:22:15.963+0000] {processor.py:186} INFO - Started process (PID=2847) to work on /opt/airflow/projet/dags/callbacks.py
[2026-08-27T17:22:15.964+0000] {processor.py:914} INFO - Processing file /opt/airflow/projet/dags/callbacks.py for tasks to queue
[2026-08-27T17:22:15.965+0000] {logging_mixin.py:190} INFO - [2026-08-27T17:22:15.965+0000] {dagbag.py:588} INFO - Filling up the DagBag from /opt/airflow/projet/dags/callbacks.py
[2026-08-27T17:22:15.970+0000] {processor.py:927} WARNING - No viable dags retrieved from /opt/airflow/projet/dags/callbacks.py
[2026-08-27T17:22:15.984+0000] {processor.py:208} INFO - Processing /opt/airflow/projet/dags/callbacks.py took 0.025 seconds
[2026-08-27T17:22:46.329+0000] {processor.py:186} INFO - Started process (PID=2866) to work on /opt/airflow/projet/dags/callbacks.py
[2026-08-27T17:22:46.330+0000] {processor.py:914} INFO - Processing file /opt/airflow/projet/dags/callbacks.py for tasks to queue
[2026-08-27T17:22:46.331+0000] {logging_mixin.py:190} INFO - [2026-08-27T17:22:46.331+0000] {dagbag.py:588} INFO - Filling up the DagBag from /opt/airflow/projet/dags/callbacks.py
[2026-08-27T17:22:46.341+0000] {processor.py:927} WARNING - No viable dags retrieved from /opt/airflow/projet/dags/callbacks.py
[2026-08-27T17:22:46.355+0000] {processor.py:208} INFO - Processing /opt/airflow/projet/dags/callbacks.py took 0.031 seconds
[2026-08-27T17:23:16.737+0000] {processor.py:186} INFO - Started process (PID=2884) to work on /opt/airflow/projet/dags/callbacks.py
[2026-08-27T17:23:16.737+0000] {processor.py:914} INFO - Processing file /opt/airflow/projet/dags/callbacks.py for tasks to queue
[2026-08-27T17:23:16.738+0000] {logging_mixin.py:190} INFO - [2026-08-27T17:23:16.738+0000] {dagbag.py:588} INFO - Filling up the DagBag from /opt/airflow/projet/dags/callbacks.py
[2026-08-27T17:23:16.741+0000] {processor.py:927} WARNING - No viable dags retrieved from /opt/airflow/projet/dags/callbacks.py
[2026-08-27T17:23:16.754+0000] {processor.py:208} INFO - Processing /opt/airflow/projet/dags/callbacks.py took 0.020 seconds
[2026-08-27T17:23:47.179+0000] {processor.py:186} INFO - Started process (PID=2895) to work on /opt/airflow/projet/dags/callbacks.py
[2026-08-27T17:23:47.181+0000] {processor.py:914} INFO - Processing file /opt/airflow/projet/dags/callbacks.py for tasks to queue
[2026-08-27T17:23:47.184+0000] {logging_mixin.py:190} INFO - [2026-08-27T17:23:47.184+0000] {dagbag.py:588} INFO - Filling up the DagBag from /opt/airflow/projet/dags/callbacks.py
[2026-08-27T17:23:47.189+0000] {processor.py:927} WARNING - No viable dags retrieved from /opt/airflow/projet/dags/callbacks.py
[2026-08-27T17:23:47.210+0000] {processor.py:208} INFO - Processing /opt/airflow/projet/dags/callbacks.py took 0.039 seconds
[2026-08-27T17:24:17.645+0000] {processor.py:186} INFO - Started process (PID=2914) to work on /opt/airflow/projet/dags/callbacks.py
[2026-08-27T17:24:17.646+0000] {processor.py:914} INFO - Processing file /opt/airflow/projet/dags/callbacks.py for tasks to queue
[2026-08-27T17:24:17.649+0000] {logging_mixin.py:190} INFO - [2026-08-27T17:24:17.648+0000] {dagbag.py:588} INFO - Filling up the DagBag from /opt/airflow/projet/dags/callbacks.py
[2026-08-27T17:24:17.657+0000] {processor.py:927} WARNING - No viable dags retrieved from /opt/airflow/projet/dags/callbacks.py
[2026-08-27T17:24:17.670+0000] {processor.py:208} INFO - Processing /opt/airflow/projet/dags/callbacks.py took 0.031 seconds
[2026-08-27T17:24:48.106+0000] {processor.py:186} INFO - Started process (PID=2933) to work on /opt/airflow/projet/dags/callbacks.py
[2026-08-27T17:24:48.107+0000] {processor.py:914} INFO - Processing file /opt/airflow/projet/dags/callbacks.py for tasks to queue
[2026-08-27T17:24:48.109+0000] {logging_mixin.py:190} INFO - [2026-08-27T17:24:48.109+0000] {dagbag.py:588} INFO - Filling up the DagBag from /opt/airflow/projet/dags/callbacks.py
[2026-08-27T17:24:48.113+0000] {processor.py:927} WARNING - No viable dags retrieved from /opt/airflow/projet/dags/callbacks.py
[2026-08-27T17:24:48.133+0000] {processor.py:208} INFO - Processing /opt/airflow/projet/dags/callbacks.py took 0.035 seconds
[2026-08-27T17:25:18.478+0000] {processor.py:186} INFO - Started process (PID=2952) to work on /opt/airflow/projet/dags/callbacks.py
[2026-08-27T17:25:18.478+0000] {processor.py:914} INFO - Processing file /opt/airflow/projet/dags/callbacks.py for tasks to queue
[2026-08-27T17:25:18.480+0000] {logging_mixin.py:190} INFO - [2026-08-27T17:25:18.480+0000] {dagbag.py:588} INFO - Filling up the DagBag from /opt/airflow/projet/dags/callbacks.py
[2026-08-27T17:25:18.485+0000] {processor.py:927} WARNING - No viable dags retrieved from /opt/airflow/projet/dags/callbacks.py
[2026-08-27T17:25:18.499+0000] {processor.py:208} INFO - Processing /opt/airflow/projet/dags/callbacks.py took 0.025 seconds
[2026-08-27T17:25:48.860+0000] {processor.py:186} INFO - Started process (PID=2971) to work on /opt/airflow/projet/dags/callbacks.py
[2026-08-27T17:25:48.861+0000] {processor.py:914} INFO - Processing file /opt/airflow/projet/dags/callbacks.py for tasks to queue
[2026-08-27T17:25:48.863+0000] {logging_mixin.py:190} INFO - [2026-08-27T17:25:48.863+0000] {dagbag.py:588} INFO - Filling up the DagBag from /opt/airflow/projet/dags/callbacks.py
[2026-08-27T17:25:48.867+0000] {processor.py:927} WARNING - No viable dags retrieved from /opt/airflow/projet/dags/callbacks.py
[2026-08-27T17:25:48.882+0000] {processor.py:208} INFO - Processing /opt/airflow/projet/dags/callbacks.py took 0.028 seconds
[2026-08-27T17:26:19.303+0000] {processor.py:186} INFO - Started process (PID=2990) to work on /opt/airflow/projet/dags/callbacks.py
[2026-08-27T17:26:19.303+0000] {processor.py:914} INFO - Processing file /opt/airflow/projet/dags/callbacks.py for tasks to queue
[2026-08-27T17:26:19.305+0000] {logging_mixin.py:190} INFO - [2026-08-27T17:26:19.305+0000] {dagbag.py:588} INFO - Filling up the DagBag from /opt/airflow/projet/dags/callbacks.py
[2026-08-27T17:26:19.309+0000] {processor.py:927} WARNING - No viable dags retrieved from /opt/airflow/projet/dags/callbacks.py
[2026-08-27T17:26:19.321+0000] {processor.py:208} INFO - Processing /opt/airflow/projet/dags/callbacks.py took 0.023 seconds
[2026-08-27T17:26:49.731+0000] {processor.py:186} INFO - Started process (PID=3009) to work on /opt/airflow/projet/dags/callbacks.py
[2026-08-27T17:26:49.731+0000] {processor.py:914} INFO - Processing file /opt/airflow/projet/dags/callbacks.py for tasks to queue
[2026-08-27T17:26:49.734+0000] {logging_mixin.py:190} INFO - [2026-08-27T17:26:49.733+0000] {dagbag.py:588} INFO - Filling up the DagBag from /opt/airflow/projet/dags/callbacks.py
[2026-08-27T17:26:49.743+0000] {processor.py:927} WARNING - No viable dags retrieved from /opt/airflow/projet/dags/callbacks.py
[2026-08-27T17:26:49.755+0000] {processor.py:208} INFO - Processing /opt/airflow/projet/dags/callbacks.py took 0.029 seconds
[2026-08-27T17:27:20.126+0000] {processor.py:186} INFO - Started process (PID=3028) to work on /opt/airflow/projet/dags/callbacks.py
[2026-08-27T17:27:20.128+0000] {processor.py:914} INFO - Processing file /opt/airflow/projet/dags/callbacks.py for tasks to queue
[2026-08-27T17:27:20.132+0000] {logging_mixin.py:190} INFO - [2026-08-27T17:27:20.131+0000] {dagbag.py:588} INFO - Filling up the DagBag from /opt/airflow/projet/dags/callbacks.py
[2026-08-27T17:27:20.136+0000] {processor.py:927} WARNING - No viable dags retrieved from /opt/airflow/projet/dags/callbacks.py
[2026-08-27T17:27:20.158+0000] {processor.py:208} INFO - Processing /opt/airflow/projet/dags/callbacks.py took 0.038 seconds
[2026-08-27T17:27:50.571+0000] {processor.py:186} INFO - Started process (PID=3047) to work on /opt/airflow/projet/dags/callbacks.py
[2026-08-27T17:27:50.572+0000] {processor.py:914} INFO - Processing file /opt/airflow/projet/dags/callbacks.py for tasks to queue
[2026-08-27T17:27:50.576+0000] {logging_mixin.py:190} INFO - [2026-08-27T17:27:50.575+0000] {dagbag.py:588} INFO - Filling up the DagBag from /opt/airflow/projet/dags/callbacks.py
[2026-08-27T17:27:50.585+0000] {processor.py:927} WARNING - No viable dags retrieved from /opt/airflow/projet/dags/callbacks.py
[2026-08-27T17:27:50.598+0000] {processor.py:208} INFO - Processing /opt/airflow/projet/dags/callbacks.py took 0.032 seconds
[2026-08-27T17:28:20.945+0000] {processor.py:186} INFO - Started process (PID=3066) to work on /opt/airflow/projet/dags/callbacks.py
[2026-08-27T17:28:20.946+0000] {processor.py:914} INFO - Processing file /opt/airflow/projet/dags/callbacks.py for tasks to queue
[2026-08-27T17:28:20.947+0000] {logging_mixin.py:190} INFO - [2026-08-27T17:28:20.947+0000] {dagbag.py:588} INFO - Filling up the DagBag from /opt/airflow/projet/dags/callbacks.py
[2026-08-27T17:28:20.952+0000] {processor.py:927} WARNING - No viable dags retrieved from /opt/airflow/projet/dags/callbacks.py
[2026-08-27T17:28:20.965+0000] {processor.py:208} INFO - Processing /opt/airflow/projet/dags/callbacks.py took 0.025 seconds
[2026-08-27T17:28:51.391+0000] {processor.py:186} INFO - Started process (PID=3085) to work on /opt/airflow/projet/dags/callbacks.py
[2026-08-27T17:28:51.392+0000] {processor.py:914} INFO - Processing file /opt/airflow/projet/dags/callbacks.py for tasks to queue
[2026-08-27T17:28:51.393+0000] {logging_mixin.py:190} INFO - [2026-08-27T17:28:51.393+0000] {dagbag.py:588} INFO - Filling up the DagBag from /opt/airflow/projet/dags/callbacks.py
[2026-08-27T17:28:51.398+0000] {processor.py:927} WARNING - No viable dags retrieved from /opt/airflow/projet/dags/callbacks.py
[2026-08-27T17:28:51.413+0000] {processor.py:208} INFO - Processing /opt/airflow/projet/dags/callbacks.py took 0.026 seconds
[2026-08-27T17:29:21.816+0000] {processor.py:186} INFO - Started process (PID=3104) to work on /opt/airflow/projet/dags/callbacks.py
[2026-08-27T17:29:21.816+0000] {processor.py:914} INFO - Processing file /opt/airflow/projet/dags/callbacks.py for tasks to queue
[2026-08-27T17:29:21.819+0000] {logging_mixin.py:190} INFO - [2026-08-27T17:29:21.819+0000] {dagbag.py:588} INFO - Filling up the DagBag from /opt/airflow/projet/dags/callbacks.py
[2026-08-27T17:29:21.830+0000] {processor.py:927} WARNING - No viable dags retrieved from /opt/airflow/projet/dags/callbacks.py
[2026-08-27T17:29:21.842+0000] {processor.py:208} INFO - Processing /opt/airflow/projet/dags/callbacks.py took 0.031 seconds
[2026-08-27T17:29:52.218+0000] {processor.py:186} INFO - Started process (PID=3123) to work on /opt/airflow/projet/dags/callbacks.py
[2026-08-27T17:29:52.218+0000] {processor.py:914} INFO - Processing file /opt/airflow/projet/dags/callbacks.py for tasks to queue
[2026-08-27T17:29:52.219+0000] {logging_mixin.py:190} INFO - [2026-08-27T17:29:52.219+0000] {dagbag.py:588} INFO - Filling up the DagBag from /opt/airflow/projet/dags/callbacks.py
[2026-08-27T17:29:52.223+0000] {processor.py:927} WARNING - No viable dags retrieved from /opt/airflow/projet/dags/callbacks.py
[2026-08-27T17:29:52.241+0000] {processor.py:208} INFO - Processing /opt/airflow/projet/dags/callbacks.py took 0.027 seconds
[2026-08-27T17:30:22.572+0000] {processor.py:186} INFO - Started process (PID=3142) to work on /opt/airflow/projet/dags/callbacks.py
[2026-08-27T17:30:22.572+0000] {processor.py:914} INFO - Processing file /opt/airflow/projet/dags/callbacks.py for tasks to queue
[2026-08-27T17:30:22.576+0000] {logging_mixin.py:190} INFO - [2026-08-27T17:30:22.576+0000] {dagbag.py:588} INFO - Filling up the DagBag from /opt/airflow/projet/dags/callbacks.py
[2026-08-27T17:30:22.588+0000] {processor.py:927} WARNING - No viable dags retrieved from /opt/airflow/projet/dags/callbacks.py
[2026-08-27T17:30:22.602+0000] {processor.py:208} INFO - Processing /opt/airflow/projet/dags/callbacks.py took 0.035 seconds
[2026-08-27T17:30:52.964+0000] {processor.py:186} INFO - Started process (PID=3160) to work on /opt/airflow/projet/dags/callbacks.py
[2026-08-27T17:30:52.965+0000] {processor.py:914} INFO - Processing file /opt/airflow/projet/dags/callbacks.py for tasks to queue
[2026-08-27T17:30:52.967+0000] {logging_mixin.py:190} INFO - [2026-08-27T17:30:52.967+0000] {dagbag.py:588} INFO - Filling up the DagBag from /opt/airflow/projet/dags/callbacks.py
[2026-08-27T17:30:52.974+0000] {processor.py:927} WARNING - No viable dags retrieved from /opt/airflow/projet/dags/callbacks.py
[2026-08-27T17:30:52.988+0000] {processor.py:208} INFO - Processing /opt/airflow/projet/dags/callbacks.py took 0.028 seconds
[2026-08-27T17:31:23.366+0000] {processor.py:186} INFO - Started process (PID=3171) to work on /opt/airflow/projet/dags/callbacks.py
[2026-08-27T17:31:23.367+0000] {processor.py:914} INFO - Processing file /opt/airflow/projet/dags/callbacks.py for tasks to queue
[2026-08-27T17:31:23.369+0000] {logging_mixin.py:190} INFO - [2026-08-27T17:31:23.368+0000] {dagbag.py:588} INFO - Filling up the DagBag from /opt/airflow/projet/dags/callbacks.py
[2026-08-27T17:31:23.376+0000] {processor.py:927} WARNING - No viable dags retrieved from /opt/airflow/projet/dags/callbacks.py
[2026-08-27T17:31:23.393+0000] {processor.py:208} INFO - Processing /opt/airflow/projet/dags/callbacks.py took 0.032 seconds
[2026-08-27T17:31:53.780+0000] {processor.py:186} INFO - Started process (PID=3190) to work on /opt/airflow/projet/dags/callbacks.py
[2026-08-27T17:31:53.781+0000] {processor.py:914} INFO - Processing file /opt/airflow/projet/dags/callbacks.py for tasks to queue
[2026-08-27T17:31:53.783+0000] {logging_mixin.py:190} INFO - [2026-08-27T17:31:53.782+0000] {dagbag.py:588} INFO - Filling up the DagBag from /opt/airflow/projet/dags/callbacks.py
[2026-08-27T17:31:53.793+0000] {processor.py:927} WARNING - No viable dags retrieved from /opt/airflow/projet/dags/callbacks.py
[2026-08-27T17:31:53.808+0000] {processor.py:208} INFO - Processing /opt/airflow/projet/dags/callbacks.py took 0.034 seconds
[2026-08-27T17:32:24.210+0000] {processor.py:186} INFO - Started process (PID=3209) to work on /opt/airflow/projet/dags/callbacks.py
[2026-08-27T17:32:24.211+0000] {processor.py:914} INFO - Processing file /opt/airflow/projet/dags/callbacks.py for tasks to queue
[2026-08-27T17:32:24.212+0000] {logging_mixin.py:190} INFO - [2026-08-27T17:32:24.212+0000] {dagbag.py:588} INFO - Filling up the DagBag from /opt/airflow/projet/dags/callbacks.py
[2026-08-27T17:32:24.217+0000] {processor.py:927} WARNING - No viable dags retrieved from /opt/airflow/projet/dags/callbacks.py
[2026-08-27T17:32:24.228+0000] {processor.py:208} INFO - Processing /opt/airflow/projet/dags/callbacks.py took 0.022 seconds
[2026-08-27T17:32:54.615+0000] {processor.py:186} INFO - Started process (PID=3228) to work on /opt/airflow/projet/dags/callbacks.py
[2026-08-27T17:32:54.617+0000] {processor.py:914} INFO - Processing file /opt/airflow/projet/dags/callbacks.py for tasks to queue
[2026-08-27T17:32:54.621+0000] {logging_mixin.py:190} INFO - [2026-08-27T17:32:54.621+0000] {dagbag.py:588} INFO - Filling up the DagBag from /opt/airflow/projet/dags/callbacks.py
[2026-08-27T17:32:54.630+0000] {processor.py:927} WARNING - No viable dags retrieved from /opt/airflow/projet/dags/callbacks.py
[2026-08-27T17:32:54.661+0000] {processor.py:208} INFO - Processing /opt/airflow/projet/dags/callbacks.py took 0.058 seconds
[2026-08-27T17:33:25.003+0000] {processor.py:186} INFO - Started process (PID=3247) to work on /opt/airflow/projet/dags/callbacks.py
[2026-08-27T17:33:25.009+0000] {processor.py:914} INFO - Processing file /opt/airflow/projet/dags/callbacks.py for tasks to queue
[2026-08-27T17:33:25.015+0000] {logging_mixin.py:190} INFO - [2026-08-27T17:33:25.014+0000] {dagbag.py:588} INFO - Filling up the DagBag from /opt/airflow/projet/dags/callbacks.py
[2026-08-27T17:33:25.020+0000] {processor.py:927} WARNING - No viable dags retrieved from /opt/airflow/projet/dags/callbacks.py
[2026-08-27T17:33:25.049+0000] {processor.py:208} INFO - Processing /opt/airflow/projet/dags/callbacks.py took 0.055 seconds
[2026-08-27T17:33:55.435+0000] {processor.py:186} INFO - Started process (PID=3266) to work on /opt/airflow/projet/dags/callbacks.py
[2026-08-27T17:33:55.436+0000] {processor.py:914} INFO - Processing file /opt/airflow/projet/dags/callbacks.py for tasks to queue
[2026-08-27T17:33:55.439+0000] {logging_mixin.py:190} INFO - [2026-08-27T17:33:55.439+0000] {dagbag.py:588} INFO - Filling up the DagBag from /opt/airflow/projet/dags/callbacks.py
[2026-08-27T17:33:55.446+0000] {processor.py:927} WARNING - No viable dags retrieved from /opt/airflow/projet/dags/callbacks.py
[2026-08-27T17:33:55.467+0000] {processor.py:208} INFO - Processing /opt/airflow/projet/dags/callbacks.py took 0.038 seconds
[2026-08-27T17:34:25.777+0000] {processor.py:186} INFO - Started process (PID=3285) to work on /opt/airflow/projet/dags/callbacks.py
[2026-08-27T17:34:25.778+0000] {processor.py:914} INFO - Processing file /opt/airflow/projet/dags/callbacks.py for tasks to queue
[2026-08-27T17:34:25.781+0000] {logging_mixin.py:190} INFO - [2026-08-27T17:34:25.780+0000] {dagbag.py:588} INFO - Filling up the DagBag from /opt/airflow/projet/dags/callbacks.py
[2026-08-27T17:34:25.787+0000] {processor.py:927} WARNING - No viable dags retrieved from /opt/airflow/projet/dags/callbacks.py
[2026-08-27T17:34:25.803+0000] {processor.py:208} INFO - Processing /opt/airflow/projet/dags/callbacks.py took 0.031 seconds
[2026-08-27T17:34:56.213+0000] {processor.py:186} INFO - Started process (PID=3304) to work on /opt/airflow/projet/dags/callbacks.py
[2026-08-27T17:34:56.214+0000] {processor.py:914} INFO - Processing file /opt/airflow/projet/dags/callbacks.py for tasks to queue
[2026-08-27T17:34:56.217+0000] {logging_mixin.py:190} INFO - [2026-08-27T17:34:56.217+0000] {dagbag.py:588} INFO - Filling up the DagBag from /opt/airflow/projet/dags/callbacks.py
[2026-08-27T17:34:56.224+0000] {processor.py:927} WARNING - No viable dags retrieved from /opt/airflow/projet/dags/callbacks.py
[2026-08-27T17:34:56.251+0000] {processor.py:208} INFO - Processing /opt/airflow/projet/dags/callbacks.py took 0.048 seconds
[2026-08-27T17:35:26.661+0000] {processor.py:186} INFO - Started process (PID=3323) to work on /opt/airflow/projet/dags/callbacks.py
[2026-08-27T17:35:26.661+0000] {processor.py:914} INFO - Processing file /opt/airflow/projet/dags/callbacks.py for tasks to queue
[2026-08-27T17:35:26.663+0000] {logging_mixin.py:190} INFO - [2026-08-27T17:35:26.662+0000] {dagbag.py:588} INFO - Filling up the DagBag from /opt/airflow/projet/dags/callbacks.py
[2026-08-27T17:35:26.667+0000] {processor.py:927} WARNING - No viable dags retrieved from /opt/airflow/projet/dags/callbacks.py
[2026-08-27T17:35:26.681+0000] {processor.py:208} INFO - Processing /opt/airflow/projet/dags/callbacks.py took 0.025 seconds
[2026-08-27T17:35:57.062+0000] {processor.py:186} INFO - Started process (PID=3342) to work on /opt/airflow/projet/dags/callbacks.py
[2026-08-27T17:35:57.062+0000] {processor.py:914} INFO - Processing file /opt/airflow/projet/dags/callbacks.py for tasks to queue
[2026-08-27T17:35:57.065+0000] {logging_mixin.py:190} INFO - [2026-08-27T17:35:57.065+0000] {dagbag.py:588} INFO - Filling up the DagBag from /opt/airflow/projet/dags/callbacks.py
[2026-08-27T17:35:57.074+0000] {processor.py:927} WARNING - No viable dags retrieved from /opt/airflow/projet/dags/callbacks.py
[2026-08-27T17:35:57.089+0000] {processor.py:208} INFO - Processing /opt/airflow/projet/dags/callbacks.py took 0.030 seconds
[2026-08-27T17:36:27.475+0000] {processor.py:186} INFO - Started process (PID=3361) to work on /opt/airflow/projet/dags/callbacks.py
[2026-08-27T17:36:27.476+0000] {processor.py:914} INFO - Processing file /opt/airflow/projet/dags/callbacks.py for tasks to queue
[2026-08-27T17:36:27.477+0000] {logging_mixin.py:190} INFO - [2026-08-27T17:36:27.477+0000] {dagbag.py:588} INFO - Filling up the DagBag from /opt/airflow/projet/dags/callbacks.py
[2026-08-27T17:36:27.482+0000] {processor.py:927} WARNING - No viable dags retrieved from /opt/airflow/projet/dags/callbacks.py
[2026-08-27T17:36:27.495+0000] {processor.py:208} INFO - Processing /opt/airflow/projet/dags/callbacks.py took 0.024 seconds
[2026-08-27T17:36:57.904+0000] {processor.py:186} INFO - Started process (PID=3380) to work on /opt/airflow/projet/dags/callbacks.py
[2026-08-27T17:36:57.904+0000] {processor.py:914} INFO - Processing file /opt/airflow/projet/dags/callbacks.py for tasks to queue
[2026-08-27T17:36:57.908+0000] {logging_mixin.py:190} INFO - [2026-08-27T17:36:57.908+0000] {dagbag.py:588} INFO - Filling up the DagBag from /opt/airflow/projet/dags/callbacks.py
[2026-08-27T17:36:57.914+0000] {processor.py:927} WARNING - No viable dags retrieved from /opt/airflow/projet/dags/callbacks.py
[2026-08-27T17:36:57.928+0000] {processor.py:208} INFO - Processing /opt/airflow/projet/dags/callbacks.py took 0.030 seconds
[2026-08-27T17:37:28.261+0000] {processor.py:186} INFO - Started process (PID=3399) to work on /opt/airflow/projet/dags/callbacks.py
[2026-08-27T17:37:28.262+0000] {processor.py:914} INFO - Processing file /opt/airflow/projet/dags/callbacks.py for tasks to queue
[2026-08-27T17:37:28.263+0000] {logging_mixin.py:190} INFO - [2026-08-27T17:37:28.263+0000] {dagbag.py:588} INFO - Filling up the DagBag from /opt/airflow/projet/dags/callbacks.py
[2026-08-27T17:37:28.268+0000] {processor.py:927} WARNING - No viable dags retrieved from /opt/airflow/projet/dags/callbacks.py
[2026-08-27T17:37:28.289+0000] {processor.py:208} INFO - Processing /opt/airflow/projet/dags/callbacks.py took 0.036 seconds
[2026-08-27T17:37:58.694+0000] {processor.py:186} INFO - Started process (PID=3417) to work on /opt/airflow/projet/dags/callbacks.py
[2026-08-27T17:37:58.697+0000] {processor.py:914} INFO - Processing file /opt/airflow/projet/dags/callbacks.py for tasks to queue
[2026-08-27T17:37:58.701+0000] {logging_mixin.py:190} INFO - [2026-08-27T17:37:58.700+0000] {dagbag.py:588} INFO - Filling up the DagBag from /opt/airflow/projet/dags/callbacks.py
[2026-08-27T17:37:58.709+0000] {processor.py:927} WARNING - No viable dags retrieved from /opt/airflow/projet/dags/callbacks.py
[2026-08-27T17:37:58.741+0000] {processor.py:208} INFO - Processing /opt/airflow/projet/dags/callbacks.py took 0.058 seconds
[2026-08-27T17:38:29.150+0000] {processor.py:186} INFO - Started process (PID=3428) to work on /opt/airflow/projet/dags/callbacks.py
[2026-08-27T17:38:29.150+0000] {processor.py:914} INFO - Processing file /opt/airflow/projet/dags/callbacks.py for tasks to queue
[2026-08-27T17:38:29.153+0000] {logging_mixin.py:190} INFO - [2026-08-27T17:38:29.153+0000] {dagbag.py:588} INFO - Filling up the DagBag from /opt/airflow/projet/dags/callbacks.py
[2026-08-27T17:38:29.160+0000] {processor.py:927} WARNING - No viable dags retrieved from /opt/airflow/projet/dags/callbacks.py
[2026-08-27T17:38:29.172+0000] {processor.py:208} INFO - Processing /opt/airflow/projet/dags/callbacks.py took 0.031 seconds
[2026-08-27T17:38:59.652+0000] {processor.py:186} INFO - Started process (PID=3447) to work on /opt/airflow/projet/dags/callbacks.py
[2026-08-27T17:38:59.652+0000] {processor.py:914} INFO - Processing file /opt/airflow/projet/dags/callbacks.py for tasks to queue
[2026-08-27T17:38:59.657+0000] {logging_mixin.py:190} INFO - [2026-08-27T17:38:59.656+0000] {dagbag.py:588} INFO - Filling up the DagBag from /opt/airflow/projet/dags/callbacks.py
[2026-08-27T17:38:59.661+0000] {processor.py:927} WARNING - No viable dags retrieved from /opt/airflow/projet/dags/callbacks.py
[2026-08-27T17:38:59.677+0000] {processor.py:208} INFO - Processing /opt/airflow/projet/dags/callbacks.py took 0.030 seconds
[2026-08-27T17:39:30.124+0000] {processor.py:186} INFO - Started process (PID=3466) to work on /opt/airflow/projet/dags/callbacks.py
[2026-08-27T17:39:30.125+0000] {processor.py:914} INFO - Processing file /opt/airflow/projet/dags/callbacks.py for tasks to queue
[2026-08-27T17:39:30.127+0000] {logging_mixin.py:190} INFO - [2026-08-27T17:39:30.127+0000] {dagbag.py:588} INFO - Filling up the DagBag from /opt/airflow/projet/dags/callbacks.py
[2026-08-27T17:39:30.132+0000] {processor.py:927} WARNING - No viable dags retrieved from /opt/airflow/projet/dags/callbacks.py
[2026-08-27T17:39:30.142+0000] {processor.py:208} INFO - Processing /opt/airflow/projet/dags/callbacks.py took 0.023 seconds
[2026-08-27T17:40:00.622+0000] {processor.py:186} INFO - Started process (PID=3485) to work on /opt/airflow/projet/dags/callbacks.py
[2026-08-27T17:40:00.623+0000] {processor.py:914} INFO - Processing file /opt/airflow/projet/dags/callbacks.py for tasks to queue
[2026-08-27T17:40:00.625+0000] {logging_mixin.py:190} INFO - [2026-08-27T17:40:00.625+0000] {dagbag.py:588} INFO - Filling up the DagBag from /opt/airflow/projet/dags/callbacks.py
[2026-08-27T17:40:00.631+0000] {processor.py:927} WARNING - No viable dags retrieved from /opt/airflow/projet/dags/callbacks.py
[2026-08-27T17:40:00.646+0000] {processor.py:208} INFO - Processing /opt/airflow/projet/dags/callbacks.py took 0.029 seconds
[2026-08-27T17:45:05.552+0000] {processor.py:186} INFO - Started process (PID=3495) to work on /opt/airflow/projet/dags/callbacks.py
[2026-08-27T17:45:05.552+0000] {processor.py:914} INFO - Processing file /opt/airflow/projet/dags/callbacks.py for tasks to queue
[2026-08-27T17:45:05.553+0000] {logging_mixin.py:190} INFO - [2026-08-27T17:45:05.553+0000] {dagbag.py:588} INFO - Filling up the DagBag from /opt/airflow/projet/dags/callbacks.py
[2026-08-27T17:45:05.558+0000] {processor.py:927} WARNING - No viable dags retrieved from /opt/airflow/projet/dags/callbacks.py
[2026-08-27T17:45:05.571+0000] {processor.py:208} INFO - Processing /opt/airflow/projet/dags/callbacks.py took 0.024 seconds
[2026-08-27T17:48:06.604+0000] {processor.py:186} INFO - Started process (PID=3514) to work on /opt/airflow/projet/dags/callbacks.py
[2026-08-27T17:48:06.606+0000] {processor.py:914} INFO - Processing file /opt/airflow/projet/dags/callbacks.py for tasks to queue
[2026-08-27T17:48:06.611+0000] {logging_mixin.py:190} INFO - [2026-08-27T17:48:06.611+0000] {dagbag.py:588} INFO - Filling up the DagBag from /opt/airflow/projet/dags/callbacks.py
[2026-08-27T17:48:06.618+0000] {processor.py:927} WARNING - No viable dags retrieved from /opt/airflow/projet/dags/callbacks.py
[2026-08-27T17:48:06.647+0000] {processor.py:208} INFO - Processing /opt/airflow/projet/dags/callbacks.py took 0.052 seconds
[2026-08-27T17:48:37.018+0000] {processor.py:186} INFO - Started process (PID=3533) to work on /opt/airflow/projet/dags/callbacks.py
[2026-08-27T17:48:37.019+0000] {processor.py:914} INFO - Processing file /opt/airflow/projet/dags/callbacks.py for tasks to queue
[2026-08-27T17:48:37.020+0000] {logging_mixin.py:190} INFO - [2026-08-27T17:48:37.020+0000] {dagbag.py:588} INFO - Filling up the DagBag from /opt/airflow/projet/dags/callbacks.py
[2026-08-27T17:48:37.028+0000] {processor.py:927} WARNING - No viable dags retrieved from /opt/airflow/projet/dags/callbacks.py
[2026-08-27T17:48:37.040+0000] {processor.py:208} INFO - Processing /opt/airflow/projet/dags/callbacks.py took 0.028 seconds
[2026-08-27T17:49:07.429+0000] {processor.py:186} INFO - Started process (PID=3552) to work on /opt/airflow/projet/dags/callbacks.py
[2026-08-27T17:49:07.430+0000] {processor.py:914} INFO - Processing file /opt/airflow/projet/dags/callbacks.py for tasks to queue
[2026-08-27T17:49:07.431+0000] {logging_mixin.py:190} INFO - [2026-08-27T17:49:07.431+0000] {dagbag.py:588} INFO - Filling up the DagBag from /opt/airflow/projet/dags/callbacks.py
[2026-08-27T17:49:07.436+0000] {processor.py:927} WARNING - No viable dags retrieved from /opt/airflow/projet/dags/callbacks.py
[2026-08-27T17:49:07.451+0000] {processor.py:208} INFO - Processing /opt/airflow/projet/dags/callbacks.py took 0.027 seconds
[2026-08-27T17:49:37.793+0000] {processor.py:186} INFO - Started process (PID=3571) to work on /opt/airflow/projet/dags/callbacks.py
[2026-08-27T17:49:37.793+0000] {processor.py:914} INFO - Processing file /opt/airflow/projet/dags/callbacks.py for tasks to queue
[2026-08-27T17:49:37.795+0000] {logging_mixin.py:190} INFO - [2026-08-27T17:49:37.795+0000] {dagbag.py:588} INFO - Filling up the DagBag from /opt/airflow/projet/dags/callbacks.py
[2026-08-27T17:49:37.798+0000] {processor.py:927} WARNING - No viable dags retrieved from /opt/airflow/projet/dags/callbacks.py
[2026-08-27T17:49:37.813+0000] {processor.py:208} INFO - Processing /opt/airflow/projet/dags/callbacks.py took 0.025 seconds
[2026-08-27T17:50:08.177+0000] {processor.py:186} INFO - Started process (PID=3590) to work on /opt/airflow/projet/dags/callbacks.py
[2026-08-27T17:50:08.177+0000] {processor.py:914} INFO - Processing file /opt/airflow/projet/dags/callbacks.py for tasks to queue
[2026-08-27T17:50:08.179+0000] {logging_mixin.py:190} INFO - [2026-08-27T17:50:08.179+0000] {dagbag.py:588} INFO - Filling up the DagBag from /opt/airflow/projet/dags/callbacks.py
[2026-08-27T17:50:08.183+0000] {processor.py:927} WARNING - No viable dags retrieved from /opt/airflow/projet/dags/callbacks.py
[2026-08-27T17:50:08.197+0000] {processor.py:208} INFO - Processing /opt/airflow/projet/dags/callbacks.py took 0.025 seconds
[2026-08-27T17:50:38.604+0000] {processor.py:186} INFO - Started process (PID=3609) to work on /opt/airflow/projet/dags/callbacks.py
[2026-08-27T17:50:38.605+0000] {processor.py:914} INFO - Processing file /opt/airflow/projet/dags/callbacks.py for tasks to queue
[2026-08-27T17:50:38.608+0000] {logging_mixin.py:190} INFO - [2026-08-27T17:50:38.607+0000] {dagbag.py:588} INFO - Filling up the DagBag from /opt/airflow/projet/dags/callbacks.py
[2026-08-27T17:50:38.611+0000] {processor.py:927} WARNING - No viable dags retrieved from /opt/airflow/projet/dags/callbacks.py
[2026-08-27T17:50:38.630+0000] {processor.py:208} INFO - Processing /opt/airflow/projet/dags/callbacks.py took 0.031 seconds
[2026-08-27T17:51:08.997+0000] {processor.py:186} INFO - Started process (PID=3628) to work on /opt/airflow/projet/dags/callbacks.py
[2026-08-27T17:51:08.998+0000] {processor.py:914} INFO - Processing file /opt/airflow/projet/dags/callbacks.py for tasks to queue
[2026-08-27T17:51:09.001+0000] {logging_mixin.py:190} INFO - [2026-08-27T17:51:09.001+0000] {dagbag.py:588} INFO - Filling up the DagBag from /opt/airflow/projet/dags/callbacks.py
[2026-08-27T17:51:09.011+0000] {processor.py:927} WARNING - No viable dags retrieved from /opt/airflow/projet/dags/callbacks.py
[2026-08-27T17:51:09.025+0000] {processor.py:208} INFO - Processing /opt/airflow/projet/dags/callbacks.py took 0.033 seconds
[2026-08-27T17:51:39.441+0000] {processor.py:186} INFO - Started process (PID=3647) to work on /opt/airflow/projet/dags/callbacks.py
[2026-08-27T17:51:39.442+0000] {processor.py:914} INFO - Processing file /opt/airflow/projet/dags/callbacks.py for tasks to queue
[2026-08-27T17:51:39.445+0000] {logging_mixin.py:190} INFO - [2026-08-27T17:51:39.445+0000] {dagbag.py:588} INFO - Filling up the DagBag from /opt/airflow/projet/dags/callbacks.py
[2026-08-27T17:51:39.456+0000] {processor.py:927} WARNING - No viable dags retrieved from /opt/airflow/projet/dags/callbacks.py
[2026-08-27T17:51:39.479+0000] {processor.py:208} INFO - Processing /opt/airflow/projet/dags/callbacks.py took 0.044 seconds
[2026-08-27T17:52:09.886+0000] {processor.py:186} INFO - Started process (PID=3666) to work on /opt/airflow/projet/dags/callbacks.py
[2026-08-27T17:52:09.888+0000] {processor.py:914} INFO - Processing file /opt/airflow/projet/dags/callbacks.py for tasks to queue
[2026-08-27T17:52:09.892+0000] {logging_mixin.py:190} INFO - [2026-08-27T17:52:09.892+0000] {dagbag.py:588} INFO - Filling up the DagBag from /opt/airflow/projet/dags/callbacks.py
[2026-08-27T17:52:09.898+0000] {processor.py:927} WARNING - No viable dags retrieved from /opt/airflow/projet/dags/callbacks.py
[2026-08-27T17:52:09.916+0000] {processor.py:208} INFO - Processing /opt/airflow/projet/dags/callbacks.py took 0.035 seconds
[2026-08-27T17:52:40.278+0000] {processor.py:186} INFO - Started process (PID=3685) to work on /opt/airflow/projet/dags/callbacks.py
[2026-08-27T17:52:40.279+0000] {processor.py:914} INFO - Processing file /opt/airflow/projet/dags/callbacks.py for tasks to queue
[2026-08-27T17:52:40.281+0000] {logging_mixin.py:190} INFO - [2026-08-27T17:52:40.281+0000] {dagbag.py:588} INFO - Filling up the DagBag from /opt/airflow/projet/dags/callbacks.py
[2026-08-27T17:52:40.290+0000] {processor.py:927} WARNING - No viable dags retrieved from /opt/airflow/projet/dags/callbacks.py
[2026-08-27T17:52:40.303+0000] {processor.py:208} INFO - Processing /opt/airflow/projet/dags/callbacks.py took 0.029 seconds
[2026-08-27T17:53:10.693+0000] {processor.py:186} INFO - Started process (PID=3704) to work on /opt/airflow/projet/dags/callbacks.py
[2026-08-27T17:53:10.694+0000] {processor.py:914} INFO - Processing file /opt/airflow/projet/dags/callbacks.py for tasks to queue
[2026-08-27T17:53:10.696+0000] {logging_mixin.py:190} INFO - [2026-08-27T17:53:10.696+0000] {dagbag.py:588} INFO - Filling up the DagBag from /opt/airflow/projet/dags/callbacks.py
[2026-08-27T17:53:10.702+0000] {processor.py:927} WARNING - No viable dags retrieved from /opt/airflow/projet/dags/callbacks.py
[2026-08-27T17:53:10.715+0000] {processor.py:208} INFO - Processing /opt/airflow/projet/dags/callbacks.py took 0.025 seconds
[2026-08-27T17:53:41.028+0000] {processor.py:186} INFO - Started process (PID=3723) to work on /opt/airflow/projet/dags/callbacks.py
[2026-08-27T17:53:41.028+0000] {processor.py:914} INFO - Processing file /opt/airflow/projet/dags/callbacks.py for tasks to queue
[2026-08-27T17:53:41.030+0000] {logging_mixin.py:190} INFO - [2026-08-27T17:53:41.029+0000] {dagbag.py:588} INFO - Filling up the DagBag from /opt/airflow/projet/dags/callbacks.py
[2026-08-27T17:53:41.034+0000] {processor.py:927} WARNING - No viable dags retrieved from /opt/airflow/projet/dags/callbacks.py
[2026-08-27T17:53:41.048+0000] {processor.py:208} INFO - Processing /opt/airflow/projet/dags/callbacks.py took 0.024 seconds
[2026-08-27T17:54:11.434+0000] {processor.py:186} INFO - Started process (PID=3741) to work on /opt/airflow/projet/dags/callbacks.py
[2026-08-27T17:54:11.434+0000] {processor.py:914} INFO - Processing file /opt/airflow/projet/dags/callbacks.py for tasks to queue
[2026-08-27T17:54:11.435+0000] {logging_mixin.py:190} INFO - [2026-08-27T17:54:11.435+0000] {dagbag.py:588} INFO - Filling up the DagBag from /opt/airflow/projet/dags/callbacks.py
[2026-08-27T17:54:11.439+0000] {processor.py:927} WARNING - No viable dags retrieved from /opt/airflow/projet/dags/callbacks.py
[2026-08-27T17:54:11.452+0000] {processor.py:208} INFO - Processing /opt/airflow/projet/dags/callbacks.py took 0.022 seconds
[2026-08-27T17:54:41.899+0000] {processor.py:186} INFO - Started process (PID=3752) to work on /opt/airflow/projet/dags/callbacks.py
[2026-08-27T17:54:41.900+0000] {processor.py:914} INFO - Processing file /opt/airflow/projet/dags/callbacks.py for tasks to queue
[2026-08-27T17:54:41.902+0000] {logging_mixin.py:190} INFO - [2026-08-27T17:54:41.902+0000] {dagbag.py:588} INFO - Filling up the DagBag from /opt/airflow/projet/dags/callbacks.py
[2026-08-27T17:54:41.909+0000] {processor.py:927} WARNING - No viable dags retrieved from /opt/airflow/projet/dags/callbacks.py
[2026-08-27T17:54:41.929+0000] {processor.py:208} INFO - Processing /opt/airflow/projet/dags/callbacks.py took 0.036 seconds
[2026-08-27T17:55:12.329+0000] {processor.py:186} INFO - Started process (PID=3771) to work on /opt/airflow/projet/dags/callbacks.py
[2026-08-27T17:55:12.330+0000] {processor.py:914} INFO - Processing file /opt/airflow/projet/dags/callbacks.py for tasks to queue
[2026-08-27T17:55:12.332+0000] {logging_mixin.py:190} INFO - [2026-08-27T17:55:12.331+0000] {dagbag.py:588} INFO - Filling up the DagBag from /opt/airflow/projet/dags/callbacks.py
[2026-08-27T17:55:12.343+0000] {processor.py:927} WARNING - No viable dags retrieved from /opt/airflow/projet/dags/callbacks.py
[2026-08-27T17:55:12.353+0000] {processor.py:208} INFO - Processing /opt/airflow/projet/dags/callbacks.py took 0.030 seconds
[2026-08-27T17:55:42.716+0000] {processor.py:186} INFO - Started process (PID=3790) to work on /opt/airflow/projet/dags/callbacks.py
[2026-08-27T17:55:42.716+0000] {processor.py:914} INFO - Processing file /opt/airflow/projet/dags/callbacks.py for tasks to queue
[2026-08-27T17:55:42.719+0000] {logging_mixin.py:190} INFO - [2026-08-27T17:55:42.718+0000] {dagbag.py:588} INFO - Filling up the DagBag from /opt/airflow/projet/dags/callbacks.py
[2026-08-27T17:55:42.727+0000] {processor.py:927} WARNING - No viable dags retrieved from /opt/airflow/projet/dags/callbacks.py
[2026-08-27T17:55:42.739+0000] {processor.py:208} INFO - Processing /opt/airflow/projet/dags/callbacks.py took 0.027 seconds
[2026-08-27T17:56:13.095+0000] {processor.py:186} INFO - Started process (PID=3809) to work on /opt/airflow/projet/dags/callbacks.py
[2026-08-27T17:56:13.096+0000] {processor.py:914} INFO - Processing file /opt/airflow/projet/dags/callbacks.py for tasks to queue
[2026-08-27T17:56:13.099+0000] {logging_mixin.py:190} INFO - [2026-08-27T17:56:13.099+0000] {dagbag.py:588} INFO - Filling up the DagBag from /opt/airflow/projet/dags/callbacks.py
[2026-08-27T17:56:13.109+0000] {processor.py:927} WARNING - No viable dags retrieved from /opt/airflow/projet/dags/callbacks.py
[2026-08-27T17:56:13.119+0000] {processor.py:208} INFO - Processing /opt/airflow/projet/dags/callbacks.py took 0.029 seconds
[2026-08-27T17:56:43.520+0000] {processor.py:186} INFO - Started process (PID=3828) to work on /opt/airflow/projet/dags/callbacks.py
[2026-08-27T17:56:43.521+0000] {processor.py:914} INFO - Processing file /opt/airflow/projet/dags/callbacks.py for tasks to queue
[2026-08-27T17:56:43.522+0000] {logging_mixin.py:190} INFO - [2026-08-27T17:56:43.522+0000] {dagbag.py:588} INFO - Filling up the DagBag from /opt/airflow/projet/dags/callbacks.py
[2026-08-27T17:56:43.528+0000] {processor.py:927} WARNING - No viable dags retrieved from /opt/airflow/projet/dags/callbacks.py
[2026-08-27T17:56:43.544+0000] {processor.py:208} INFO - Processing /opt/airflow/projet/dags/callbacks.py took 0.030 seconds
[2026-08-27T17:57:13.842+0000] {processor.py:186} INFO - Started process (PID=3847) to work on /opt/airflow/projet/dags/callbacks.py
[2026-08-27T17:57:13.843+0000] {processor.py:914} INFO - Processing file /opt/airflow/projet/dags/callbacks.py for tasks to queue
[2026-08-27T17:57:13.846+0000] {logging_mixin.py:190} INFO - [2026-08-27T17:57:13.846+0000] {dagbag.py:588} INFO - Filling up the DagBag from /opt/airflow/projet/dags/callbacks.py
[2026-08-27T17:57:13.851+0000] {processor.py:927} WARNING - No viable dags retrieved from /opt/airflow/projet/dags/callbacks.py
[2026-08-27T17:57:13.866+0000] {processor.py:208} INFO - Processing /opt/airflow/projet/dags/callbacks.py took 0.029 seconds
[2026-08-27T17:57:44.269+0000] {processor.py:186} INFO - Started process (PID=3866) to work on /opt/airflow/projet/dags/callbacks.py
[2026-08-27T17:57:44.269+0000] {processor.py:914} INFO - Processing file /opt/airflow/projet/dags/callbacks.py for tasks to queue
[2026-08-27T17:57:44.272+0000] {logging_mixin.py:190} INFO - [2026-08-27T17:57:44.272+0000] {dagbag.py:588} INFO - Filling up the DagBag from /opt/airflow/projet/dags/callbacks.py
[2026-08-27T17:57:44.283+0000] {processor.py:927} WARNING - No viable dags retrieved from /opt/airflow/projet/dags/callbacks.py
[2026-08-27T17:57:44.294+0000] {processor.py:208} INFO - Processing /opt/airflow/projet/dags/callbacks.py took 0.030 seconds
[2026-08-27T17:58:14.684+0000] {processor.py:186} INFO - Started process (PID=3885) to work on /opt/airflow/projet/dags/callbacks.py
[2026-08-27T17:58:14.685+0000] {processor.py:914} INFO - Processing file /opt/airflow/projet/dags/callbacks.py for tasks to queue
[2026-08-27T17:58:14.689+0000] {logging_mixin.py:190} INFO - [2026-08-27T17:58:14.688+0000] {dagbag.py:588} INFO - Filling up the DagBag from /opt/airflow/projet/dags/callbacks.py
[2026-08-27T17:58:14.697+0000] {processor.py:927} WARNING - No viable dags retrieved from /opt/airflow/projet/dags/callbacks.py
[2026-08-27T17:58:14.714+0000] {processor.py:208} INFO - Processing /opt/airflow/projet/dags/callbacks.py took 0.037 seconds
[2026-08-27T17:58:45.041+0000] {processor.py:186} INFO - Started process (PID=3904) to work on /opt/airflow/projet/dags/callbacks.py
[2026-08-27T17:58:45.042+0000] {processor.py:914} INFO - Processing file /opt/airflow/projet/dags/callbacks.py for tasks to queue
[2026-08-27T17:58:45.046+0000] {logging_mixin.py:190} INFO - [2026-08-27T17:58:45.045+0000] {dagbag.py:588} INFO - Filling up the DagBag from /opt/airflow/projet/dags/callbacks.py
[2026-08-27T17:58:45.054+0000] {processor.py:927} WARNING - No viable dags retrieved from /opt/airflow/projet/dags/callbacks.py
[2026-08-27T17:58:45.066+0000] {processor.py:208} INFO - Processing /opt/airflow/projet/dags/callbacks.py took 0.028 seconds
[2026-08-27T17:59:15.450+0000] {processor.py:186} INFO - Started process (PID=3923) to work on /opt/airflow/projet/dags/callbacks.py
[2026-08-27T17:59:15.450+0000] {processor.py:914} INFO - Processing file /opt/airflow/projet/dags/callbacks.py for tasks to queue
[2026-08-27T17:59:15.454+0000] {logging_mixin.py:190} INFO - [2026-08-27T17:59:15.454+0000] {dagbag.py:588} INFO - Filling up the DagBag from /opt/airflow/projet/dags/callbacks.py
[2026-08-27T17:59:15.463+0000] {processor.py:927} WARNING - No viable dags retrieved from /opt/airflow/projet/dags/callbacks.py
[2026-08-27T17:59:15.474+0000] {processor.py:208} INFO - Processing /opt/airflow/projet/dags/callbacks.py took 0.029 seconds
[2026-08-27T17:59:45.779+0000] {processor.py:186} INFO - Started process (PID=3942) to work on /opt/airflow/projet/dags/callbacks.py
[2026-08-27T17:59:45.780+0000] {processor.py:914} INFO - Processing file /opt/airflow/projet/dags/callbacks.py for tasks to queue
[2026-08-27T17:59:45.782+0000] {logging_mixin.py:190} INFO - [2026-08-27T17:59:45.782+0000] {dagbag.py:588} INFO - Filling up the DagBag from /opt/airflow/projet/dags/callbacks.py
[2026-08-27T17:59:45.792+0000] {processor.py:927} WARNING - No viable dags retrieved from /opt/airflow/projet/dags/callbacks.py
[2026-08-27T17:59:45.802+0000] {processor.py:208} INFO - Processing /opt/airflow/projet/dags/callbacks.py took 0.026 seconds
[2026-08-27T18:00:16.243+0000] {processor.py:186} INFO - Started process (PID=3961) to work on /opt/airflow/projet/dags/callbacks.py
[2026-08-27T18:00:16.244+0000] {processor.py:914} INFO - Processing file /opt/airflow/projet/dags/callbacks.py for tasks to queue
[2026-08-27T18:00:16.248+0000] {logging_mixin.py:190} INFO - [2026-08-27T18:00:16.248+0000] {dagbag.py:588} INFO - Filling up the DagBag from /opt/airflow/projet/dags/callbacks.py
[2026-08-27T18:00:16.253+0000] {processor.py:927} WARNING - No viable dags retrieved from /opt/airflow/projet/dags/callbacks.py
[2026-08-27T18:00:16.265+0000] {processor.py:208} INFO - Processing /opt/airflow/projet/dags/callbacks.py took 0.027 seconds
[2026-08-27T18:00:46.696+0000] {processor.py:186} INFO - Started process (PID=3980) to work on /opt/airflow/projet/dags/callbacks.py
[2026-08-27T18:00:46.697+0000] {processor.py:914} INFO - Processing file /opt/airflow/projet/dags/callbacks.py for tasks to queue
[2026-08-27T18:00:46.701+0000] {logging_mixin.py:190} INFO - [2026-08-27T18:00:46.701+0000] {dagbag.py:588} INFO - Filling up the DagBag from /opt/airflow/projet/dags/callbacks.py
[2026-08-27T18:00:46.707+0000] {processor.py:927} WARNING - No viable dags retrieved from /opt/airflow/projet/dags/callbacks.py
[2026-08-27T18:00:46.723+0000] {processor.py:208} INFO - Processing /opt/airflow/projet/dags/callbacks.py took 0.034 seconds
