[2026-08-27T15:47:58.510+0000] {processor.py:186} INFO - Started process (PID=179) to work on /opt/airflow/projet/dags/dag_pipeline_cacao.py
[2026-08-27T15:47:58.510+0000] {processor.py:914} INFO - Processing file /opt/airflow/projet/dags/dag_pipeline_cacao.py for tasks to queue
[2026-08-27T15:47:58.511+0000] {logging_mixin.py:190} INFO - [2026-08-27T15:47:58.511+0000] {dagbag.py:588} INFO - Filling up the DagBag from /opt/airflow/projet/dags/dag_pipeline_cacao.py
[2026-08-27T15:47:58.524+0000] {processor.py:925} INFO - DAG(s) 'pipeline_cacao_ci' retrieved from /opt/airflow/projet/dags/dag_pipeline_cacao.py
[2026-08-27T15:47:58.610+0000] {logging_mixin.py:190} INFO - [2026-08-27T15:47:58.609+0000] {override.py:1912} INFO - Created Permission View: can delete on DAG:pipeline_cacao_ci
[2026-08-27T15:47:58.613+0000] {logging_mixin.py:190} INFO - [2026-08-27T15:47:58.613+0000] {override.py:1912} INFO - Created Permission View: can read on DAG:pipeline_cacao_ci
[2026-08-27T15:47:58.691+0000] {logging_mixin.py:190} INFO - [2026-08-27T15:47:58.691+0000] {override.py:1912} INFO - Created Permission View: can edit on DAG:pipeline_cacao_ci
[2026-08-27T15:47:58.694+0000] {logging_mixin.py:190} INFO - [2026-08-27T15:47:58.694+0000] {override.py:1912} INFO - Created Permission View: can create on DAG Run:pipeline_cacao_ci
[2026-08-27T15:47:58.696+0000] {logging_mixin.py:190} INFO - [2026-08-27T15:47:58.696+0000] {override.py:1912} INFO - Created Permission View: can read on DAG Run:pipeline_cacao_ci
[2026-08-27T15:47:58.697+0000] {logging_mixin.py:190} INFO - [2026-08-27T15:47:58.697+0000] {override.py:1912} INFO - Created Permission View: can delete on DAG Run:pipeline_cacao_ci
[2026-08-27T15:47:58.699+0000] {logging_mixin.py:190} INFO - [2026-08-27T15:47:58.699+0000] {override.py:1912} INFO - Created Permission View: menu access on DAG Run:pipeline_cacao_ci
[2026-08-27T15:47:58.699+0000] {logging_mixin.py:190} INFO - [2026-08-27T15:47:58.699+0000] {dag.py:3239} INFO - Sync 1 DAGs
[2026-08-27T15:47:58.704+0000] {logging_mixin.py:190} INFO - [2026-08-27T15:47:58.704+0000] {dag.py:3262} INFO - Creating ORM DAG for pipeline_cacao_ci
[2026-08-27T15:47:58.708+0000] {logging_mixin.py:190} INFO - [2026-08-27T15:47:58.708+0000] {dag.py:4180} INFO - Setting next_dagrun for pipeline_cacao_ci to 2026-08-25 22:00:00+00:00, run_after=2026-08-26 22:00:00+00:00
[2026-08-27T15:47:58.715+0000] {processor.py:208} INFO - Processing /opt/airflow/projet/dags/dag_pipeline_cacao.py took 0.208 seconds
[2026-08-27T15:48:28.796+0000] {processor.py:186} INFO - Started process (PID=198) to work on /opt/airflow/projet/dags/dag_pipeline_cacao.py
[2026-08-27T15:48:28.797+0000] {processor.py:914} INFO - Processing file /opt/airflow/projet/dags/dag_pipeline_cacao.py for tasks to queue
[2026-08-27T15:48:28.799+0000] {logging_mixin.py:190} INFO - [2026-08-27T15:48:28.799+0000] {dagbag.py:588} INFO - Filling up the DagBag from /opt/airflow/projet/dags/dag_pipeline_cacao.py
[2026-08-27T15:48:28.818+0000] {processor.py:925} INFO - DAG(s) 'pipeline_cacao_ci' retrieved from /opt/airflow/projet/dags/dag_pipeline_cacao.py
[2026-08-27T15:48:28.844+0000] {logging_mixin.py:190} INFO - [2026-08-27T15:48:28.844+0000] {dag.py:3239} INFO - Sync 1 DAGs
[2026-08-27T15:48:28.855+0000] {logging_mixin.py:190} INFO - [2026-08-27T15:48:28.855+0000] {dag.py:4180} INFO - Setting next_dagrun for pipeline_cacao_ci to 2026-08-25 22:00:00+00:00, run_after=2026-08-26 22:00:00+00:00
[2026-08-27T15:48:28.867+0000] {processor.py:208} INFO - Processing /opt/airflow/projet/dags/dag_pipeline_cacao.py took 0.077 seconds
[2026-08-27T15:48:59.143+0000] {processor.py:186} INFO - Started process (PID=217) to work on /opt/airflow/projet/dags/dag_pipeline_cacao.py
[2026-08-27T15:48:59.144+0000] {processor.py:914} INFO - Processing file /opt/airflow/projet/dags/dag_pipeline_cacao.py for tasks to queue
[2026-08-27T15:48:59.147+0000] {logging_mixin.py:190} INFO - [2026-08-27T15:48:59.146+0000] {dagbag.py:588} INFO - Filling up the DagBag from /opt/airflow/projet/dags/dag_pipeline_cacao.py
[2026-08-27T15:48:59.164+0000] {processor.py:925} INFO - DAG(s) 'pipeline_cacao_ci' retrieved from /opt/airflow/projet/dags/dag_pipeline_cacao.py
[2026-08-27T15:48:59.191+0000] {logging_mixin.py:190} INFO - [2026-08-27T15:48:59.191+0000] {dag.py:3239} INFO - Sync 1 DAGs
[2026-08-27T15:48:59.203+0000] {logging_mixin.py:190} INFO - [2026-08-27T15:48:59.203+0000] {dag.py:4180} INFO - Setting next_dagrun for pipeline_cacao_ci to 2026-08-25 22:00:00+00:00, run_after=2026-08-26 22:00:00+00:00
[2026-08-27T15:48:59.210+0000] {processor.py:208} INFO - Processing /opt/airflow/projet/dags/dag_pipeline_cacao.py took 0.075 seconds
[2026-08-27T15:49:29.523+0000] {processor.py:186} INFO - Started process (PID=236) to work on /opt/airflow/projet/dags/dag_pipeline_cacao.py
[2026-08-27T15:49:29.525+0000] {processor.py:914} INFO - Processing file /opt/airflow/projet/dags/dag_pipeline_cacao.py for tasks to queue
[2026-08-27T15:49:29.527+0000] {logging_mixin.py:190} INFO - [2026-08-27T15:49:29.527+0000] {dagbag.py:588} INFO - Filling up the DagBag from /opt/airflow/projet/dags/dag_pipeline_cacao.py
[2026-08-27T15:49:29.550+0000] {processor.py:925} INFO - DAG(s) 'pipeline_cacao_ci' retrieved from /opt/airflow/projet/dags/dag_pipeline_cacao.py
[2026-08-27T15:49:29.584+0000] {logging_mixin.py:190} INFO - [2026-08-27T15:49:29.584+0000] {dag.py:3239} INFO - Sync 1 DAGs
[2026-08-27T15:49:29.601+0000] {logging_mixin.py:190} INFO - [2026-08-27T15:49:29.601+0000] {dag.py:4180} INFO - Setting next_dagrun for pipeline_cacao_ci to 2026-08-25 22:00:00+00:00, run_after=2026-08-26 22:00:00+00:00
[2026-08-27T15:49:29.858+0000] {processor.py:208} INFO - Processing /opt/airflow/projet/dags/dag_pipeline_cacao.py took 0.344 seconds
[2026-08-27T15:49:59.939+0000] {processor.py:186} INFO - Started process (PID=255) to work on /opt/airflow/projet/dags/dag_pipeline_cacao.py
[2026-08-27T15:49:59.940+0000] {processor.py:914} INFO - Processing file /opt/airflow/projet/dags/dag_pipeline_cacao.py for tasks to queue
[2026-08-27T15:49:59.943+0000] {logging_mixin.py:190} INFO - [2026-08-27T15:49:59.943+0000] {dagbag.py:588} INFO - Filling up the DagBag from /opt/airflow/projet/dags/dag_pipeline_cacao.py
[2026-08-27T15:49:59.967+0000] {processor.py:925} INFO - DAG(s) 'pipeline_cacao_ci' retrieved from /opt/airflow/projet/dags/dag_pipeline_cacao.py
[2026-08-27T15:49:59.991+0000] {logging_mixin.py:190} INFO - [2026-08-27T15:49:59.991+0000] {dag.py:3239} INFO - Sync 1 DAGs
[2026-08-27T15:50:00.105+0000] {logging_mixin.py:190} INFO - [2026-08-27T15:50:00.105+0000] {dag.py:4180} INFO - Setting next_dagrun for pipeline_cacao_ci to 2026-08-25 22:00:00+00:00, run_after=2026-08-26 22:00:00+00:00
[2026-08-27T15:50:00.112+0000] {processor.py:208} INFO - Processing /opt/airflow/projet/dags/dag_pipeline_cacao.py took 0.179 seconds
[2026-08-27T15:50:30.339+0000] {processor.py:186} INFO - Started process (PID=274) to work on /opt/airflow/projet/dags/dag_pipeline_cacao.py
[2026-08-27T15:50:30.339+0000] {processor.py:914} INFO - Processing file /opt/airflow/projet/dags/dag_pipeline_cacao.py for tasks to queue
[2026-08-27T15:50:30.341+0000] {logging_mixin.py:190} INFO - [2026-08-27T15:50:30.341+0000] {dagbag.py:588} INFO - Filling up the DagBag from /opt/airflow/projet/dags/dag_pipeline_cacao.py
[2026-08-27T15:50:30.356+0000] {processor.py:925} INFO - DAG(s) 'pipeline_cacao_ci' retrieved from /opt/airflow/projet/dags/dag_pipeline_cacao.py
[2026-08-27T15:50:30.453+0000] {logging_mixin.py:190} INFO - [2026-08-27T15:50:30.452+0000] {dag.py:3239} INFO - Sync 1 DAGs
[2026-08-27T15:50:30.461+0000] {logging_mixin.py:190} INFO - [2026-08-27T15:50:30.461+0000] {dag.py:4180} INFO - Setting next_dagrun for pipeline_cacao_ci to 2026-08-25 22:00:00+00:00, run_after=2026-08-26 22:00:00+00:00
[2026-08-27T15:50:30.467+0000] {processor.py:208} INFO - Processing /opt/airflow/projet/dags/dag_pipeline_cacao.py took 0.135 seconds
[2026-08-27T15:51:00.765+0000] {processor.py:186} INFO - Started process (PID=293) to work on /opt/airflow/projet/dags/dag_pipeline_cacao.py
[2026-08-27T15:51:00.766+0000] {processor.py:914} INFO - Processing file /opt/airflow/projet/dags/dag_pipeline_cacao.py for tasks to queue
[2026-08-27T15:51:00.769+0000] {logging_mixin.py:190} INFO - [2026-08-27T15:51:00.769+0000] {dagbag.py:588} INFO - Filling up the DagBag from /opt/airflow/projet/dags/dag_pipeline_cacao.py
[2026-08-27T15:51:00.793+0000] {processor.py:925} INFO - DAG(s) 'pipeline_cacao_ci' retrieved from /opt/airflow/projet/dags/dag_pipeline_cacao.py
[2026-08-27T15:51:00.818+0000] {logging_mixin.py:190} INFO - [2026-08-27T15:51:00.817+0000] {dag.py:3239} INFO - Sync 1 DAGs
[2026-08-27T15:51:00.829+0000] {logging_mixin.py:190} INFO - [2026-08-27T15:51:00.829+0000] {dag.py:4180} INFO - Setting next_dagrun for pipeline_cacao_ci to 2026-08-25 22:00:00+00:00, run_after=2026-08-26 22:00:00+00:00
[2026-08-27T15:51:00.837+0000] {processor.py:208} INFO - Processing /opt/airflow/projet/dags/dag_pipeline_cacao.py took 0.079 seconds
[2026-08-27T15:51:31.169+0000] {processor.py:186} INFO - Started process (PID=312) to work on /opt/airflow/projet/dags/dag_pipeline_cacao.py
[2026-08-27T15:51:31.169+0000] {processor.py:914} INFO - Processing file /opt/airflow/projet/dags/dag_pipeline_cacao.py for tasks to queue
[2026-08-27T15:51:31.172+0000] {logging_mixin.py:190} INFO - [2026-08-27T15:51:31.171+0000] {dagbag.py:588} INFO - Filling up the DagBag from /opt/airflow/projet/dags/dag_pipeline_cacao.py
[2026-08-27T15:51:31.188+0000] {processor.py:925} INFO - DAG(s) 'pipeline_cacao_ci' retrieved from /opt/airflow/projet/dags/dag_pipeline_cacao.py
[2026-08-27T15:51:31.212+0000] {logging_mixin.py:190} INFO - [2026-08-27T15:51:31.212+0000] {dag.py:3239} INFO - Sync 1 DAGs
[2026-08-27T15:51:31.222+0000] {logging_mixin.py:190} INFO - [2026-08-27T15:51:31.222+0000] {dag.py:4180} INFO - Setting next_dagrun for pipeline_cacao_ci to 2026-08-25 22:00:00+00:00, run_after=2026-08-26 22:00:00+00:00
[2026-08-27T15:51:31.319+0000] {processor.py:208} INFO - Processing /opt/airflow/projet/dags/dag_pipeline_cacao.py took 0.158 seconds
[2026-08-27T15:52:01.495+0000] {processor.py:186} INFO - Started process (PID=331) to work on /opt/airflow/projet/dags/dag_pipeline_cacao.py
[2026-08-27T15:52:01.495+0000] {processor.py:914} INFO - Processing file /opt/airflow/projet/dags/dag_pipeline_cacao.py for tasks to queue
[2026-08-27T15:52:01.496+0000] {logging_mixin.py:190} INFO - [2026-08-27T15:52:01.496+0000] {dagbag.py:588} INFO - Filling up the DagBag from /opt/airflow/projet/dags/dag_pipeline_cacao.py
[2026-08-27T15:52:01.505+0000] {processor.py:925} INFO - DAG(s) 'pipeline_cacao_ci' retrieved from /opt/airflow/projet/dags/dag_pipeline_cacao.py
[2026-08-27T15:52:01.529+0000] {logging_mixin.py:190} INFO - [2026-08-27T15:52:01.529+0000] {dag.py:3239} INFO - Sync 1 DAGs
[2026-08-27T15:52:01.615+0000] {logging_mixin.py:190} INFO - [2026-08-27T15:52:01.615+0000] {dag.py:4180} INFO - Setting next_dagrun for pipeline_cacao_ci to 2026-08-25 22:00:00+00:00, run_after=2026-08-26 22:00:00+00:00
[2026-08-27T15:52:01.621+0000] {processor.py:208} INFO - Processing /opt/airflow/projet/dags/dag_pipeline_cacao.py took 0.130 seconds
[2026-08-27T15:52:31.934+0000] {processor.py:186} INFO - Started process (PID=350) to work on /opt/airflow/projet/dags/dag_pipeline_cacao.py
[2026-08-27T15:52:31.935+0000] {processor.py:914} INFO - Processing file /opt/airflow/projet/dags/dag_pipeline_cacao.py for tasks to queue
[2026-08-27T15:52:31.937+0000] {logging_mixin.py:190} INFO - [2026-08-27T15:52:31.937+0000] {dagbag.py:588} INFO - Filling up the DagBag from /opt/airflow/projet/dags/dag_pipeline_cacao.py
[2026-08-27T15:52:31.956+0000] {processor.py:925} INFO - DAG(s) 'pipeline_cacao_ci' retrieved from /opt/airflow/projet/dags/dag_pipeline_cacao.py
[2026-08-27T15:52:32.053+0000] {logging_mixin.py:190} INFO - [2026-08-27T15:52:32.053+0000] {dag.py:3239} INFO - Sync 1 DAGs
[2026-08-27T15:52:32.062+0000] {logging_mixin.py:190} INFO - [2026-08-27T15:52:32.062+0000] {dag.py:4180} INFO - Setting next_dagrun for pipeline_cacao_ci to 2026-08-25 22:00:00+00:00, run_after=2026-08-26 22:00:00+00:00
[2026-08-27T15:52:32.068+0000] {processor.py:208} INFO - Processing /opt/airflow/projet/dags/dag_pipeline_cacao.py took 0.141 seconds
[2026-08-27T15:53:02.494+0000] {processor.py:186} INFO - Started process (PID=369) to work on /opt/airflow/projet/dags/dag_pipeline_cacao.py
[2026-08-27T15:53:02.495+0000] {processor.py:914} INFO - Processing file /opt/airflow/projet/dags/dag_pipeline_cacao.py for tasks to queue
[2026-08-27T15:53:02.497+0000] {logging_mixin.py:190} INFO - [2026-08-27T15:53:02.497+0000] {dagbag.py:588} INFO - Filling up the DagBag from /opt/airflow/projet/dags/dag_pipeline_cacao.py
[2026-08-27T15:53:02.513+0000] {processor.py:925} INFO - DAG(s) 'pipeline_cacao_ci' retrieved from /opt/airflow/projet/dags/dag_pipeline_cacao.py
[2026-08-27T15:53:02.538+0000] {logging_mixin.py:190} INFO - [2026-08-27T15:53:02.538+0000] {dag.py:3239} INFO - Sync 1 DAGs
[2026-08-27T15:53:02.549+0000] {logging_mixin.py:190} INFO - [2026-08-27T15:53:02.549+0000] {dag.py:4180} INFO - Setting next_dagrun for pipeline_cacao_ci to 2026-08-25 22:00:00+00:00, run_after=2026-08-26 22:00:00+00:00
[2026-08-27T15:53:02.556+0000] {processor.py:208} INFO - Processing /opt/airflow/projet/dags/dag_pipeline_cacao.py took 0.067 seconds
[2026-08-27T15:53:32.911+0000] {processor.py:186} INFO - Started process (PID=388) to work on /opt/airflow/projet/dags/dag_pipeline_cacao.py
[2026-08-27T15:53:32.911+0000] {processor.py:914} INFO - Processing file /opt/airflow/projet/dags/dag_pipeline_cacao.py for tasks to queue
[2026-08-27T15:53:32.913+0000] {logging_mixin.py:190} INFO - [2026-08-27T15:53:32.913+0000] {dagbag.py:588} INFO - Filling up the DagBag from /opt/airflow/projet/dags/dag_pipeline_cacao.py
[2026-08-27T15:53:32.928+0000] {processor.py:925} INFO - DAG(s) 'pipeline_cacao_ci' retrieved from /opt/airflow/projet/dags/dag_pipeline_cacao.py
[2026-08-27T15:53:32.954+0000] {logging_mixin.py:190} INFO - [2026-08-27T15:53:32.954+0000] {dag.py:3239} INFO - Sync 1 DAGs
[2026-08-27T15:53:32.966+0000] {logging_mixin.py:190} INFO - [2026-08-27T15:53:32.966+0000] {dag.py:4180} INFO - Setting next_dagrun for pipeline_cacao_ci to 2026-08-25 22:00:00+00:00, run_after=2026-08-26 22:00:00+00:00
[2026-08-27T15:53:32.973+0000] {processor.py:208} INFO - Processing /opt/airflow/projet/dags/dag_pipeline_cacao.py took 0.069 seconds
[2026-08-27T15:54:03.320+0000] {processor.py:186} INFO - Started process (PID=407) to work on /opt/airflow/projet/dags/dag_pipeline_cacao.py
[2026-08-27T15:54:03.320+0000] {processor.py:914} INFO - Processing file /opt/airflow/projet/dags/dag_pipeline_cacao.py for tasks to queue
[2026-08-27T15:54:03.323+0000] {logging_mixin.py:190} INFO - [2026-08-27T15:54:03.322+0000] {dagbag.py:588} INFO - Filling up the DagBag from /opt/airflow/projet/dags/dag_pipeline_cacao.py
[2026-08-27T15:54:03.343+0000] {processor.py:925} INFO - DAG(s) 'pipeline_cacao_ci' retrieved from /opt/airflow/projet/dags/dag_pipeline_cacao.py
[2026-08-27T15:54:03.369+0000] {logging_mixin.py:190} INFO - [2026-08-27T15:54:03.369+0000] {dag.py:3239} INFO - Sync 1 DAGs
[2026-08-27T15:54:03.380+0000] {logging_mixin.py:190} INFO - [2026-08-27T15:54:03.380+0000] {dag.py:4180} INFO - Setting next_dagrun for pipeline_cacao_ci to 2026-08-25 22:00:00+00:00, run_after=2026-08-26 22:00:00+00:00
[2026-08-27T15:54:03.387+0000] {processor.py:208} INFO - Processing /opt/airflow/projet/dags/dag_pipeline_cacao.py took 0.073 seconds
[2026-08-27T15:54:33.679+0000] {processor.py:186} INFO - Started process (PID=425) to work on /opt/airflow/projet/dags/dag_pipeline_cacao.py
[2026-08-27T15:54:33.680+0000] {processor.py:914} INFO - Processing file /opt/airflow/projet/dags/dag_pipeline_cacao.py for tasks to queue
[2026-08-27T15:54:33.683+0000] {logging_mixin.py:190} INFO - [2026-08-27T15:54:33.683+0000] {dagbag.py:588} INFO - Filling up the DagBag from /opt/airflow/projet/dags/dag_pipeline_cacao.py
[2026-08-27T15:54:33.700+0000] {processor.py:925} INFO - DAG(s) 'pipeline_cacao_ci' retrieved from /opt/airflow/projet/dags/dag_pipeline_cacao.py
[2026-08-27T15:54:33.731+0000] {logging_mixin.py:190} INFO - [2026-08-27T15:54:33.730+0000] {dag.py:3239} INFO - Sync 1 DAGs
[2026-08-27T15:54:33.744+0000] {logging_mixin.py:190} INFO - [2026-08-27T15:54:33.744+0000] {dag.py:4180} INFO - Setting next_dagrun for pipeline_cacao_ci to 2026-08-25 22:00:00+00:00, run_after=2026-08-26 22:00:00+00:00
[2026-08-27T15:54:33.754+0000] {processor.py:208} INFO - Processing /opt/airflow/projet/dags/dag_pipeline_cacao.py took 0.081 seconds
[2026-08-27T15:55:04.086+0000] {processor.py:186} INFO - Started process (PID=436) to work on /opt/airflow/projet/dags/dag_pipeline_cacao.py
[2026-08-27T15:55:04.087+0000] {processor.py:914} INFO - Processing file /opt/airflow/projet/dags/dag_pipeline_cacao.py for tasks to queue
[2026-08-27T15:55:04.089+0000] {logging_mixin.py:190} INFO - [2026-08-27T15:55:04.089+0000] {dagbag.py:588} INFO - Filling up the DagBag from /opt/airflow/projet/dags/dag_pipeline_cacao.py
[2026-08-27T15:55:04.106+0000] {processor.py:925} INFO - DAG(s) 'pipeline_cacao_ci' retrieved from /opt/airflow/projet/dags/dag_pipeline_cacao.py
[2026-08-27T15:55:04.132+0000] {logging_mixin.py:190} INFO - [2026-08-27T15:55:04.132+0000] {dag.py:3239} INFO - Sync 1 DAGs
[2026-08-27T15:55:04.143+0000] {logging_mixin.py:190} INFO - [2026-08-27T15:55:04.143+0000] {dag.py:4180} INFO - Setting next_dagrun for pipeline_cacao_ci to 2026-08-25 22:00:00+00:00, run_after=2026-08-26 22:00:00+00:00
[2026-08-27T15:55:04.150+0000] {processor.py:208} INFO - Processing /opt/airflow/projet/dags/dag_pipeline_cacao.py took 0.071 seconds
[2026-08-27T15:55:34.527+0000] {processor.py:186} INFO - Started process (PID=455) to work on /opt/airflow/projet/dags/dag_pipeline_cacao.py
[2026-08-27T15:55:34.528+0000] {processor.py:914} INFO - Processing file /opt/airflow/projet/dags/dag_pipeline_cacao.py for tasks to queue
[2026-08-27T15:55:34.531+0000] {logging_mixin.py:190} INFO - [2026-08-27T15:55:34.531+0000] {dagbag.py:588} INFO - Filling up the DagBag from /opt/airflow/projet/dags/dag_pipeline_cacao.py
[2026-08-27T15:55:34.549+0000] {processor.py:925} INFO - DAG(s) 'pipeline_cacao_ci' retrieved from /opt/airflow/projet/dags/dag_pipeline_cacao.py
[2026-08-27T15:55:34.578+0000] {logging_mixin.py:190} INFO - [2026-08-27T15:55:34.578+0000] {dag.py:3239} INFO - Sync 1 DAGs
[2026-08-27T15:55:34.590+0000] {logging_mixin.py:190} INFO - [2026-08-27T15:55:34.590+0000] {dag.py:4180} INFO - Setting next_dagrun for pipeline_cacao_ci to 2026-08-25 22:00:00+00:00, run_after=2026-08-26 22:00:00+00:00
[2026-08-27T15:55:34.597+0000] {processor.py:208} INFO - Processing /opt/airflow/projet/dags/dag_pipeline_cacao.py took 0.079 seconds
[2026-08-27T15:56:04.972+0000] {processor.py:186} INFO - Started process (PID=474) to work on /opt/airflow/projet/dags/dag_pipeline_cacao.py
[2026-08-27T15:56:04.977+0000] {processor.py:914} INFO - Processing file /opt/airflow/projet/dags/dag_pipeline_cacao.py for tasks to queue
[2026-08-27T15:56:04.981+0000] {logging_mixin.py:190} INFO - [2026-08-27T15:56:04.981+0000] {dagbag.py:588} INFO - Filling up the DagBag from /opt/airflow/projet/dags/dag_pipeline_cacao.py
[2026-08-27T15:56:05.019+0000] {processor.py:925} INFO - DAG(s) 'pipeline_cacao_ci' retrieved from /opt/airflow/projet/dags/dag_pipeline_cacao.py
[2026-08-27T15:56:05.058+0000] {logging_mixin.py:190} INFO - [2026-08-27T15:56:05.057+0000] {dag.py:3239} INFO - Sync 1 DAGs
[2026-08-27T15:56:05.078+0000] {logging_mixin.py:190} INFO - [2026-08-27T15:56:05.078+0000] {dag.py:4180} INFO - Setting next_dagrun for pipeline_cacao_ci to 2026-08-25 22:00:00+00:00, run_after=2026-08-26 22:00:00+00:00
[2026-08-27T15:56:05.088+0000] {processor.py:208} INFO - Processing /opt/airflow/projet/dags/dag_pipeline_cacao.py took 0.128 seconds
[2026-08-27T15:56:35.380+0000] {processor.py:186} INFO - Started process (PID=493) to work on /opt/airflow/projet/dags/dag_pipeline_cacao.py
[2026-08-27T15:56:35.380+0000] {processor.py:914} INFO - Processing file /opt/airflow/projet/dags/dag_pipeline_cacao.py for tasks to queue
[2026-08-27T15:56:35.382+0000] {logging_mixin.py:190} INFO - [2026-08-27T15:56:35.382+0000] {dagbag.py:588} INFO - Filling up the DagBag from /opt/airflow/projet/dags/dag_pipeline_cacao.py
[2026-08-27T15:56:35.400+0000] {processor.py:925} INFO - DAG(s) 'pipeline_cacao_ci' retrieved from /opt/airflow/projet/dags/dag_pipeline_cacao.py
[2026-08-27T15:56:35.425+0000] {logging_mixin.py:190} INFO - [2026-08-27T15:56:35.424+0000] {dag.py:3239} INFO - Sync 1 DAGs
[2026-08-27T15:56:35.435+0000] {logging_mixin.py:190} INFO - [2026-08-27T15:56:35.435+0000] {dag.py:4180} INFO - Setting next_dagrun for pipeline_cacao_ci to 2026-08-25 22:00:00+00:00, run_after=2026-08-26 22:00:00+00:00
[2026-08-27T15:56:35.442+0000] {processor.py:208} INFO - Processing /opt/airflow/projet/dags/dag_pipeline_cacao.py took 0.070 seconds
[2026-08-27T15:57:05.804+0000] {processor.py:186} INFO - Started process (PID=512) to work on /opt/airflow/projet/dags/dag_pipeline_cacao.py
[2026-08-27T15:57:05.804+0000] {processor.py:914} INFO - Processing file /opt/airflow/projet/dags/dag_pipeline_cacao.py for tasks to queue
[2026-08-27T15:57:05.807+0000] {logging_mixin.py:190} INFO - [2026-08-27T15:57:05.807+0000] {dagbag.py:588} INFO - Filling up the DagBag from /opt/airflow/projet/dags/dag_pipeline_cacao.py
[2026-08-27T15:57:05.827+0000] {processor.py:925} INFO - DAG(s) 'pipeline_cacao_ci' retrieved from /opt/airflow/projet/dags/dag_pipeline_cacao.py
[2026-08-27T15:57:05.853+0000] {logging_mixin.py:190} INFO - [2026-08-27T15:57:05.853+0000] {dag.py:3239} INFO - Sync 1 DAGs
[2026-08-27T15:57:05.865+0000] {logging_mixin.py:190} INFO - [2026-08-27T15:57:05.865+0000] {dag.py:4180} INFO - Setting next_dagrun for pipeline_cacao_ci to 2026-08-25 22:00:00+00:00, run_after=2026-08-26 22:00:00+00:00
[2026-08-27T15:57:05.872+0000] {processor.py:208} INFO - Processing /opt/airflow/projet/dags/dag_pipeline_cacao.py took 0.075 seconds
[2026-08-27T15:57:36.203+0000] {processor.py:186} INFO - Started process (PID=531) to work on /opt/airflow/projet/dags/dag_pipeline_cacao.py
[2026-08-27T15:57:36.204+0000] {processor.py:914} INFO - Processing file /opt/airflow/projet/dags/dag_pipeline_cacao.py for tasks to queue
[2026-08-27T15:57:36.206+0000] {logging_mixin.py:190} INFO - [2026-08-27T15:57:36.206+0000] {dagbag.py:588} INFO - Filling up the DagBag from /opt/airflow/projet/dags/dag_pipeline_cacao.py
[2026-08-27T15:57:36.227+0000] {processor.py:925} INFO - DAG(s) 'pipeline_cacao_ci' retrieved from /opt/airflow/projet/dags/dag_pipeline_cacao.py
[2026-08-27T15:57:36.253+0000] {logging_mixin.py:190} INFO - [2026-08-27T15:57:36.253+0000] {dag.py:3239} INFO - Sync 1 DAGs
[2026-08-27T15:57:36.264+0000] {logging_mixin.py:190} INFO - [2026-08-27T15:57:36.264+0000] {dag.py:4180} INFO - Setting next_dagrun for pipeline_cacao_ci to 2026-08-25 22:00:00+00:00, run_after=2026-08-26 22:00:00+00:00
[2026-08-27T15:57:36.271+0000] {processor.py:208} INFO - Processing /opt/airflow/projet/dags/dag_pipeline_cacao.py took 0.078 seconds
[2026-08-27T15:58:06.622+0000] {processor.py:186} INFO - Started process (PID=550) to work on /opt/airflow/projet/dags/dag_pipeline_cacao.py
[2026-08-27T15:58:06.623+0000] {processor.py:914} INFO - Processing file /opt/airflow/projet/dags/dag_pipeline_cacao.py for tasks to queue
[2026-08-27T15:58:06.626+0000] {logging_mixin.py:190} INFO - [2026-08-27T15:58:06.626+0000] {dagbag.py:588} INFO - Filling up the DagBag from /opt/airflow/projet/dags/dag_pipeline_cacao.py
[2026-08-27T15:58:06.648+0000] {processor.py:925} INFO - DAG(s) 'pipeline_cacao_ci' retrieved from /opt/airflow/projet/dags/dag_pipeline_cacao.py
[2026-08-27T15:58:06.673+0000] {logging_mixin.py:190} INFO - [2026-08-27T15:58:06.673+0000] {dag.py:3239} INFO - Sync 1 DAGs
[2026-08-27T15:58:06.685+0000] {logging_mixin.py:190} INFO - [2026-08-27T15:58:06.685+0000] {dag.py:4180} INFO - Setting next_dagrun for pipeline_cacao_ci to 2026-08-25 22:00:00+00:00, run_after=2026-08-26 22:00:00+00:00
[2026-08-27T15:58:06.693+0000] {processor.py:208} INFO - Processing /opt/airflow/projet/dags/dag_pipeline_cacao.py took 0.078 seconds
[2026-08-27T15:58:37.057+0000] {processor.py:186} INFO - Started process (PID=569) to work on /opt/airflow/projet/dags/dag_pipeline_cacao.py
[2026-08-27T15:58:37.058+0000] {processor.py:914} INFO - Processing file /opt/airflow/projet/dags/dag_pipeline_cacao.py for tasks to queue
[2026-08-27T15:58:37.060+0000] {logging_mixin.py:190} INFO - [2026-08-27T15:58:37.060+0000] {dagbag.py:588} INFO - Filling up the DagBag from /opt/airflow/projet/dags/dag_pipeline_cacao.py
[2026-08-27T15:58:37.075+0000] {processor.py:925} INFO - DAG(s) 'pipeline_cacao_ci' retrieved from /opt/airflow/projet/dags/dag_pipeline_cacao.py
[2026-08-27T15:58:37.102+0000] {logging_mixin.py:190} INFO - [2026-08-27T15:58:37.102+0000] {dag.py:3239} INFO - Sync 1 DAGs
[2026-08-27T15:58:37.113+0000] {logging_mixin.py:190} INFO - [2026-08-27T15:58:37.113+0000] {dag.py:4180} INFO - Setting next_dagrun for pipeline_cacao_ci to 2026-08-25 22:00:00+00:00, run_after=2026-08-26 22:00:00+00:00
[2026-08-27T15:58:37.120+0000] {processor.py:208} INFO - Processing /opt/airflow/projet/dags/dag_pipeline_cacao.py took 0.070 seconds
[2026-08-27T15:59:07.496+0000] {processor.py:186} INFO - Started process (PID=588) to work on /opt/airflow/projet/dags/dag_pipeline_cacao.py
[2026-08-27T15:59:07.497+0000] {processor.py:914} INFO - Processing file /opt/airflow/projet/dags/dag_pipeline_cacao.py for tasks to queue
[2026-08-27T15:59:07.500+0000] {logging_mixin.py:190} INFO - [2026-08-27T15:59:07.499+0000] {dagbag.py:588} INFO - Filling up the DagBag from /opt/airflow/projet/dags/dag_pipeline_cacao.py
[2026-08-27T15:59:07.518+0000] {processor.py:925} INFO - DAG(s) 'pipeline_cacao_ci' retrieved from /opt/airflow/projet/dags/dag_pipeline_cacao.py
[2026-08-27T15:59:07.544+0000] {logging_mixin.py:190} INFO - [2026-08-27T15:59:07.544+0000] {dag.py:3239} INFO - Sync 1 DAGs
[2026-08-27T15:59:07.556+0000] {logging_mixin.py:190} INFO - [2026-08-27T15:59:07.556+0000] {dag.py:4180} INFO - Setting next_dagrun for pipeline_cacao_ci to 2026-08-25 22:00:00+00:00, run_after=2026-08-26 22:00:00+00:00
[2026-08-27T15:59:07.563+0000] {processor.py:208} INFO - Processing /opt/airflow/projet/dags/dag_pipeline_cacao.py took 0.075 seconds
[2026-08-27T15:59:37.905+0000] {processor.py:186} INFO - Started process (PID=607) to work on /opt/airflow/projet/dags/dag_pipeline_cacao.py
[2026-08-27T15:59:37.906+0000] {processor.py:914} INFO - Processing file /opt/airflow/projet/dags/dag_pipeline_cacao.py for tasks to queue
[2026-08-27T15:59:37.908+0000] {logging_mixin.py:190} INFO - [2026-08-27T15:59:37.908+0000] {dagbag.py:588} INFO - Filling up the DagBag from /opt/airflow/projet/dags/dag_pipeline_cacao.py
[2026-08-27T15:59:37.919+0000] {processor.py:925} INFO - DAG(s) 'pipeline_cacao_ci' retrieved from /opt/airflow/projet/dags/dag_pipeline_cacao.py
[2026-08-27T15:59:37.945+0000] {logging_mixin.py:190} INFO - [2026-08-27T15:59:37.945+0000] {dag.py:3239} INFO - Sync 1 DAGs
[2026-08-27T15:59:37.958+0000] {logging_mixin.py:190} INFO - [2026-08-27T15:59:37.957+0000] {dag.py:4180} INFO - Setting next_dagrun for pipeline_cacao_ci to 2026-08-25 22:00:00+00:00, run_after=2026-08-26 22:00:00+00:00
[2026-08-27T15:59:37.965+0000] {processor.py:208} INFO - Processing /opt/airflow/projet/dags/dag_pipeline_cacao.py took 0.064 seconds
[2026-08-27T16:00:08.319+0000] {processor.py:186} INFO - Started process (PID=626) to work on /opt/airflow/projet/dags/dag_pipeline_cacao.py
[2026-08-27T16:00:08.320+0000] {processor.py:914} INFO - Processing file /opt/airflow/projet/dags/dag_pipeline_cacao.py for tasks to queue
[2026-08-27T16:00:08.322+0000] {logging_mixin.py:190} INFO - [2026-08-27T16:00:08.322+0000] {dagbag.py:588} INFO - Filling up the DagBag from /opt/airflow/projet/dags/dag_pipeline_cacao.py
[2026-08-27T16:00:08.341+0000] {processor.py:925} INFO - DAG(s) 'pipeline_cacao_ci' retrieved from /opt/airflow/projet/dags/dag_pipeline_cacao.py
[2026-08-27T16:00:08.368+0000] {logging_mixin.py:190} INFO - [2026-08-27T16:00:08.368+0000] {dag.py:3239} INFO - Sync 1 DAGs
[2026-08-27T16:00:08.380+0000] {logging_mixin.py:190} INFO - [2026-08-27T16:00:08.380+0000] {dag.py:4180} INFO - Setting next_dagrun for pipeline_cacao_ci to 2026-08-25 22:00:00+00:00, run_after=2026-08-26 22:00:00+00:00
[2026-08-27T16:00:08.388+0000] {processor.py:208} INFO - Processing /opt/airflow/projet/dags/dag_pipeline_cacao.py took 0.074 seconds
[2026-08-27T16:00:38.699+0000] {processor.py:186} INFO - Started process (PID=645) to work on /opt/airflow/projet/dags/dag_pipeline_cacao.py
[2026-08-27T16:00:38.700+0000] {processor.py:914} INFO - Processing file /opt/airflow/projet/dags/dag_pipeline_cacao.py for tasks to queue
[2026-08-27T16:00:38.702+0000] {logging_mixin.py:190} INFO - [2026-08-27T16:00:38.702+0000] {dagbag.py:588} INFO - Filling up the DagBag from /opt/airflow/projet/dags/dag_pipeline_cacao.py
[2026-08-27T16:00:38.721+0000] {processor.py:925} INFO - DAG(s) 'pipeline_cacao_ci' retrieved from /opt/airflow/projet/dags/dag_pipeline_cacao.py
[2026-08-27T16:00:38.748+0000] {logging_mixin.py:190} INFO - [2026-08-27T16:00:38.748+0000] {dag.py:3239} INFO - Sync 1 DAGs
[2026-08-27T16:00:38.760+0000] {logging_mixin.py:190} INFO - [2026-08-27T16:00:38.760+0000] {dag.py:4180} INFO - Setting next_dagrun for pipeline_cacao_ci to 2026-08-25 22:00:00+00:00, run_after=2026-08-26 22:00:00+00:00
[2026-08-27T16:00:38.767+0000] {processor.py:208} INFO - Processing /opt/airflow/projet/dags/dag_pipeline_cacao.py took 0.076 seconds
[2026-08-27T16:01:09.129+0000] {processor.py:186} INFO - Started process (PID=664) to work on /opt/airflow/projet/dags/dag_pipeline_cacao.py
[2026-08-27T16:01:09.130+0000] {processor.py:914} INFO - Processing file /opt/airflow/projet/dags/dag_pipeline_cacao.py for tasks to queue
[2026-08-27T16:01:09.133+0000] {logging_mixin.py:190} INFO - [2026-08-27T16:01:09.133+0000] {dagbag.py:588} INFO - Filling up the DagBag from /opt/airflow/projet/dags/dag_pipeline_cacao.py
[2026-08-27T16:01:09.150+0000] {processor.py:925} INFO - DAG(s) 'pipeline_cacao_ci' retrieved from /opt/airflow/projet/dags/dag_pipeline_cacao.py
[2026-08-27T16:01:09.176+0000] {logging_mixin.py:190} INFO - [2026-08-27T16:01:09.176+0000] {dag.py:3239} INFO - Sync 1 DAGs
[2026-08-27T16:01:09.186+0000] {logging_mixin.py:190} INFO - [2026-08-27T16:01:09.186+0000] {dag.py:4180} INFO - Setting next_dagrun for pipeline_cacao_ci to 2026-08-25 22:00:00+00:00, run_after=2026-08-26 22:00:00+00:00
[2026-08-27T16:01:09.193+0000] {processor.py:208} INFO - Processing /opt/airflow/projet/dags/dag_pipeline_cacao.py took 0.071 seconds
[2026-08-27T16:01:39.535+0000] {processor.py:186} INFO - Started process (PID=683) to work on /opt/airflow/projet/dags/dag_pipeline_cacao.py
[2026-08-27T16:01:39.536+0000] {processor.py:914} INFO - Processing file /opt/airflow/projet/dags/dag_pipeline_cacao.py for tasks to queue
[2026-08-27T16:01:39.538+0000] {logging_mixin.py:190} INFO - [2026-08-27T16:01:39.538+0000] {dagbag.py:588} INFO - Filling up the DagBag from /opt/airflow/projet/dags/dag_pipeline_cacao.py
[2026-08-27T16:01:39.555+0000] {processor.py:925} INFO - DAG(s) 'pipeline_cacao_ci' retrieved from /opt/airflow/projet/dags/dag_pipeline_cacao.py
[2026-08-27T16:01:39.581+0000] {logging_mixin.py:190} INFO - [2026-08-27T16:01:39.581+0000] {dag.py:3239} INFO - Sync 1 DAGs
[2026-08-27T16:01:39.592+0000] {logging_mixin.py:190} INFO - [2026-08-27T16:01:39.592+0000] {dag.py:4180} INFO - Setting next_dagrun for pipeline_cacao_ci to 2026-08-25 22:00:00+00:00, run_after=2026-08-26 22:00:00+00:00
[2026-08-27T16:01:39.599+0000] {processor.py:208} INFO - Processing /opt/airflow/projet/dags/dag_pipeline_cacao.py took 0.070 seconds
[2026-08-27T16:02:09.915+0000] {processor.py:186} INFO - Started process (PID=701) to work on /opt/airflow/projet/dags/dag_pipeline_cacao.py
[2026-08-27T16:02:09.916+0000] {processor.py:914} INFO - Processing file /opt/airflow/projet/dags/dag_pipeline_cacao.py for tasks to queue
[2026-08-27T16:02:09.918+0000] {logging_mixin.py:190} INFO - [2026-08-27T16:02:09.918+0000] {dagbag.py:588} INFO - Filling up the DagBag from /opt/airflow/projet/dags/dag_pipeline_cacao.py
[2026-08-27T16:02:09.936+0000] {processor.py:925} INFO - DAG(s) 'pipeline_cacao_ci' retrieved from /opt/airflow/projet/dags/dag_pipeline_cacao.py
[2026-08-27T16:02:09.962+0000] {logging_mixin.py:190} INFO - [2026-08-27T16:02:09.962+0000] {dag.py:3239} INFO - Sync 1 DAGs
[2026-08-27T16:02:09.976+0000] {logging_mixin.py:190} INFO - [2026-08-27T16:02:09.976+0000] {dag.py:4180} INFO - Setting next_dagrun for pipeline_cacao_ci to 2026-08-25 22:00:00+00:00, run_after=2026-08-26 22:00:00+00:00
[2026-08-27T16:02:09.985+0000] {processor.py:208} INFO - Processing /opt/airflow/projet/dags/dag_pipeline_cacao.py took 0.077 seconds
[2026-08-27T16:02:40.337+0000] {processor.py:186} INFO - Started process (PID=712) to work on /opt/airflow/projet/dags/dag_pipeline_cacao.py
[2026-08-27T16:02:40.338+0000] {processor.py:914} INFO - Processing file /opt/airflow/projet/dags/dag_pipeline_cacao.py for tasks to queue
[2026-08-27T16:02:40.340+0000] {logging_mixin.py:190} INFO - [2026-08-27T16:02:40.340+0000] {dagbag.py:588} INFO - Filling up the DagBag from /opt/airflow/projet/dags/dag_pipeline_cacao.py
[2026-08-27T16:02:40.356+0000] {processor.py:925} INFO - DAG(s) 'pipeline_cacao_ci' retrieved from /opt/airflow/projet/dags/dag_pipeline_cacao.py
[2026-08-27T16:02:40.382+0000] {logging_mixin.py:190} INFO - [2026-08-27T16:02:40.381+0000] {dag.py:3239} INFO - Sync 1 DAGs
[2026-08-27T16:02:40.392+0000] {logging_mixin.py:190} INFO - [2026-08-27T16:02:40.392+0000] {dag.py:4180} INFO - Setting next_dagrun for pipeline_cacao_ci to 2026-08-25 22:00:00+00:00, run_after=2026-08-26 22:00:00+00:00
[2026-08-27T16:02:40.398+0000] {processor.py:208} INFO - Processing /opt/airflow/projet/dags/dag_pipeline_cacao.py took 0.067 seconds
[2026-08-27T16:03:17.565+0000] {processor.py:186} INFO - Started process (PID=731) to work on /opt/airflow/projet/dags/dag_pipeline_cacao.py
[2026-08-27T16:03:17.567+0000] {processor.py:914} INFO - Processing file /opt/airflow/projet/dags/dag_pipeline_cacao.py for tasks to queue
[2026-08-27T16:03:17.572+0000] {logging_mixin.py:190} INFO - [2026-08-27T16:03:17.571+0000] {dagbag.py:588} INFO - Filling up the DagBag from /opt/airflow/projet/dags/dag_pipeline_cacao.py
[2026-08-27T16:03:17.614+0000] {processor.py:925} INFO - DAG(s) 'pipeline_cacao_ci' retrieved from /opt/airflow/projet/dags/dag_pipeline_cacao.py
[2026-08-27T16:03:17.655+0000] {logging_mixin.py:190} INFO - [2026-08-27T16:03:17.655+0000] {dag.py:3239} INFO - Sync 1 DAGs
[2026-08-27T16:03:17.677+0000] {logging_mixin.py:190} INFO - [2026-08-27T16:03:17.677+0000] {dag.py:4180} INFO - Setting next_dagrun for pipeline_cacao_ci to 2026-08-25 22:00:00+00:00, run_after=2026-08-26 22:00:00+00:00
[2026-08-27T16:03:17.688+0000] {processor.py:208} INFO - Processing /opt/airflow/projet/dags/dag_pipeline_cacao.py took 0.135 seconds
[2026-08-27T16:03:48.008+0000] {processor.py:186} INFO - Started process (PID=750) to work on /opt/airflow/projet/dags/dag_pipeline_cacao.py
[2026-08-27T16:03:48.009+0000] {processor.py:914} INFO - Processing file /opt/airflow/projet/dags/dag_pipeline_cacao.py for tasks to queue
[2026-08-27T16:03:48.011+0000] {logging_mixin.py:190} INFO - [2026-08-27T16:03:48.011+0000] {dagbag.py:588} INFO - Filling up the DagBag from /opt/airflow/projet/dags/dag_pipeline_cacao.py
[2026-08-27T16:03:48.028+0000] {processor.py:925} INFO - DAG(s) 'pipeline_cacao_ci' retrieved from /opt/airflow/projet/dags/dag_pipeline_cacao.py
[2026-08-27T16:03:48.055+0000] {logging_mixin.py:190} INFO - [2026-08-27T16:03:48.055+0000] {dag.py:3239} INFO - Sync 1 DAGs
[2026-08-27T16:03:48.065+0000] {logging_mixin.py:190} INFO - [2026-08-27T16:03:48.065+0000] {dag.py:4180} INFO - Setting next_dagrun for pipeline_cacao_ci to 2026-08-25 22:00:00+00:00, run_after=2026-08-26 22:00:00+00:00
[2026-08-27T16:03:48.073+0000] {processor.py:208} INFO - Processing /opt/airflow/projet/dags/dag_pipeline_cacao.py took 0.072 seconds
[2026-08-27T16:04:18.434+0000] {processor.py:186} INFO - Started process (PID=769) to work on /opt/airflow/projet/dags/dag_pipeline_cacao.py
[2026-08-27T16:04:18.435+0000] {processor.py:914} INFO - Processing file /opt/airflow/projet/dags/dag_pipeline_cacao.py for tasks to queue
[2026-08-27T16:04:18.437+0000] {logging_mixin.py:190} INFO - [2026-08-27T16:04:18.437+0000] {dagbag.py:588} INFO - Filling up the DagBag from /opt/airflow/projet/dags/dag_pipeline_cacao.py
[2026-08-27T16:04:18.453+0000] {processor.py:925} INFO - DAG(s) 'pipeline_cacao_ci' retrieved from /opt/airflow/projet/dags/dag_pipeline_cacao.py
[2026-08-27T16:04:18.480+0000] {logging_mixin.py:190} INFO - [2026-08-27T16:04:18.480+0000] {dag.py:3239} INFO - Sync 1 DAGs
[2026-08-27T16:04:18.490+0000] {logging_mixin.py:190} INFO - [2026-08-27T16:04:18.490+0000] {dag.py:4180} INFO - Setting next_dagrun for pipeline_cacao_ci to 2026-08-25 22:00:00+00:00, run_after=2026-08-26 22:00:00+00:00
[2026-08-27T16:04:18.497+0000] {processor.py:208} INFO - Processing /opt/airflow/projet/dags/dag_pipeline_cacao.py took 0.069 seconds
[2026-08-27T16:04:48.857+0000] {processor.py:186} INFO - Started process (PID=788) to work on /opt/airflow/projet/dags/dag_pipeline_cacao.py
[2026-08-27T16:04:48.858+0000] {processor.py:914} INFO - Processing file /opt/airflow/projet/dags/dag_pipeline_cacao.py for tasks to queue
[2026-08-27T16:04:48.860+0000] {logging_mixin.py:190} INFO - [2026-08-27T16:04:48.859+0000] {dagbag.py:588} INFO - Filling up the DagBag from /opt/airflow/projet/dags/dag_pipeline_cacao.py
[2026-08-27T16:04:48.875+0000] {processor.py:925} INFO - DAG(s) 'pipeline_cacao_ci' retrieved from /opt/airflow/projet/dags/dag_pipeline_cacao.py
[2026-08-27T16:04:48.901+0000] {logging_mixin.py:190} INFO - [2026-08-27T16:04:48.901+0000] {dag.py:3239} INFO - Sync 1 DAGs
[2026-08-27T16:04:48.911+0000] {logging_mixin.py:190} INFO - [2026-08-27T16:04:48.911+0000] {dag.py:4180} INFO - Setting next_dagrun for pipeline_cacao_ci to 2026-08-25 22:00:00+00:00, run_after=2026-08-26 22:00:00+00:00
[2026-08-27T16:04:48.918+0000] {processor.py:208} INFO - Processing /opt/airflow/projet/dags/dag_pipeline_cacao.py took 0.066 seconds
[2026-08-27T16:05:19.308+0000] {processor.py:186} INFO - Started process (PID=807) to work on /opt/airflow/projet/dags/dag_pipeline_cacao.py
[2026-08-27T16:05:19.309+0000] {processor.py:914} INFO - Processing file /opt/airflow/projet/dags/dag_pipeline_cacao.py for tasks to queue
[2026-08-27T16:05:19.311+0000] {logging_mixin.py:190} INFO - [2026-08-27T16:05:19.311+0000] {dagbag.py:588} INFO - Filling up the DagBag from /opt/airflow/projet/dags/dag_pipeline_cacao.py
[2026-08-27T16:05:19.329+0000] {processor.py:925} INFO - DAG(s) 'pipeline_cacao_ci' retrieved from /opt/airflow/projet/dags/dag_pipeline_cacao.py
[2026-08-27T16:05:19.355+0000] {logging_mixin.py:190} INFO - [2026-08-27T16:05:19.355+0000] {dag.py:3239} INFO - Sync 1 DAGs
[2026-08-27T16:05:19.368+0000] {logging_mixin.py:190} INFO - [2026-08-27T16:05:19.368+0000] {dag.py:4180} INFO - Setting next_dagrun for pipeline_cacao_ci to 2026-08-25 22:00:00+00:00, run_after=2026-08-26 22:00:00+00:00
[2026-08-27T16:05:19.375+0000] {processor.py:208} INFO - Processing /opt/airflow/projet/dags/dag_pipeline_cacao.py took 0.073 seconds
[2026-08-27T16:10:47.952+0000] {processor.py:186} INFO - Started process (PID=826) to work on /opt/airflow/projet/dags/dag_pipeline_cacao.py
[2026-08-27T16:10:47.953+0000] {processor.py:914} INFO - Processing file /opt/airflow/projet/dags/dag_pipeline_cacao.py for tasks to queue
[2026-08-27T16:10:47.955+0000] {logging_mixin.py:190} INFO - [2026-08-27T16:10:47.954+0000] {dagbag.py:588} INFO - Filling up the DagBag from /opt/airflow/projet/dags/dag_pipeline_cacao.py
[2026-08-27T16:10:47.973+0000] {processor.py:925} INFO - DAG(s) 'pipeline_cacao_ci' retrieved from /opt/airflow/projet/dags/dag_pipeline_cacao.py
[2026-08-27T16:10:47.998+0000] {logging_mixin.py:190} INFO - [2026-08-27T16:10:47.998+0000] {dag.py:3239} INFO - Sync 1 DAGs
[2026-08-27T16:10:48.010+0000] {logging_mixin.py:190} INFO - [2026-08-27T16:10:48.010+0000] {dag.py:4180} INFO - Setting next_dagrun for pipeline_cacao_ci to 2026-08-25 22:00:00+00:00, run_after=2026-08-26 22:00:00+00:00
[2026-08-27T16:10:48.018+0000] {processor.py:208} INFO - Processing /opt/airflow/projet/dags/dag_pipeline_cacao.py took 0.071 seconds
[2026-08-27T16:11:18.441+0000] {processor.py:186} INFO - Started process (PID=845) to work on /opt/airflow/projet/dags/dag_pipeline_cacao.py
[2026-08-27T16:11:18.441+0000] {processor.py:914} INFO - Processing file /opt/airflow/projet/dags/dag_pipeline_cacao.py for tasks to queue
[2026-08-27T16:11:18.444+0000] {logging_mixin.py:190} INFO - [2026-08-27T16:11:18.443+0000] {dagbag.py:588} INFO - Filling up the DagBag from /opt/airflow/projet/dags/dag_pipeline_cacao.py
[2026-08-27T16:11:18.461+0000] {processor.py:925} INFO - DAG(s) 'pipeline_cacao_ci' retrieved from /opt/airflow/projet/dags/dag_pipeline_cacao.py
[2026-08-27T16:11:18.487+0000] {logging_mixin.py:190} INFO - [2026-08-27T16:11:18.487+0000] {dag.py:3239} INFO - Sync 1 DAGs
[2026-08-27T16:11:18.498+0000] {logging_mixin.py:190} INFO - [2026-08-27T16:11:18.498+0000] {dag.py:4180} INFO - Setting next_dagrun for pipeline_cacao_ci to 2026-08-25 22:00:00+00:00, run_after=2026-08-26 22:00:00+00:00
[2026-08-27T16:11:18.505+0000] {processor.py:208} INFO - Processing /opt/airflow/projet/dags/dag_pipeline_cacao.py took 0.071 seconds
[2026-08-27T16:12:08.282+0000] {processor.py:186} INFO - Started process (PID=863) to work on /opt/airflow/projet/dags/dag_pipeline_cacao.py
[2026-08-27T16:12:08.282+0000] {processor.py:914} INFO - Processing file /opt/airflow/projet/dags/dag_pipeline_cacao.py for tasks to queue
[2026-08-27T16:12:08.284+0000] {logging_mixin.py:190} INFO - [2026-08-27T16:12:08.284+0000] {dagbag.py:588} INFO - Filling up the DagBag from /opt/airflow/projet/dags/dag_pipeline_cacao.py
[2026-08-27T16:12:08.304+0000] {processor.py:925} INFO - DAG(s) 'pipeline_cacao_ci' retrieved from /opt/airflow/projet/dags/dag_pipeline_cacao.py
[2026-08-27T16:12:08.329+0000] {logging_mixin.py:190} INFO - [2026-08-27T16:12:08.328+0000] {dag.py:3239} INFO - Sync 1 DAGs
[2026-08-27T16:12:08.341+0000] {logging_mixin.py:190} INFO - [2026-08-27T16:12:08.341+0000] {dag.py:4180} INFO - Setting next_dagrun for pipeline_cacao_ci to 2026-08-25 22:00:00+00:00, run_after=2026-08-26 22:00:00+00:00
[2026-08-27T16:12:08.348+0000] {processor.py:208} INFO - Processing /opt/airflow/projet/dags/dag_pipeline_cacao.py took 0.074 seconds
[2026-08-27T16:12:38.668+0000] {processor.py:186} INFO - Started process (PID=874) to work on /opt/airflow/projet/dags/dag_pipeline_cacao.py
[2026-08-27T16:12:38.669+0000] {processor.py:914} INFO - Processing file /opt/airflow/projet/dags/dag_pipeline_cacao.py for tasks to queue
[2026-08-27T16:12:38.671+0000] {logging_mixin.py:190} INFO - [2026-08-27T16:12:38.671+0000] {dagbag.py:588} INFO - Filling up the DagBag from /opt/airflow/projet/dags/dag_pipeline_cacao.py
[2026-08-27T16:12:38.687+0000] {processor.py:925} INFO - DAG(s) 'pipeline_cacao_ci' retrieved from /opt/airflow/projet/dags/dag_pipeline_cacao.py
[2026-08-27T16:12:38.713+0000] {logging_mixin.py:190} INFO - [2026-08-27T16:12:38.712+0000] {dag.py:3239} INFO - Sync 1 DAGs
[2026-08-27T16:12:38.723+0000] {logging_mixin.py:190} INFO - [2026-08-27T16:12:38.722+0000] {dag.py:4180} INFO - Setting next_dagrun for pipeline_cacao_ci to 2026-08-25 22:00:00+00:00, run_after=2026-08-26 22:00:00+00:00
[2026-08-27T16:12:38.729+0000] {processor.py:208} INFO - Processing /opt/airflow/projet/dags/dag_pipeline_cacao.py took 0.067 seconds
[2026-08-27T16:13:09.073+0000] {processor.py:186} INFO - Started process (PID=893) to work on /opt/airflow/projet/dags/dag_pipeline_cacao.py
[2026-08-27T16:13:09.074+0000] {processor.py:914} INFO - Processing file /opt/airflow/projet/dags/dag_pipeline_cacao.py for tasks to queue
[2026-08-27T16:13:09.076+0000] {logging_mixin.py:190} INFO - [2026-08-27T16:13:09.076+0000] {dagbag.py:588} INFO - Filling up the DagBag from /opt/airflow/projet/dags/dag_pipeline_cacao.py
[2026-08-27T16:13:09.090+0000] {processor.py:925} INFO - DAG(s) 'pipeline_cacao_ci' retrieved from /opt/airflow/projet/dags/dag_pipeline_cacao.py
[2026-08-27T16:13:09.114+0000] {logging_mixin.py:190} INFO - [2026-08-27T16:13:09.114+0000] {dag.py:3239} INFO - Sync 1 DAGs
[2026-08-27T16:13:09.125+0000] {logging_mixin.py:190} INFO - [2026-08-27T16:13:09.125+0000] {dag.py:4180} INFO - Setting next_dagrun for pipeline_cacao_ci to 2026-08-25 22:00:00+00:00, run_after=2026-08-26 22:00:00+00:00
[2026-08-27T16:13:09.133+0000] {processor.py:208} INFO - Processing /opt/airflow/projet/dags/dag_pipeline_cacao.py took 0.065 seconds
[2026-08-27T16:13:39.483+0000] {processor.py:186} INFO - Started process (PID=912) to work on /opt/airflow/projet/dags/dag_pipeline_cacao.py
[2026-08-27T16:13:39.484+0000] {processor.py:914} INFO - Processing file /opt/airflow/projet/dags/dag_pipeline_cacao.py for tasks to queue
[2026-08-27T16:13:39.486+0000] {logging_mixin.py:190} INFO - [2026-08-27T16:13:39.485+0000] {dagbag.py:588} INFO - Filling up the DagBag from /opt/airflow/projet/dags/dag_pipeline_cacao.py
[2026-08-27T16:13:39.506+0000] {processor.py:925} INFO - DAG(s) 'pipeline_cacao_ci' retrieved from /opt/airflow/projet/dags/dag_pipeline_cacao.py
[2026-08-27T16:13:39.530+0000] {logging_mixin.py:190} INFO - [2026-08-27T16:13:39.530+0000] {dag.py:3239} INFO - Sync 1 DAGs
[2026-08-27T16:13:39.541+0000] {logging_mixin.py:190} INFO - [2026-08-27T16:13:39.541+0000] {dag.py:4180} INFO - Setting next_dagrun for pipeline_cacao_ci to 2026-08-25 22:00:00+00:00, run_after=2026-08-26 22:00:00+00:00
[2026-08-27T16:13:39.548+0000] {processor.py:208} INFO - Processing /opt/airflow/projet/dags/dag_pipeline_cacao.py took 0.073 seconds
[2026-08-27T16:14:09.898+0000] {processor.py:186} INFO - Started process (PID=931) to work on /opt/airflow/projet/dags/dag_pipeline_cacao.py
[2026-08-27T16:14:09.899+0000] {processor.py:914} INFO - Processing file /opt/airflow/projet/dags/dag_pipeline_cacao.py for tasks to queue
[2026-08-27T16:14:09.901+0000] {logging_mixin.py:190} INFO - [2026-08-27T16:14:09.901+0000] {dagbag.py:588} INFO - Filling up the DagBag from /opt/airflow/projet/dags/dag_pipeline_cacao.py
[2026-08-27T16:14:09.917+0000] {processor.py:925} INFO - DAG(s) 'pipeline_cacao_ci' retrieved from /opt/airflow/projet/dags/dag_pipeline_cacao.py
[2026-08-27T16:14:09.943+0000] {logging_mixin.py:190} INFO - [2026-08-27T16:14:09.943+0000] {dag.py:3239} INFO - Sync 1 DAGs
[2026-08-27T16:14:09.954+0000] {logging_mixin.py:190} INFO - [2026-08-27T16:14:09.953+0000] {dag.py:4180} INFO - Setting next_dagrun for pipeline_cacao_ci to 2026-08-25 22:00:00+00:00, run_after=2026-08-26 22:00:00+00:00
[2026-08-27T16:14:09.961+0000] {processor.py:208} INFO - Processing /opt/airflow/projet/dags/dag_pipeline_cacao.py took 0.068 seconds
[2026-08-27T16:14:40.335+0000] {processor.py:186} INFO - Started process (PID=950) to work on /opt/airflow/projet/dags/dag_pipeline_cacao.py
[2026-08-27T16:14:40.336+0000] {processor.py:914} INFO - Processing file /opt/airflow/projet/dags/dag_pipeline_cacao.py for tasks to queue
[2026-08-27T16:14:40.338+0000] {logging_mixin.py:190} INFO - [2026-08-27T16:14:40.338+0000] {dagbag.py:588} INFO - Filling up the DagBag from /opt/airflow/projet/dags/dag_pipeline_cacao.py
[2026-08-27T16:14:40.356+0000] {processor.py:925} INFO - DAG(s) 'pipeline_cacao_ci' retrieved from /opt/airflow/projet/dags/dag_pipeline_cacao.py
[2026-08-27T16:14:40.382+0000] {logging_mixin.py:190} INFO - [2026-08-27T16:14:40.382+0000] {dag.py:3239} INFO - Sync 1 DAGs
[2026-08-27T16:14:40.393+0000] {logging_mixin.py:190} INFO - [2026-08-27T16:14:40.393+0000] {dag.py:4180} INFO - Setting next_dagrun for pipeline_cacao_ci to 2026-08-25 22:00:00+00:00, run_after=2026-08-26 22:00:00+00:00
[2026-08-27T16:14:40.400+0000] {processor.py:208} INFO - Processing /opt/airflow/projet/dags/dag_pipeline_cacao.py took 0.071 seconds
[2026-08-27T16:15:10.704+0000] {processor.py:186} INFO - Started process (PID=969) to work on /opt/airflow/projet/dags/dag_pipeline_cacao.py
[2026-08-27T16:15:10.705+0000] {processor.py:914} INFO - Processing file /opt/airflow/projet/dags/dag_pipeline_cacao.py for tasks to queue
[2026-08-27T16:15:10.707+0000] {logging_mixin.py:190} INFO - [2026-08-27T16:15:10.707+0000] {dagbag.py:588} INFO - Filling up the DagBag from /opt/airflow/projet/dags/dag_pipeline_cacao.py
[2026-08-27T16:15:10.729+0000] {processor.py:925} INFO - DAG(s) 'pipeline_cacao_ci' retrieved from /opt/airflow/projet/dags/dag_pipeline_cacao.py
[2026-08-27T16:15:10.757+0000] {logging_mixin.py:190} INFO - [2026-08-27T16:15:10.757+0000] {dag.py:3239} INFO - Sync 1 DAGs
[2026-08-27T16:15:10.770+0000] {logging_mixin.py:190} INFO - [2026-08-27T16:15:10.769+0000] {dag.py:4180} INFO - Setting next_dagrun for pipeline_cacao_ci to 2026-08-25 22:00:00+00:00, run_after=2026-08-26 22:00:00+00:00
[2026-08-27T16:15:10.778+0000] {processor.py:208} INFO - Processing /opt/airflow/projet/dags/dag_pipeline_cacao.py took 0.082 seconds
[2026-08-27T16:15:41.139+0000] {processor.py:186} INFO - Started process (PID=988) to work on /opt/airflow/projet/dags/dag_pipeline_cacao.py
[2026-08-27T16:15:41.140+0000] {processor.py:914} INFO - Processing file /opt/airflow/projet/dags/dag_pipeline_cacao.py for tasks to queue
[2026-08-27T16:15:41.142+0000] {logging_mixin.py:190} INFO - [2026-08-27T16:15:41.142+0000] {dagbag.py:588} INFO - Filling up the DagBag from /opt/airflow/projet/dags/dag_pipeline_cacao.py
[2026-08-27T16:15:41.158+0000] {processor.py:925} INFO - DAG(s) 'pipeline_cacao_ci' retrieved from /opt/airflow/projet/dags/dag_pipeline_cacao.py
[2026-08-27T16:15:41.187+0000] {logging_mixin.py:190} INFO - [2026-08-27T16:15:41.187+0000] {dag.py:3239} INFO - Sync 1 DAGs
[2026-08-27T16:15:41.198+0000] {logging_mixin.py:190} INFO - [2026-08-27T16:15:41.198+0000] {dag.py:4180} INFO - Setting next_dagrun for pipeline_cacao_ci to 2026-08-25 22:00:00+00:00, run_after=2026-08-26 22:00:00+00:00
[2026-08-27T16:15:41.205+0000] {processor.py:208} INFO - Processing /opt/airflow/projet/dags/dag_pipeline_cacao.py took 0.073 seconds
[2026-08-27T16:16:11.528+0000] {processor.py:186} INFO - Started process (PID=1007) to work on /opt/airflow/projet/dags/dag_pipeline_cacao.py
[2026-08-27T16:16:11.528+0000] {processor.py:914} INFO - Processing file /opt/airflow/projet/dags/dag_pipeline_cacao.py for tasks to queue
[2026-08-27T16:16:11.530+0000] {logging_mixin.py:190} INFO - [2026-08-27T16:16:11.530+0000] {dagbag.py:588} INFO - Filling up the DagBag from /opt/airflow/projet/dags/dag_pipeline_cacao.py
[2026-08-27T16:16:11.546+0000] {processor.py:925} INFO - DAG(s) 'pipeline_cacao_ci' retrieved from /opt/airflow/projet/dags/dag_pipeline_cacao.py
[2026-08-27T16:16:11.574+0000] {logging_mixin.py:190} INFO - [2026-08-27T16:16:11.574+0000] {dag.py:3239} INFO - Sync 1 DAGs
[2026-08-27T16:16:11.585+0000] {logging_mixin.py:190} INFO - [2026-08-27T16:16:11.585+0000] {dag.py:4180} INFO - Setting next_dagrun for pipeline_cacao_ci to 2026-08-25 22:00:00+00:00, run_after=2026-08-26 22:00:00+00:00
[2026-08-27T16:16:11.591+0000] {processor.py:208} INFO - Processing /opt/airflow/projet/dags/dag_pipeline_cacao.py took 0.070 seconds
[2026-08-27T16:16:41.973+0000] {processor.py:186} INFO - Started process (PID=1026) to work on /opt/airflow/projet/dags/dag_pipeline_cacao.py
[2026-08-27T16:16:41.973+0000] {processor.py:914} INFO - Processing file /opt/airflow/projet/dags/dag_pipeline_cacao.py for tasks to queue
[2026-08-27T16:16:41.975+0000] {logging_mixin.py:190} INFO - [2026-08-27T16:16:41.975+0000] {dagbag.py:588} INFO - Filling up the DagBag from /opt/airflow/projet/dags/dag_pipeline_cacao.py
[2026-08-27T16:16:41.993+0000] {processor.py:925} INFO - DAG(s) 'pipeline_cacao_ci' retrieved from /opt/airflow/projet/dags/dag_pipeline_cacao.py
[2026-08-27T16:16:42.018+0000] {logging_mixin.py:190} INFO - [2026-08-27T16:16:42.017+0000] {dag.py:3239} INFO - Sync 1 DAGs
[2026-08-27T16:16:42.028+0000] {logging_mixin.py:190} INFO - [2026-08-27T16:16:42.028+0000] {dag.py:4180} INFO - Setting next_dagrun for pipeline_cacao_ci to 2026-08-25 22:00:00+00:00, run_after=2026-08-26 22:00:00+00:00
[2026-08-27T16:16:42.035+0000] {processor.py:208} INFO - Processing /opt/airflow/projet/dags/dag_pipeline_cacao.py took 0.069 seconds
[2026-08-27T16:17:12.386+0000] {processor.py:186} INFO - Started process (PID=1045) to work on /opt/airflow/projet/dags/dag_pipeline_cacao.py
[2026-08-27T16:17:12.387+0000] {processor.py:914} INFO - Processing file /opt/airflow/projet/dags/dag_pipeline_cacao.py for tasks to queue
[2026-08-27T16:17:12.389+0000] {logging_mixin.py:190} INFO - [2026-08-27T16:17:12.389+0000] {dagbag.py:588} INFO - Filling up the DagBag from /opt/airflow/projet/dags/dag_pipeline_cacao.py
[2026-08-27T16:17:12.403+0000] {processor.py:925} INFO - DAG(s) 'pipeline_cacao_ci' retrieved from /opt/airflow/projet/dags/dag_pipeline_cacao.py
[2026-08-27T16:17:12.430+0000] {logging_mixin.py:190} INFO - [2026-08-27T16:17:12.430+0000] {dag.py:3239} INFO - Sync 1 DAGs
[2026-08-27T16:17:12.441+0000] {logging_mixin.py:190} INFO - [2026-08-27T16:17:12.441+0000] {dag.py:4180} INFO - Setting next_dagrun for pipeline_cacao_ci to 2026-08-25 22:00:00+00:00, run_after=2026-08-26 22:00:00+00:00
[2026-08-27T16:17:12.449+0000] {processor.py:208} INFO - Processing /opt/airflow/projet/dags/dag_pipeline_cacao.py took 0.068 seconds
[2026-08-27T16:17:42.753+0000] {processor.py:186} INFO - Started process (PID=1064) to work on /opt/airflow/projet/dags/dag_pipeline_cacao.py
[2026-08-27T16:17:42.753+0000] {processor.py:914} INFO - Processing file /opt/airflow/projet/dags/dag_pipeline_cacao.py for tasks to queue
[2026-08-27T16:17:42.755+0000] {logging_mixin.py:190} INFO - [2026-08-27T16:17:42.755+0000] {dagbag.py:588} INFO - Filling up the DagBag from /opt/airflow/projet/dags/dag_pipeline_cacao.py
[2026-08-27T16:17:42.770+0000] {processor.py:925} INFO - DAG(s) 'pipeline_cacao_ci' retrieved from /opt/airflow/projet/dags/dag_pipeline_cacao.py
[2026-08-27T16:17:42.794+0000] {logging_mixin.py:190} INFO - [2026-08-27T16:17:42.794+0000] {dag.py:3239} INFO - Sync 1 DAGs
[2026-08-27T16:17:42.807+0000] {logging_mixin.py:190} INFO - [2026-08-27T16:17:42.806+0000] {dag.py:4180} INFO - Setting next_dagrun for pipeline_cacao_ci to 2026-08-25 22:00:00+00:00, run_after=2026-08-26 22:00:00+00:00
[2026-08-27T16:17:42.814+0000] {processor.py:208} INFO - Processing /opt/airflow/projet/dags/dag_pipeline_cacao.py took 0.066 seconds
[2026-08-27T16:18:13.189+0000] {processor.py:186} INFO - Started process (PID=1083) to work on /opt/airflow/projet/dags/dag_pipeline_cacao.py
[2026-08-27T16:18:13.190+0000] {processor.py:914} INFO - Processing file /opt/airflow/projet/dags/dag_pipeline_cacao.py for tasks to queue
[2026-08-27T16:18:13.192+0000] {logging_mixin.py:190} INFO - [2026-08-27T16:18:13.191+0000] {dagbag.py:588} INFO - Filling up the DagBag from /opt/airflow/projet/dags/dag_pipeline_cacao.py
[2026-08-27T16:18:13.208+0000] {processor.py:925} INFO - DAG(s) 'pipeline_cacao_ci' retrieved from /opt/airflow/projet/dags/dag_pipeline_cacao.py
[2026-08-27T16:18:13.234+0000] {logging_mixin.py:190} INFO - [2026-08-27T16:18:13.234+0000] {dag.py:3239} INFO - Sync 1 DAGs
[2026-08-27T16:18:13.246+0000] {logging_mixin.py:190} INFO - [2026-08-27T16:18:13.246+0000] {dag.py:4180} INFO - Setting next_dagrun for pipeline_cacao_ci to 2026-08-25 22:00:00+00:00, run_after=2026-08-26 22:00:00+00:00
[2026-08-27T16:18:13.253+0000] {processor.py:208} INFO - Processing /opt/airflow/projet/dags/dag_pipeline_cacao.py took 0.070 seconds
[2026-08-27T16:18:43.619+0000] {processor.py:186} INFO - Started process (PID=1102) to work on /opt/airflow/projet/dags/dag_pipeline_cacao.py
[2026-08-27T16:18:43.620+0000] {processor.py:914} INFO - Processing file /opt/airflow/projet/dags/dag_pipeline_cacao.py for tasks to queue
[2026-08-27T16:18:43.622+0000] {logging_mixin.py:190} INFO - [2026-08-27T16:18:43.621+0000] {dagbag.py:588} INFO - Filling up the DagBag from /opt/airflow/projet/dags/dag_pipeline_cacao.py
[2026-08-27T16:18:43.634+0000] {processor.py:925} INFO - DAG(s) 'pipeline_cacao_ci' retrieved from /opt/airflow/projet/dags/dag_pipeline_cacao.py
[2026-08-27T16:18:43.660+0000] {logging_mixin.py:190} INFO - [2026-08-27T16:18:43.660+0000] {dag.py:3239} INFO - Sync 1 DAGs
[2026-08-27T16:18:43.671+0000] {logging_mixin.py:190} INFO - [2026-08-27T16:18:43.671+0000] {dag.py:4180} INFO - Setting next_dagrun for pipeline_cacao_ci to 2026-08-25 22:00:00+00:00, run_after=2026-08-26 22:00:00+00:00
[2026-08-27T16:18:43.677+0000] {processor.py:208} INFO - Processing /opt/airflow/projet/dags/dag_pipeline_cacao.py took 0.063 seconds
[2026-08-27T16:19:13.962+0000] {processor.py:186} INFO - Started process (PID=1121) to work on /opt/airflow/projet/dags/dag_pipeline_cacao.py
[2026-08-27T16:19:13.963+0000] {processor.py:914} INFO - Processing file /opt/airflow/projet/dags/dag_pipeline_cacao.py for tasks to queue
[2026-08-27T16:19:13.965+0000] {logging_mixin.py:190} INFO - [2026-08-27T16:19:13.965+0000] {dagbag.py:588} INFO - Filling up the DagBag from /opt/airflow/projet/dags/dag_pipeline_cacao.py
[2026-08-27T16:19:13.984+0000] {processor.py:925} INFO - DAG(s) 'pipeline_cacao_ci' retrieved from /opt/airflow/projet/dags/dag_pipeline_cacao.py
[2026-08-27T16:19:14.009+0000] {logging_mixin.py:190} INFO - [2026-08-27T16:19:14.009+0000] {dag.py:3239} INFO - Sync 1 DAGs
[2026-08-27T16:19:14.020+0000] {logging_mixin.py:190} INFO - [2026-08-27T16:19:14.020+0000] {dag.py:4180} INFO - Setting next_dagrun for pipeline_cacao_ci to 2026-08-25 22:00:00+00:00, run_after=2026-08-26 22:00:00+00:00
[2026-08-27T16:19:14.027+0000] {processor.py:208} INFO - Processing /opt/airflow/projet/dags/dag_pipeline_cacao.py took 0.072 seconds
[2026-08-27T16:19:44.406+0000] {processor.py:186} INFO - Started process (PID=1140) to work on /opt/airflow/projet/dags/dag_pipeline_cacao.py
[2026-08-27T16:19:44.406+0000] {processor.py:914} INFO - Processing file /opt/airflow/projet/dags/dag_pipeline_cacao.py for tasks to queue
[2026-08-27T16:19:44.408+0000] {logging_mixin.py:190} INFO - [2026-08-27T16:19:44.408+0000] {dagbag.py:588} INFO - Filling up the DagBag from /opt/airflow/projet/dags/dag_pipeline_cacao.py
[2026-08-27T16:19:44.421+0000] {processor.py:925} INFO - DAG(s) 'pipeline_cacao_ci' retrieved from /opt/airflow/projet/dags/dag_pipeline_cacao.py
[2026-08-27T16:19:44.451+0000] {logging_mixin.py:190} INFO - [2026-08-27T16:19:44.451+0000] {dag.py:3239} INFO - Sync 1 DAGs
[2026-08-27T16:19:44.462+0000] {logging_mixin.py:190} INFO - [2026-08-27T16:19:44.461+0000] {dag.py:4180} INFO - Setting next_dagrun for pipeline_cacao_ci to 2026-08-25 22:00:00+00:00, run_after=2026-08-26 22:00:00+00:00
[2026-08-27T16:19:44.468+0000] {processor.py:208} INFO - Processing /opt/airflow/projet/dags/dag_pipeline_cacao.py took 0.069 seconds
[2026-08-27T16:20:14.802+0000] {processor.py:186} INFO - Started process (PID=1158) to work on /opt/airflow/projet/dags/dag_pipeline_cacao.py
[2026-08-27T16:20:14.803+0000] {processor.py:914} INFO - Processing file /opt/airflow/projet/dags/dag_pipeline_cacao.py for tasks to queue
[2026-08-27T16:20:14.804+0000] {logging_mixin.py:190} INFO - [2026-08-27T16:20:14.804+0000] {dagbag.py:588} INFO - Filling up the DagBag from /opt/airflow/projet/dags/dag_pipeline_cacao.py
[2026-08-27T16:20:14.817+0000] {processor.py:925} INFO - DAG(s) 'pipeline_cacao_ci' retrieved from /opt/airflow/projet/dags/dag_pipeline_cacao.py
[2026-08-27T16:20:14.842+0000] {logging_mixin.py:190} INFO - [2026-08-27T16:20:14.842+0000] {dag.py:3239} INFO - Sync 1 DAGs
[2026-08-27T16:20:14.853+0000] {logging_mixin.py:190} INFO - [2026-08-27T16:20:14.853+0000] {dag.py:4180} INFO - Setting next_dagrun for pipeline_cacao_ci to 2026-08-25 22:00:00+00:00, run_after=2026-08-26 22:00:00+00:00
[2026-08-27T16:20:14.860+0000] {processor.py:208} INFO - Processing /opt/airflow/projet/dags/dag_pipeline_cacao.py took 0.061 seconds
[2026-08-27T16:20:45.225+0000] {processor.py:186} INFO - Started process (PID=1170) to work on /opt/airflow/projet/dags/dag_pipeline_cacao.py
[2026-08-27T16:20:45.226+0000] {processor.py:914} INFO - Processing file /opt/airflow/projet/dags/dag_pipeline_cacao.py for tasks to queue
[2026-08-27T16:20:45.229+0000] {logging_mixin.py:190} INFO - [2026-08-27T16:20:45.229+0000] {dagbag.py:588} INFO - Filling up the DagBag from /opt/airflow/projet/dags/dag_pipeline_cacao.py
[2026-08-27T16:20:45.248+0000] {processor.py:925} INFO - DAG(s) 'pipeline_cacao_ci' retrieved from /opt/airflow/projet/dags/dag_pipeline_cacao.py
[2026-08-27T16:20:45.277+0000] {logging_mixin.py:190} INFO - [2026-08-27T16:20:45.277+0000] {dag.py:3239} INFO - Sync 1 DAGs
[2026-08-27T16:20:45.290+0000] {logging_mixin.py:190} INFO - [2026-08-27T16:20:45.290+0000] {dag.py:4180} INFO - Setting next_dagrun for pipeline_cacao_ci to 2026-08-25 22:00:00+00:00, run_after=2026-08-26 22:00:00+00:00
[2026-08-27T16:20:45.298+0000] {processor.py:208} INFO - Processing /opt/airflow/projet/dags/dag_pipeline_cacao.py took 0.082 seconds
[2026-08-27T16:21:15.645+0000] {processor.py:186} INFO - Started process (PID=1188) to work on /opt/airflow/projet/dags/dag_pipeline_cacao.py
[2026-08-27T16:21:15.646+0000] {processor.py:914} INFO - Processing file /opt/airflow/projet/dags/dag_pipeline_cacao.py for tasks to queue
[2026-08-27T16:21:15.648+0000] {logging_mixin.py:190} INFO - [2026-08-27T16:21:15.648+0000] {dagbag.py:588} INFO - Filling up the DagBag from /opt/airflow/projet/dags/dag_pipeline_cacao.py
[2026-08-27T16:21:15.664+0000] {processor.py:925} INFO - DAG(s) 'pipeline_cacao_ci' retrieved from /opt/airflow/projet/dags/dag_pipeline_cacao.py
[2026-08-27T16:21:15.705+0000] {logging_mixin.py:190} INFO - [2026-08-27T16:21:15.705+0000] {dag.py:3239} INFO - Sync 1 DAGs
[2026-08-27T16:21:15.730+0000] {logging_mixin.py:190} INFO - [2026-08-27T16:21:15.730+0000] {dag.py:4180} INFO - Setting next_dagrun for pipeline_cacao_ci to 2026-08-25 22:00:00+00:00, run_after=2026-08-26 22:00:00+00:00
[2026-08-27T16:21:15.743+0000] {processor.py:208} INFO - Processing /opt/airflow/projet/dags/dag_pipeline_cacao.py took 0.105 seconds
[2026-08-27T16:21:46.069+0000] {processor.py:186} INFO - Started process (PID=1207) to work on /opt/airflow/projet/dags/dag_pipeline_cacao.py
[2026-08-27T16:21:46.070+0000] {processor.py:914} INFO - Processing file /opt/airflow/projet/dags/dag_pipeline_cacao.py for tasks to queue
[2026-08-27T16:21:46.072+0000] {logging_mixin.py:190} INFO - [2026-08-27T16:21:46.071+0000] {dagbag.py:588} INFO - Filling up the DagBag from /opt/airflow/projet/dags/dag_pipeline_cacao.py
[2026-08-27T16:21:46.088+0000] {processor.py:925} INFO - DAG(s) 'pipeline_cacao_ci' retrieved from /opt/airflow/projet/dags/dag_pipeline_cacao.py
[2026-08-27T16:21:46.114+0000] {logging_mixin.py:190} INFO - [2026-08-27T16:21:46.114+0000] {dag.py:3239} INFO - Sync 1 DAGs
[2026-08-27T16:21:46.125+0000] {logging_mixin.py:190} INFO - [2026-08-27T16:21:46.125+0000] {dag.py:4180} INFO - Setting next_dagrun for pipeline_cacao_ci to 2026-08-25 22:00:00+00:00, run_after=2026-08-26 22:00:00+00:00
[2026-08-27T16:21:46.132+0000] {processor.py:208} INFO - Processing /opt/airflow/projet/dags/dag_pipeline_cacao.py took 0.070 seconds
[2026-08-27T16:22:16.491+0000] {processor.py:186} INFO - Started process (PID=1226) to work on /opt/airflow/projet/dags/dag_pipeline_cacao.py
[2026-08-27T16:22:16.492+0000] {processor.py:914} INFO - Processing file /opt/airflow/projet/dags/dag_pipeline_cacao.py for tasks to queue
[2026-08-27T16:22:16.494+0000] {logging_mixin.py:190} INFO - [2026-08-27T16:22:16.494+0000] {dagbag.py:588} INFO - Filling up the DagBag from /opt/airflow/projet/dags/dag_pipeline_cacao.py
[2026-08-27T16:22:16.510+0000] {processor.py:925} INFO - DAG(s) 'pipeline_cacao_ci' retrieved from /opt/airflow/projet/dags/dag_pipeline_cacao.py
[2026-08-27T16:22:16.539+0000] {logging_mixin.py:190} INFO - [2026-08-27T16:22:16.539+0000] {dag.py:3239} INFO - Sync 1 DAGs
[2026-08-27T16:22:16.551+0000] {logging_mixin.py:190} INFO - [2026-08-27T16:22:16.551+0000] {dag.py:4180} INFO - Setting next_dagrun for pipeline_cacao_ci to 2026-08-25 22:00:00+00:00, run_after=2026-08-26 22:00:00+00:00
[2026-08-27T16:22:16.558+0000] {processor.py:208} INFO - Processing /opt/airflow/projet/dags/dag_pipeline_cacao.py took 0.073 seconds
[2026-08-27T16:22:46.878+0000] {processor.py:186} INFO - Started process (PID=1245) to work on /opt/airflow/projet/dags/dag_pipeline_cacao.py
[2026-08-27T16:22:46.879+0000] {processor.py:914} INFO - Processing file /opt/airflow/projet/dags/dag_pipeline_cacao.py for tasks to queue
[2026-08-27T16:22:46.882+0000] {logging_mixin.py:190} INFO - [2026-08-27T16:22:46.881+0000] {dagbag.py:588} INFO - Filling up the DagBag from /opt/airflow/projet/dags/dag_pipeline_cacao.py
[2026-08-27T16:22:46.900+0000] {processor.py:925} INFO - DAG(s) 'pipeline_cacao_ci' retrieved from /opt/airflow/projet/dags/dag_pipeline_cacao.py
[2026-08-27T16:22:46.930+0000] {logging_mixin.py:190} INFO - [2026-08-27T16:22:46.930+0000] {dag.py:3239} INFO - Sync 1 DAGs
[2026-08-27T16:22:46.942+0000] {logging_mixin.py:190} INFO - [2026-08-27T16:22:46.942+0000] {dag.py:4180} INFO - Setting next_dagrun for pipeline_cacao_ci to 2026-08-25 22:00:00+00:00, run_after=2026-08-26 22:00:00+00:00
[2026-08-27T16:22:46.949+0000] {processor.py:208} INFO - Processing /opt/airflow/projet/dags/dag_pipeline_cacao.py took 0.079 seconds
[2026-08-27T16:23:17.284+0000] {processor.py:186} INFO - Started process (PID=1264) to work on /opt/airflow/projet/dags/dag_pipeline_cacao.py
[2026-08-27T16:23:17.285+0000] {processor.py:914} INFO - Processing file /opt/airflow/projet/dags/dag_pipeline_cacao.py for tasks to queue
[2026-08-27T16:23:17.287+0000] {logging_mixin.py:190} INFO - [2026-08-27T16:23:17.287+0000] {dagbag.py:588} INFO - Filling up the DagBag from /opt/airflow/projet/dags/dag_pipeline_cacao.py
[2026-08-27T16:23:17.303+0000] {processor.py:925} INFO - DAG(s) 'pipeline_cacao_ci' retrieved from /opt/airflow/projet/dags/dag_pipeline_cacao.py
[2026-08-27T16:23:17.329+0000] {logging_mixin.py:190} INFO - [2026-08-27T16:23:17.329+0000] {dag.py:3239} INFO - Sync 1 DAGs
[2026-08-27T16:23:17.341+0000] {logging_mixin.py:190} INFO - [2026-08-27T16:23:17.341+0000] {dag.py:4180} INFO - Setting next_dagrun for pipeline_cacao_ci to 2026-08-25 22:00:00+00:00, run_after=2026-08-26 22:00:00+00:00
[2026-08-27T16:23:17.350+0000] {processor.py:208} INFO - Processing /opt/airflow/projet/dags/dag_pipeline_cacao.py took 0.073 seconds
[2026-08-27T16:23:47.728+0000] {processor.py:186} INFO - Started process (PID=1283) to work on /opt/airflow/projet/dags/dag_pipeline_cacao.py
[2026-08-27T16:23:47.730+0000] {processor.py:914} INFO - Processing file /opt/airflow/projet/dags/dag_pipeline_cacao.py for tasks to queue
[2026-08-27T16:23:47.733+0000] {logging_mixin.py:190} INFO - [2026-08-27T16:23:47.732+0000] {dagbag.py:588} INFO - Filling up the DagBag from /opt/airflow/projet/dags/dag_pipeline_cacao.py
[2026-08-27T16:23:47.761+0000] {processor.py:925} INFO - DAG(s) 'pipeline_cacao_ci' retrieved from /opt/airflow/projet/dags/dag_pipeline_cacao.py
[2026-08-27T16:23:47.791+0000] {logging_mixin.py:190} INFO - [2026-08-27T16:23:47.791+0000] {dag.py:3239} INFO - Sync 1 DAGs
[2026-08-27T16:23:47.804+0000] {logging_mixin.py:190} INFO - [2026-08-27T16:23:47.804+0000] {dag.py:4180} INFO - Setting next_dagrun for pipeline_cacao_ci to 2026-08-25 22:00:00+00:00, run_after=2026-08-26 22:00:00+00:00
[2026-08-27T16:23:47.812+0000] {processor.py:208} INFO - Processing /opt/airflow/projet/dags/dag_pipeline_cacao.py took 0.095 seconds
[2026-08-27T16:24:18.220+0000] {processor.py:186} INFO - Started process (PID=1302) to work on /opt/airflow/projet/dags/dag_pipeline_cacao.py
[2026-08-27T16:24:18.220+0000] {processor.py:914} INFO - Processing file /opt/airflow/projet/dags/dag_pipeline_cacao.py for tasks to queue
[2026-08-27T16:24:18.224+0000] {logging_mixin.py:190} INFO - [2026-08-27T16:24:18.224+0000] {dagbag.py:588} INFO - Filling up the DagBag from /opt/airflow/projet/dags/dag_pipeline_cacao.py
[2026-08-27T16:24:18.248+0000] {processor.py:925} INFO - DAG(s) 'pipeline_cacao_ci' retrieved from /opt/airflow/projet/dags/dag_pipeline_cacao.py
[2026-08-27T16:24:18.272+0000] {logging_mixin.py:190} INFO - [2026-08-27T16:24:18.272+0000] {dag.py:3239} INFO - Sync 1 DAGs
[2026-08-27T16:24:18.286+0000] {logging_mixin.py:190} INFO - [2026-08-27T16:24:18.286+0000] {dag.py:4180} INFO - Setting next_dagrun for pipeline_cacao_ci to 2026-08-25 22:00:00+00:00, run_after=2026-08-26 22:00:00+00:00
[2026-08-27T16:24:18.294+0000] {processor.py:208} INFO - Processing /opt/airflow/projet/dags/dag_pipeline_cacao.py took 0.082 seconds
[2026-08-27T16:24:48.683+0000] {processor.py:186} INFO - Started process (PID=1321) to work on /opt/airflow/projet/dags/dag_pipeline_cacao.py
[2026-08-27T16:24:48.685+0000] {processor.py:914} INFO - Processing file /opt/airflow/projet/dags/dag_pipeline_cacao.py for tasks to queue
[2026-08-27T16:24:48.696+0000] {logging_mixin.py:190} INFO - [2026-08-27T16:24:48.695+0000] {dagbag.py:588} INFO - Filling up the DagBag from /opt/airflow/projet/dags/dag_pipeline_cacao.py
[2026-08-27T16:24:48.728+0000] {processor.py:925} INFO - DAG(s) 'pipeline_cacao_ci' retrieved from /opt/airflow/projet/dags/dag_pipeline_cacao.py
[2026-08-27T16:24:48.761+0000] {logging_mixin.py:190} INFO - [2026-08-27T16:24:48.761+0000] {dag.py:3239} INFO - Sync 1 DAGs
[2026-08-27T16:24:48.785+0000] {logging_mixin.py:190} INFO - [2026-08-27T16:24:48.785+0000] {dag.py:4180} INFO - Setting next_dagrun for pipeline_cacao_ci to 2026-08-25 22:00:00+00:00, run_after=2026-08-26 22:00:00+00:00
[2026-08-27T16:24:48.795+0000] {processor.py:208} INFO - Processing /opt/airflow/projet/dags/dag_pipeline_cacao.py took 0.135 seconds
[2026-08-27T16:25:19.132+0000] {processor.py:186} INFO - Started process (PID=1340) to work on /opt/airflow/projet/dags/dag_pipeline_cacao.py
[2026-08-27T16:25:19.135+0000] {processor.py:914} INFO - Processing file /opt/airflow/projet/dags/dag_pipeline_cacao.py for tasks to queue
[2026-08-27T16:25:19.137+0000] {logging_mixin.py:190} INFO - [2026-08-27T16:25:19.137+0000] {dagbag.py:588} INFO - Filling up the DagBag from /opt/airflow/projet/dags/dag_pipeline_cacao.py
[2026-08-27T16:25:19.161+0000] {processor.py:925} INFO - DAG(s) 'pipeline_cacao_ci' retrieved from /opt/airflow/projet/dags/dag_pipeline_cacao.py
[2026-08-27T16:25:19.187+0000] {logging_mixin.py:190} INFO - [2026-08-27T16:25:19.187+0000] {dag.py:3239} INFO - Sync 1 DAGs
[2026-08-27T16:25:19.199+0000] {logging_mixin.py:190} INFO - [2026-08-27T16:25:19.199+0000] {dag.py:4180} INFO - Setting next_dagrun for pipeline_cacao_ci to 2026-08-25 22:00:00+00:00, run_after=2026-08-26 22:00:00+00:00
[2026-08-27T16:25:19.210+0000] {processor.py:208} INFO - Processing /opt/airflow/projet/dags/dag_pipeline_cacao.py took 0.085 seconds
[2026-08-27T16:25:49.546+0000] {processor.py:186} INFO - Started process (PID=1359) to work on /opt/airflow/projet/dags/dag_pipeline_cacao.py
[2026-08-27T16:25:49.547+0000] {processor.py:914} INFO - Processing file /opt/airflow/projet/dags/dag_pipeline_cacao.py for tasks to queue
[2026-08-27T16:25:49.555+0000] {logging_mixin.py:190} INFO - [2026-08-27T16:25:49.553+0000] {dagbag.py:588} INFO - Filling up the DagBag from /opt/airflow/projet/dags/dag_pipeline_cacao.py
[2026-08-27T16:25:49.611+0000] {processor.py:925} INFO - DAG(s) 'pipeline_cacao_ci' retrieved from /opt/airflow/projet/dags/dag_pipeline_cacao.py
[2026-08-27T16:25:49.656+0000] {logging_mixin.py:190} INFO - [2026-08-27T16:25:49.656+0000] {dag.py:3239} INFO - Sync 1 DAGs
[2026-08-27T16:25:49.679+0000] {logging_mixin.py:190} INFO - [2026-08-27T16:25:49.678+0000] {dag.py:4180} INFO - Setting next_dagrun for pipeline_cacao_ci to 2026-08-25 22:00:00+00:00, run_after=2026-08-26 22:00:00+00:00
[2026-08-27T16:25:49.688+0000] {processor.py:208} INFO - Processing /opt/airflow/projet/dags/dag_pipeline_cacao.py took 0.157 seconds
[2026-08-27T16:26:20.050+0000] {processor.py:186} INFO - Started process (PID=1378) to work on /opt/airflow/projet/dags/dag_pipeline_cacao.py
[2026-08-27T16:26:20.051+0000] {processor.py:914} INFO - Processing file /opt/airflow/projet/dags/dag_pipeline_cacao.py for tasks to queue
[2026-08-27T16:26:20.054+0000] {logging_mixin.py:190} INFO - [2026-08-27T16:26:20.053+0000] {dagbag.py:588} INFO - Filling up the DagBag from /opt/airflow/projet/dags/dag_pipeline_cacao.py
[2026-08-27T16:26:20.085+0000] {processor.py:925} INFO - DAG(s) 'pipeline_cacao_ci' retrieved from /opt/airflow/projet/dags/dag_pipeline_cacao.py
[2026-08-27T16:26:20.112+0000] {logging_mixin.py:190} INFO - [2026-08-27T16:26:20.112+0000] {dag.py:3239} INFO - Sync 1 DAGs
[2026-08-27T16:26:20.126+0000] {logging_mixin.py:190} INFO - [2026-08-27T16:26:20.126+0000] {dag.py:4180} INFO - Setting next_dagrun for pipeline_cacao_ci to 2026-08-25 22:00:00+00:00, run_after=2026-08-26 22:00:00+00:00
[2026-08-27T16:26:20.134+0000] {processor.py:208} INFO - Processing /opt/airflow/projet/dags/dag_pipeline_cacao.py took 0.096 seconds
[2026-08-27T16:26:50.525+0000] {processor.py:186} INFO - Started process (PID=1397) to work on /opt/airflow/projet/dags/dag_pipeline_cacao.py
[2026-08-27T16:26:50.530+0000] {processor.py:914} INFO - Processing file /opt/airflow/projet/dags/dag_pipeline_cacao.py for tasks to queue
[2026-08-27T16:26:50.533+0000] {logging_mixin.py:190} INFO - [2026-08-27T16:26:50.532+0000] {dagbag.py:588} INFO - Filling up the DagBag from /opt/airflow/projet/dags/dag_pipeline_cacao.py
[2026-08-27T16:26:50.579+0000] {processor.py:925} INFO - DAG(s) 'pipeline_cacao_ci' retrieved from /opt/airflow/projet/dags/dag_pipeline_cacao.py
[2026-08-27T16:26:50.627+0000] {logging_mixin.py:190} INFO - [2026-08-27T16:26:50.627+0000] {dag.py:3239} INFO - Sync 1 DAGs
[2026-08-27T16:26:50.654+0000] {logging_mixin.py:190} INFO - [2026-08-27T16:26:50.653+0000] {dag.py:4180} INFO - Setting next_dagrun for pipeline_cacao_ci to 2026-08-25 22:00:00+00:00, run_after=2026-08-26 22:00:00+00:00
[2026-08-27T16:26:50.666+0000] {processor.py:208} INFO - Processing /opt/airflow/projet/dags/dag_pipeline_cacao.py took 0.158 seconds
[2026-08-27T16:27:20.938+0000] {processor.py:186} INFO - Started process (PID=1416) to work on /opt/airflow/projet/dags/dag_pipeline_cacao.py
[2026-08-27T16:27:20.939+0000] {processor.py:914} INFO - Processing file /opt/airflow/projet/dags/dag_pipeline_cacao.py for tasks to queue
[2026-08-27T16:27:20.943+0000] {logging_mixin.py:190} INFO - [2026-08-27T16:27:20.942+0000] {dagbag.py:588} INFO - Filling up the DagBag from /opt/airflow/projet/dags/dag_pipeline_cacao.py
[2026-08-27T16:27:20.962+0000] {processor.py:925} INFO - DAG(s) 'pipeline_cacao_ci' retrieved from /opt/airflow/projet/dags/dag_pipeline_cacao.py
[2026-08-27T16:27:20.993+0000] {logging_mixin.py:190} INFO - [2026-08-27T16:27:20.992+0000] {dag.py:3239} INFO - Sync 1 DAGs
[2026-08-27T16:27:21.008+0000] {logging_mixin.py:190} INFO - [2026-08-27T16:27:21.007+0000] {dag.py:4180} INFO - Setting next_dagrun for pipeline_cacao_ci to 2026-08-25 22:00:00+00:00, run_after=2026-08-26 22:00:00+00:00
[2026-08-27T16:27:21.017+0000] {processor.py:208} INFO - Processing /opt/airflow/projet/dags/dag_pipeline_cacao.py took 0.088 seconds
[2026-08-27T16:27:51.347+0000] {processor.py:186} INFO - Started process (PID=1435) to work on /opt/airflow/projet/dags/dag_pipeline_cacao.py
[2026-08-27T16:27:51.348+0000] {processor.py:914} INFO - Processing file /opt/airflow/projet/dags/dag_pipeline_cacao.py for tasks to queue
[2026-08-27T16:27:51.351+0000] {logging_mixin.py:190} INFO - [2026-08-27T16:27:51.351+0000] {dagbag.py:588} INFO - Filling up the DagBag from /opt/airflow/projet/dags/dag_pipeline_cacao.py
[2026-08-27T16:27:51.370+0000] {processor.py:925} INFO - DAG(s) 'pipeline_cacao_ci' retrieved from /opt/airflow/projet/dags/dag_pipeline_cacao.py
[2026-08-27T16:27:51.396+0000] {logging_mixin.py:190} INFO - [2026-08-27T16:27:51.396+0000] {dag.py:3239} INFO - Sync 1 DAGs
[2026-08-27T16:27:51.408+0000] {logging_mixin.py:190} INFO - [2026-08-27T16:27:51.408+0000] {dag.py:4180} INFO - Setting next_dagrun for pipeline_cacao_ci to 2026-08-25 22:00:00+00:00, run_after=2026-08-26 22:00:00+00:00
[2026-08-27T16:27:51.416+0000] {processor.py:208} INFO - Processing /opt/airflow/projet/dags/dag_pipeline_cacao.py took 0.076 seconds
[2026-08-27T16:28:21.678+0000] {processor.py:186} INFO - Started process (PID=1453) to work on /opt/airflow/projet/dags/dag_pipeline_cacao.py
[2026-08-27T16:28:21.678+0000] {processor.py:914} INFO - Processing file /opt/airflow/projet/dags/dag_pipeline_cacao.py for tasks to queue
[2026-08-27T16:28:21.679+0000] {logging_mixin.py:190} INFO - [2026-08-27T16:28:21.679+0000] {dagbag.py:588} INFO - Filling up the DagBag from /opt/airflow/projet/dags/dag_pipeline_cacao.py
[2026-08-27T16:28:21.693+0000] {processor.py:925} INFO - DAG(s) 'pipeline_cacao_ci' retrieved from /opt/airflow/projet/dags/dag_pipeline_cacao.py
[2026-08-27T16:28:21.716+0000] {logging_mixin.py:190} INFO - [2026-08-27T16:28:21.716+0000] {dag.py:3239} INFO - Sync 1 DAGs
[2026-08-27T16:28:21.726+0000] {logging_mixin.py:190} INFO - [2026-08-27T16:28:21.726+0000] {dag.py:4180} INFO - Setting next_dagrun for pipeline_cacao_ci to 2026-08-25 22:00:00+00:00, run_after=2026-08-26 22:00:00+00:00
[2026-08-27T16:28:21.732+0000] {processor.py:208} INFO - Processing /opt/airflow/projet/dags/dag_pipeline_cacao.py took 0.058 seconds
[2026-08-27T16:28:52.075+0000] {processor.py:186} INFO - Started process (PID=1464) to work on /opt/airflow/projet/dags/dag_pipeline_cacao.py
[2026-08-27T16:28:52.076+0000] {processor.py:914} INFO - Processing file /opt/airflow/projet/dags/dag_pipeline_cacao.py for tasks to queue
[2026-08-27T16:28:52.078+0000] {logging_mixin.py:190} INFO - [2026-08-27T16:28:52.078+0000] {dagbag.py:588} INFO - Filling up the DagBag from /opt/airflow/projet/dags/dag_pipeline_cacao.py
[2026-08-27T16:28:52.094+0000] {processor.py:925} INFO - DAG(s) 'pipeline_cacao_ci' retrieved from /opt/airflow/projet/dags/dag_pipeline_cacao.py
[2026-08-27T16:28:52.123+0000] {logging_mixin.py:190} INFO - [2026-08-27T16:28:52.123+0000] {dag.py:3239} INFO - Sync 1 DAGs
[2026-08-27T16:28:52.134+0000] {logging_mixin.py:190} INFO - [2026-08-27T16:28:52.133+0000] {dag.py:4180} INFO - Setting next_dagrun for pipeline_cacao_ci to 2026-08-25 22:00:00+00:00, run_after=2026-08-26 22:00:00+00:00
[2026-08-27T16:28:52.141+0000] {processor.py:208} INFO - Processing /opt/airflow/projet/dags/dag_pipeline_cacao.py took 0.072 seconds
[2026-08-27T16:29:22.509+0000] {processor.py:186} INFO - Started process (PID=1483) to work on /opt/airflow/projet/dags/dag_pipeline_cacao.py
[2026-08-27T16:29:22.510+0000] {processor.py:914} INFO - Processing file /opt/airflow/projet/dags/dag_pipeline_cacao.py for tasks to queue
[2026-08-27T16:29:22.511+0000] {logging_mixin.py:190} INFO - [2026-08-27T16:29:22.511+0000] {dagbag.py:588} INFO - Filling up the DagBag from /opt/airflow/projet/dags/dag_pipeline_cacao.py
[2026-08-27T16:29:22.526+0000] {processor.py:925} INFO - DAG(s) 'pipeline_cacao_ci' retrieved from /opt/airflow/projet/dags/dag_pipeline_cacao.py
[2026-08-27T16:29:22.551+0000] {logging_mixin.py:190} INFO - [2026-08-27T16:29:22.551+0000] {dag.py:3239} INFO - Sync 1 DAGs
[2026-08-27T16:29:22.562+0000] {logging_mixin.py:190} INFO - [2026-08-27T16:29:22.562+0000] {dag.py:4180} INFO - Setting next_dagrun for pipeline_cacao_ci to 2026-08-25 22:00:00+00:00, run_after=2026-08-26 22:00:00+00:00
[2026-08-27T16:29:22.569+0000] {processor.py:208} INFO - Processing /opt/airflow/projet/dags/dag_pipeline_cacao.py took 0.067 seconds
[2026-08-27T16:29:52.954+0000] {processor.py:186} INFO - Started process (PID=1502) to work on /opt/airflow/projet/dags/dag_pipeline_cacao.py
[2026-08-27T16:29:52.955+0000] {processor.py:914} INFO - Processing file /opt/airflow/projet/dags/dag_pipeline_cacao.py for tasks to queue
[2026-08-27T16:29:52.957+0000] {logging_mixin.py:190} INFO - [2026-08-27T16:29:52.956+0000] {dagbag.py:588} INFO - Filling up the DagBag from /opt/airflow/projet/dags/dag_pipeline_cacao.py
[2026-08-27T16:29:52.972+0000] {processor.py:925} INFO - DAG(s) 'pipeline_cacao_ci' retrieved from /opt/airflow/projet/dags/dag_pipeline_cacao.py
[2026-08-27T16:29:52.999+0000] {logging_mixin.py:190} INFO - [2026-08-27T16:29:52.999+0000] {dag.py:3239} INFO - Sync 1 DAGs
[2026-08-27T16:29:53.010+0000] {logging_mixin.py:190} INFO - [2026-08-27T16:29:53.010+0000] {dag.py:4180} INFO - Setting next_dagrun for pipeline_cacao_ci to 2026-08-25 22:00:00+00:00, run_after=2026-08-26 22:00:00+00:00
[2026-08-27T16:29:53.016+0000] {processor.py:208} INFO - Processing /opt/airflow/projet/dags/dag_pipeline_cacao.py took 0.069 seconds
[2026-08-27T16:30:23.364+0000] {processor.py:186} INFO - Started process (PID=1521) to work on /opt/airflow/projet/dags/dag_pipeline_cacao.py
[2026-08-27T16:30:23.365+0000] {processor.py:914} INFO - Processing file /opt/airflow/projet/dags/dag_pipeline_cacao.py for tasks to queue
[2026-08-27T16:30:23.367+0000] {logging_mixin.py:190} INFO - [2026-08-27T16:30:23.366+0000] {dagbag.py:588} INFO - Filling up the DagBag from /opt/airflow/projet/dags/dag_pipeline_cacao.py
[2026-08-27T16:30:23.386+0000] {processor.py:925} INFO - DAG(s) 'pipeline_cacao_ci' retrieved from /opt/airflow/projet/dags/dag_pipeline_cacao.py
[2026-08-27T16:30:23.412+0000] {logging_mixin.py:190} INFO - [2026-08-27T16:30:23.412+0000] {dag.py:3239} INFO - Sync 1 DAGs
[2026-08-27T16:30:23.423+0000] {logging_mixin.py:190} INFO - [2026-08-27T16:30:23.423+0000] {dag.py:4180} INFO - Setting next_dagrun for pipeline_cacao_ci to 2026-08-25 22:00:00+00:00, run_after=2026-08-26 22:00:00+00:00
[2026-08-27T16:30:23.430+0000] {processor.py:208} INFO - Processing /opt/airflow/projet/dags/dag_pipeline_cacao.py took 0.072 seconds
[2026-08-27T16:30:53.817+0000] {processor.py:186} INFO - Started process (PID=1540) to work on /opt/airflow/projet/dags/dag_pipeline_cacao.py
[2026-08-27T16:30:53.818+0000] {processor.py:914} INFO - Processing file /opt/airflow/projet/dags/dag_pipeline_cacao.py for tasks to queue
[2026-08-27T16:30:53.822+0000] {logging_mixin.py:190} INFO - [2026-08-27T16:30:53.822+0000] {dagbag.py:588} INFO - Filling up the DagBag from /opt/airflow/projet/dags/dag_pipeline_cacao.py
[2026-08-27T16:30:53.849+0000] {processor.py:925} INFO - DAG(s) 'pipeline_cacao_ci' retrieved from /opt/airflow/projet/dags/dag_pipeline_cacao.py
[2026-08-27T16:30:53.884+0000] {logging_mixin.py:190} INFO - [2026-08-27T16:30:53.884+0000] {dag.py:3239} INFO - Sync 1 DAGs
[2026-08-27T16:30:53.923+0000] {logging_mixin.py:190} INFO - [2026-08-27T16:30:53.923+0000] {dag.py:4180} INFO - Setting next_dagrun for pipeline_cacao_ci to 2026-08-25 22:00:00+00:00, run_after=2026-08-26 22:00:00+00:00
[2026-08-27T16:30:53.939+0000] {processor.py:208} INFO - Processing /opt/airflow/projet/dags/dag_pipeline_cacao.py took 0.130 seconds
[2026-08-27T16:31:24.240+0000] {processor.py:186} INFO - Started process (PID=1559) to work on /opt/airflow/projet/dags/dag_pipeline_cacao.py
[2026-08-27T16:31:24.241+0000] {processor.py:914} INFO - Processing file /opt/airflow/projet/dags/dag_pipeline_cacao.py for tasks to queue
[2026-08-27T16:31:24.243+0000] {logging_mixin.py:190} INFO - [2026-08-27T16:31:24.243+0000] {dagbag.py:588} INFO - Filling up the DagBag from /opt/airflow/projet/dags/dag_pipeline_cacao.py
[2026-08-27T16:31:24.258+0000] {processor.py:925} INFO - DAG(s) 'pipeline_cacao_ci' retrieved from /opt/airflow/projet/dags/dag_pipeline_cacao.py
[2026-08-27T16:31:24.286+0000] {logging_mixin.py:190} INFO - [2026-08-27T16:31:24.286+0000] {dag.py:3239} INFO - Sync 1 DAGs
[2026-08-27T16:31:24.298+0000] {logging_mixin.py:190} INFO - [2026-08-27T16:31:24.298+0000] {dag.py:4180} INFO - Setting next_dagrun for pipeline_cacao_ci to 2026-08-25 22:00:00+00:00, run_after=2026-08-26 22:00:00+00:00
[2026-08-27T16:31:24.306+0000] {processor.py:208} INFO - Processing /opt/airflow/projet/dags/dag_pipeline_cacao.py took 0.072 seconds
[2026-08-27T16:31:54.657+0000] {processor.py:186} INFO - Started process (PID=1578) to work on /opt/airflow/projet/dags/dag_pipeline_cacao.py
[2026-08-27T16:31:54.659+0000] {processor.py:914} INFO - Processing file /opt/airflow/projet/dags/dag_pipeline_cacao.py for tasks to queue
[2026-08-27T16:31:54.663+0000] {logging_mixin.py:190} INFO - [2026-08-27T16:31:54.663+0000] {dagbag.py:588} INFO - Filling up the DagBag from /opt/airflow/projet/dags/dag_pipeline_cacao.py
[2026-08-27T16:31:54.698+0000] {processor.py:925} INFO - DAG(s) 'pipeline_cacao_ci' retrieved from /opt/airflow/projet/dags/dag_pipeline_cacao.py
[2026-08-27T16:31:54.733+0000] {logging_mixin.py:190} INFO - [2026-08-27T16:31:54.733+0000] {dag.py:3239} INFO - Sync 1 DAGs
[2026-08-27T16:31:54.748+0000] {logging_mixin.py:190} INFO - [2026-08-27T16:31:54.748+0000] {dag.py:4180} INFO - Setting next_dagrun for pipeline_cacao_ci to 2026-08-25 22:00:00+00:00, run_after=2026-08-26 22:00:00+00:00
[2026-08-27T16:31:54.757+0000] {processor.py:208} INFO - Processing /opt/airflow/projet/dags/dag_pipeline_cacao.py took 0.114 seconds
[2026-08-27T16:32:25.141+0000] {processor.py:186} INFO - Started process (PID=1597) to work on /opt/airflow/projet/dags/dag_pipeline_cacao.py
[2026-08-27T16:32:25.142+0000] {processor.py:914} INFO - Processing file /opt/airflow/projet/dags/dag_pipeline_cacao.py for tasks to queue
[2026-08-27T16:32:25.147+0000] {logging_mixin.py:190} INFO - [2026-08-27T16:32:25.147+0000] {dagbag.py:588} INFO - Filling up the DagBag from /opt/airflow/projet/dags/dag_pipeline_cacao.py
[2026-08-27T16:32:25.165+0000] {processor.py:925} INFO - DAG(s) 'pipeline_cacao_ci' retrieved from /opt/airflow/projet/dags/dag_pipeline_cacao.py
[2026-08-27T16:32:25.195+0000] {logging_mixin.py:190} INFO - [2026-08-27T16:32:25.195+0000] {dag.py:3239} INFO - Sync 1 DAGs
[2026-08-27T16:32:25.208+0000] {logging_mixin.py:190} INFO - [2026-08-27T16:32:25.208+0000] {dag.py:4180} INFO - Setting next_dagrun for pipeline_cacao_ci to 2026-08-25 22:00:00+00:00, run_after=2026-08-26 22:00:00+00:00
[2026-08-27T16:32:25.217+0000] {processor.py:208} INFO - Processing /opt/airflow/projet/dags/dag_pipeline_cacao.py took 0.083 seconds
[2026-08-27T16:32:55.515+0000] {processor.py:186} INFO - Started process (PID=1616) to work on /opt/airflow/projet/dags/dag_pipeline_cacao.py
[2026-08-27T16:32:55.516+0000] {processor.py:914} INFO - Processing file /opt/airflow/projet/dags/dag_pipeline_cacao.py for tasks to queue
[2026-08-27T16:32:55.518+0000] {logging_mixin.py:190} INFO - [2026-08-27T16:32:55.518+0000] {dagbag.py:588} INFO - Filling up the DagBag from /opt/airflow/projet/dags/dag_pipeline_cacao.py
[2026-08-27T16:32:55.532+0000] {processor.py:925} INFO - DAG(s) 'pipeline_cacao_ci' retrieved from /opt/airflow/projet/dags/dag_pipeline_cacao.py
[2026-08-27T16:32:55.558+0000] {logging_mixin.py:190} INFO - [2026-08-27T16:32:55.557+0000] {dag.py:3239} INFO - Sync 1 DAGs
[2026-08-27T16:32:55.568+0000] {logging_mixin.py:190} INFO - [2026-08-27T16:32:55.568+0000] {dag.py:4180} INFO - Setting next_dagrun for pipeline_cacao_ci to 2026-08-25 22:00:00+00:00, run_after=2026-08-26 22:00:00+00:00
[2026-08-27T16:32:55.575+0000] {processor.py:208} INFO - Processing /opt/airflow/projet/dags/dag_pipeline_cacao.py took 0.064 seconds
[2026-08-27T16:33:25.943+0000] {processor.py:186} INFO - Started process (PID=1635) to work on /opt/airflow/projet/dags/dag_pipeline_cacao.py
[2026-08-27T16:33:25.944+0000] {processor.py:914} INFO - Processing file /opt/airflow/projet/dags/dag_pipeline_cacao.py for tasks to queue
[2026-08-27T16:33:25.946+0000] {logging_mixin.py:190} INFO - [2026-08-27T16:33:25.946+0000] {dagbag.py:588} INFO - Filling up the DagBag from /opt/airflow/projet/dags/dag_pipeline_cacao.py
[2026-08-27T16:33:25.963+0000] {processor.py:925} INFO - DAG(s) 'pipeline_cacao_ci' retrieved from /opt/airflow/projet/dags/dag_pipeline_cacao.py
[2026-08-27T16:33:25.987+0000] {logging_mixin.py:190} INFO - [2026-08-27T16:33:25.987+0000] {dag.py:3239} INFO - Sync 1 DAGs
[2026-08-27T16:33:25.999+0000] {logging_mixin.py:190} INFO - [2026-08-27T16:33:25.999+0000] {dag.py:4180} INFO - Setting next_dagrun for pipeline_cacao_ci to 2026-08-25 22:00:00+00:00, run_after=2026-08-26 22:00:00+00:00
[2026-08-27T16:33:26.007+0000] {processor.py:208} INFO - Processing /opt/airflow/projet/dags/dag_pipeline_cacao.py took 0.070 seconds
[2026-08-27T16:33:56.402+0000] {processor.py:186} INFO - Started process (PID=1654) to work on /opt/airflow/projet/dags/dag_pipeline_cacao.py
[2026-08-27T16:33:56.403+0000] {processor.py:914} INFO - Processing file /opt/airflow/projet/dags/dag_pipeline_cacao.py for tasks to queue
[2026-08-27T16:33:56.407+0000] {logging_mixin.py:190} INFO - [2026-08-27T16:33:56.407+0000] {dagbag.py:588} INFO - Filling up the DagBag from /opt/airflow/projet/dags/dag_pipeline_cacao.py
[2026-08-27T16:33:56.427+0000] {processor.py:925} INFO - DAG(s) 'pipeline_cacao_ci' retrieved from /opt/airflow/projet/dags/dag_pipeline_cacao.py
[2026-08-27T16:33:56.452+0000] {logging_mixin.py:190} INFO - [2026-08-27T16:33:56.452+0000] {dag.py:3239} INFO - Sync 1 DAGs
[2026-08-27T16:33:56.464+0000] {logging_mixin.py:190} INFO - [2026-08-27T16:33:56.464+0000] {dag.py:4180} INFO - Setting next_dagrun for pipeline_cacao_ci to 2026-08-25 22:00:00+00:00, run_after=2026-08-26 22:00:00+00:00
[2026-08-27T16:33:56.471+0000] {processor.py:208} INFO - Processing /opt/airflow/projet/dags/dag_pipeline_cacao.py took 0.077 seconds
[2026-08-27T16:34:26.834+0000] {processor.py:186} INFO - Started process (PID=1673) to work on /opt/airflow/projet/dags/dag_pipeline_cacao.py
[2026-08-27T16:34:26.835+0000] {processor.py:914} INFO - Processing file /opt/airflow/projet/dags/dag_pipeline_cacao.py for tasks to queue
[2026-08-27T16:34:26.838+0000] {logging_mixin.py:190} INFO - [2026-08-27T16:34:26.838+0000] {dagbag.py:588} INFO - Filling up the DagBag from /opt/airflow/projet/dags/dag_pipeline_cacao.py
[2026-08-27T16:34:26.857+0000] {processor.py:925} INFO - DAG(s) 'pipeline_cacao_ci' retrieved from /opt/airflow/projet/dags/dag_pipeline_cacao.py
[2026-08-27T16:34:26.883+0000] {logging_mixin.py:190} INFO - [2026-08-27T16:34:26.883+0000] {dag.py:3239} INFO - Sync 1 DAGs
[2026-08-27T16:34:26.895+0000] {logging_mixin.py:190} INFO - [2026-08-27T16:34:26.894+0000] {dag.py:4180} INFO - Setting next_dagrun for pipeline_cacao_ci to 2026-08-25 22:00:00+00:00, run_after=2026-08-26 22:00:00+00:00
[2026-08-27T16:34:26.902+0000] {processor.py:208} INFO - Processing /opt/airflow/projet/dags/dag_pipeline_cacao.py took 0.075 seconds
[2026-08-27T16:34:57.221+0000] {processor.py:186} INFO - Started process (PID=1692) to work on /opt/airflow/projet/dags/dag_pipeline_cacao.py
[2026-08-27T16:34:57.222+0000] {processor.py:914} INFO - Processing file /opt/airflow/projet/dags/dag_pipeline_cacao.py for tasks to queue
[2026-08-27T16:34:57.226+0000] {logging_mixin.py:190} INFO - [2026-08-27T16:34:57.226+0000] {dagbag.py:588} INFO - Filling up the DagBag from /opt/airflow/projet/dags/dag_pipeline_cacao.py
[2026-08-27T16:34:57.249+0000] {processor.py:925} INFO - DAG(s) 'pipeline_cacao_ci' retrieved from /opt/airflow/projet/dags/dag_pipeline_cacao.py
[2026-08-27T16:34:57.276+0000] {logging_mixin.py:190} INFO - [2026-08-27T16:34:57.276+0000] {dag.py:3239} INFO - Sync 1 DAGs
[2026-08-27T16:34:57.288+0000] {logging_mixin.py:190} INFO - [2026-08-27T16:34:57.288+0000] {dag.py:4180} INFO - Setting next_dagrun for pipeline_cacao_ci to 2026-08-25 22:00:00+00:00, run_after=2026-08-26 22:00:00+00:00
[2026-08-27T16:34:57.295+0000] {processor.py:208} INFO - Processing /opt/airflow/projet/dags/dag_pipeline_cacao.py took 0.081 seconds
[2026-08-27T16:35:27.655+0000] {processor.py:186} INFO - Started process (PID=1711) to work on /opt/airflow/projet/dags/dag_pipeline_cacao.py
[2026-08-27T16:35:27.656+0000] {processor.py:914} INFO - Processing file /opt/airflow/projet/dags/dag_pipeline_cacao.py for tasks to queue
[2026-08-27T16:35:27.659+0000] {logging_mixin.py:190} INFO - [2026-08-27T16:35:27.659+0000] {dagbag.py:588} INFO - Filling up the DagBag from /opt/airflow/projet/dags/dag_pipeline_cacao.py
[2026-08-27T16:35:27.680+0000] {processor.py:925} INFO - DAG(s) 'pipeline_cacao_ci' retrieved from /opt/airflow/projet/dags/dag_pipeline_cacao.py
[2026-08-27T16:35:27.712+0000] {logging_mixin.py:190} INFO - [2026-08-27T16:35:27.712+0000] {dag.py:3239} INFO - Sync 1 DAGs
[2026-08-27T16:35:27.728+0000] {logging_mixin.py:190} INFO - [2026-08-27T16:35:27.727+0000] {dag.py:4180} INFO - Setting next_dagrun for pipeline_cacao_ci to 2026-08-25 22:00:00+00:00, run_after=2026-08-26 22:00:00+00:00
[2026-08-27T16:35:27.737+0000] {processor.py:208} INFO - Processing /opt/airflow/projet/dags/dag_pipeline_cacao.py took 0.092 seconds
[2026-08-27T16:35:58.080+0000] {processor.py:186} INFO - Started process (PID=1729) to work on /opt/airflow/projet/dags/dag_pipeline_cacao.py
[2026-08-27T16:35:58.081+0000] {processor.py:914} INFO - Processing file /opt/airflow/projet/dags/dag_pipeline_cacao.py for tasks to queue
[2026-08-27T16:35:58.084+0000] {logging_mixin.py:190} INFO - [2026-08-27T16:35:58.084+0000] {dagbag.py:588} INFO - Filling up the DagBag from /opt/airflow/projet/dags/dag_pipeline_cacao.py
[2026-08-27T16:35:58.104+0000] {processor.py:925} INFO - DAG(s) 'pipeline_cacao_ci' retrieved from /opt/airflow/projet/dags/dag_pipeline_cacao.py
[2026-08-27T16:35:58.132+0000] {logging_mixin.py:190} INFO - [2026-08-27T16:35:58.132+0000] {dag.py:3239} INFO - Sync 1 DAGs
[2026-08-27T16:35:58.146+0000] {logging_mixin.py:190} INFO - [2026-08-27T16:35:58.146+0000] {dag.py:4180} INFO - Setting next_dagrun for pipeline_cacao_ci to 2026-08-25 22:00:00+00:00, run_after=2026-08-26 22:00:00+00:00
[2026-08-27T16:35:58.154+0000] {processor.py:208} INFO - Processing /opt/airflow/projet/dags/dag_pipeline_cacao.py took 0.081 seconds
[2026-08-27T16:36:28.509+0000] {processor.py:186} INFO - Started process (PID=1740) to work on /opt/airflow/projet/dags/dag_pipeline_cacao.py
[2026-08-27T16:36:28.510+0000] {processor.py:914} INFO - Processing file /opt/airflow/projet/dags/dag_pipeline_cacao.py for tasks to queue
[2026-08-27T16:36:28.512+0000] {logging_mixin.py:190} INFO - [2026-08-27T16:36:28.511+0000] {dagbag.py:588} INFO - Filling up the DagBag from /opt/airflow/projet/dags/dag_pipeline_cacao.py
[2026-08-27T16:36:28.528+0000] {processor.py:925} INFO - DAG(s) 'pipeline_cacao_ci' retrieved from /opt/airflow/projet/dags/dag_pipeline_cacao.py
[2026-08-27T16:36:28.557+0000] {logging_mixin.py:190} INFO - [2026-08-27T16:36:28.557+0000] {dag.py:3239} INFO - Sync 1 DAGs
[2026-08-27T16:36:28.568+0000] {logging_mixin.py:190} INFO - [2026-08-27T16:36:28.568+0000] {dag.py:4180} INFO - Setting next_dagrun for pipeline_cacao_ci to 2026-08-25 22:00:00+00:00, run_after=2026-08-26 22:00:00+00:00
[2026-08-27T16:36:28.576+0000] {processor.py:208} INFO - Processing /opt/airflow/projet/dags/dag_pipeline_cacao.py took 0.073 seconds
[2026-08-27T16:36:58.914+0000] {processor.py:186} INFO - Started process (PID=1759) to work on /opt/airflow/projet/dags/dag_pipeline_cacao.py
[2026-08-27T16:36:58.914+0000] {processor.py:914} INFO - Processing file /opt/airflow/projet/dags/dag_pipeline_cacao.py for tasks to queue
[2026-08-27T16:36:58.916+0000] {logging_mixin.py:190} INFO - [2026-08-27T16:36:58.916+0000] {dagbag.py:588} INFO - Filling up the DagBag from /opt/airflow/projet/dags/dag_pipeline_cacao.py
[2026-08-27T16:36:58.932+0000] {processor.py:925} INFO - DAG(s) 'pipeline_cacao_ci' retrieved from /opt/airflow/projet/dags/dag_pipeline_cacao.py
[2026-08-27T16:36:58.960+0000] {logging_mixin.py:190} INFO - [2026-08-27T16:36:58.960+0000] {dag.py:3239} INFO - Sync 1 DAGs
[2026-08-27T16:36:58.971+0000] {logging_mixin.py:190} INFO - [2026-08-27T16:36:58.971+0000] {dag.py:4180} INFO - Setting next_dagrun for pipeline_cacao_ci to 2026-08-25 22:00:00+00:00, run_after=2026-08-26 22:00:00+00:00
[2026-08-27T16:36:58.978+0000] {processor.py:208} INFO - Processing /opt/airflow/projet/dags/dag_pipeline_cacao.py took 0.069 seconds
[2026-08-27T16:37:29.348+0000] {processor.py:186} INFO - Started process (PID=1778) to work on /opt/airflow/projet/dags/dag_pipeline_cacao.py
[2026-08-27T16:37:29.349+0000] {processor.py:914} INFO - Processing file /opt/airflow/projet/dags/dag_pipeline_cacao.py for tasks to queue
[2026-08-27T16:37:29.353+0000] {logging_mixin.py:190} INFO - [2026-08-27T16:37:29.353+0000] {dagbag.py:588} INFO - Filling up the DagBag from /opt/airflow/projet/dags/dag_pipeline_cacao.py
[2026-08-27T16:37:29.372+0000] {processor.py:925} INFO - DAG(s) 'pipeline_cacao_ci' retrieved from /opt/airflow/projet/dags/dag_pipeline_cacao.py
[2026-08-27T16:37:29.403+0000] {logging_mixin.py:190} INFO - [2026-08-27T16:37:29.403+0000] {dag.py:3239} INFO - Sync 1 DAGs
[2026-08-27T16:37:29.416+0000] {logging_mixin.py:190} INFO - [2026-08-27T16:37:29.416+0000] {dag.py:4180} INFO - Setting next_dagrun for pipeline_cacao_ci to 2026-08-25 22:00:00+00:00, run_after=2026-08-26 22:00:00+00:00
[2026-08-27T16:37:29.425+0000] {processor.py:208} INFO - Processing /opt/airflow/projet/dags/dag_pipeline_cacao.py took 0.085 seconds
[2026-08-27T16:37:59.791+0000] {processor.py:186} INFO - Started process (PID=1797) to work on /opt/airflow/projet/dags/dag_pipeline_cacao.py
[2026-08-27T16:37:59.793+0000] {processor.py:914} INFO - Processing file /opt/airflow/projet/dags/dag_pipeline_cacao.py for tasks to queue
[2026-08-27T16:37:59.797+0000] {logging_mixin.py:190} INFO - [2026-08-27T16:37:59.796+0000] {dagbag.py:588} INFO - Filling up the DagBag from /opt/airflow/projet/dags/dag_pipeline_cacao.py
[2026-08-27T16:37:59.818+0000] {processor.py:925} INFO - DAG(s) 'pipeline_cacao_ci' retrieved from /opt/airflow/projet/dags/dag_pipeline_cacao.py
[2026-08-27T16:37:59.850+0000] {logging_mixin.py:190} INFO - [2026-08-27T16:37:59.850+0000] {dag.py:3239} INFO - Sync 1 DAGs
[2026-08-27T16:37:59.866+0000] {logging_mixin.py:190} INFO - [2026-08-27T16:37:59.866+0000] {dag.py:4180} INFO - Setting next_dagrun for pipeline_cacao_ci to 2026-08-25 22:00:00+00:00, run_after=2026-08-26 22:00:00+00:00
[2026-08-27T16:37:59.875+0000] {processor.py:208} INFO - Processing /opt/airflow/projet/dags/dag_pipeline_cacao.py took 0.095 seconds
[2026-08-27T16:38:30.219+0000] {processor.py:186} INFO - Started process (PID=1816) to work on /opt/airflow/projet/dags/dag_pipeline_cacao.py
[2026-08-27T16:38:30.220+0000] {processor.py:914} INFO - Processing file /opt/airflow/projet/dags/dag_pipeline_cacao.py for tasks to queue
[2026-08-27T16:38:30.224+0000] {logging_mixin.py:190} INFO - [2026-08-27T16:38:30.223+0000] {dagbag.py:588} INFO - Filling up the DagBag from /opt/airflow/projet/dags/dag_pipeline_cacao.py
[2026-08-27T16:38:30.245+0000] {processor.py:925} INFO - DAG(s) 'pipeline_cacao_ci' retrieved from /opt/airflow/projet/dags/dag_pipeline_cacao.py
[2026-08-27T16:38:30.279+0000] {logging_mixin.py:190} INFO - [2026-08-27T16:38:30.279+0000] {dag.py:3239} INFO - Sync 1 DAGs
[2026-08-27T16:38:30.292+0000] {logging_mixin.py:190} INFO - [2026-08-27T16:38:30.292+0000] {dag.py:4180} INFO - Setting next_dagrun for pipeline_cacao_ci to 2026-08-25 22:00:00+00:00, run_after=2026-08-26 22:00:00+00:00
[2026-08-27T16:38:30.300+0000] {processor.py:208} INFO - Processing /opt/airflow/projet/dags/dag_pipeline_cacao.py took 0.091 seconds
[2026-08-27T16:39:00.603+0000] {processor.py:186} INFO - Started process (PID=1835) to work on /opt/airflow/projet/dags/dag_pipeline_cacao.py
[2026-08-27T16:39:00.604+0000] {processor.py:914} INFO - Processing file /opt/airflow/projet/dags/dag_pipeline_cacao.py for tasks to queue
[2026-08-27T16:39:00.608+0000] {logging_mixin.py:190} INFO - [2026-08-27T16:39:00.607+0000] {dagbag.py:588} INFO - Filling up the DagBag from /opt/airflow/projet/dags/dag_pipeline_cacao.py
[2026-08-27T16:39:00.635+0000] {processor.py:925} INFO - DAG(s) 'pipeline_cacao_ci' retrieved from /opt/airflow/projet/dags/dag_pipeline_cacao.py
[2026-08-27T16:39:00.673+0000] {logging_mixin.py:190} INFO - [2026-08-27T16:39:00.673+0000] {dag.py:3239} INFO - Sync 1 DAGs
[2026-08-27T16:39:00.687+0000] {logging_mixin.py:190} INFO - [2026-08-27T16:39:00.687+0000] {dag.py:4180} INFO - Setting next_dagrun for pipeline_cacao_ci to 2026-08-25 22:00:00+00:00, run_after=2026-08-26 22:00:00+00:00
[2026-08-27T16:39:00.704+0000] {processor.py:208} INFO - Processing /opt/airflow/projet/dags/dag_pipeline_cacao.py took 0.114 seconds
[2026-08-27T16:39:31.073+0000] {processor.py:186} INFO - Started process (PID=1854) to work on /opt/airflow/projet/dags/dag_pipeline_cacao.py
[2026-08-27T16:39:31.075+0000] {processor.py:914} INFO - Processing file /opt/airflow/projet/dags/dag_pipeline_cacao.py for tasks to queue
[2026-08-27T16:39:31.079+0000] {logging_mixin.py:190} INFO - [2026-08-27T16:39:31.079+0000] {dagbag.py:588} INFO - Filling up the DagBag from /opt/airflow/projet/dags/dag_pipeline_cacao.py
[2026-08-27T16:39:31.116+0000] {processor.py:925} INFO - DAG(s) 'pipeline_cacao_ci' retrieved from /opt/airflow/projet/dags/dag_pipeline_cacao.py
[2026-08-27T16:39:31.158+0000] {logging_mixin.py:190} INFO - [2026-08-27T16:39:31.158+0000] {dag.py:3239} INFO - Sync 1 DAGs
[2026-08-27T16:39:31.177+0000] {logging_mixin.py:190} INFO - [2026-08-27T16:39:31.177+0000] {dag.py:4180} INFO - Setting next_dagrun for pipeline_cacao_ci to 2026-08-25 22:00:00+00:00, run_after=2026-08-26 22:00:00+00:00
[2026-08-27T16:39:31.188+0000] {processor.py:208} INFO - Processing /opt/airflow/projet/dags/dag_pipeline_cacao.py took 0.130 seconds
[2026-08-27T16:44:40.122+0000] {processor.py:186} INFO - Started process (PID=1864) to work on /opt/airflow/projet/dags/dag_pipeline_cacao.py
[2026-08-27T16:44:40.125+0000] {processor.py:914} INFO - Processing file /opt/airflow/projet/dags/dag_pipeline_cacao.py for tasks to queue
[2026-08-27T16:44:40.128+0000] {logging_mixin.py:190} INFO - [2026-08-27T16:44:40.127+0000] {dagbag.py:588} INFO - Filling up the DagBag from /opt/airflow/projet/dags/dag_pipeline_cacao.py
[2026-08-27T16:44:40.165+0000] {processor.py:925} INFO - DAG(s) 'pipeline_cacao_ci' retrieved from /opt/airflow/projet/dags/dag_pipeline_cacao.py
[2026-08-27T16:44:40.221+0000] {logging_mixin.py:190} INFO - [2026-08-27T16:44:40.220+0000] {dag.py:3239} INFO - Sync 1 DAGs
[2026-08-27T16:44:40.243+0000] {logging_mixin.py:190} INFO - [2026-08-27T16:44:40.242+0000] {dag.py:4180} INFO - Setting next_dagrun for pipeline_cacao_ci to 2026-08-25 22:00:00+00:00, run_after=2026-08-26 22:00:00+00:00
[2026-08-27T16:44:40.252+0000] {processor.py:208} INFO - Processing /opt/airflow/projet/dags/dag_pipeline_cacao.py took 0.146 seconds
[2026-08-27T16:45:10.674+0000] {processor.py:186} INFO - Started process (PID=1883) to work on /opt/airflow/projet/dags/dag_pipeline_cacao.py
[2026-08-27T16:45:10.675+0000] {processor.py:914} INFO - Processing file /opt/airflow/projet/dags/dag_pipeline_cacao.py for tasks to queue
[2026-08-27T16:45:10.678+0000] {logging_mixin.py:190} INFO - [2026-08-27T16:45:10.678+0000] {dagbag.py:588} INFO - Filling up the DagBag from /opt/airflow/projet/dags/dag_pipeline_cacao.py
[2026-08-27T16:45:10.697+0000] {processor.py:925} INFO - DAG(s) 'pipeline_cacao_ci' retrieved from /opt/airflow/projet/dags/dag_pipeline_cacao.py
[2026-08-27T16:45:10.727+0000] {logging_mixin.py:190} INFO - [2026-08-27T16:45:10.726+0000] {dag.py:3239} INFO - Sync 1 DAGs
[2026-08-27T16:45:10.739+0000] {logging_mixin.py:190} INFO - [2026-08-27T16:45:10.739+0000] {dag.py:4180} INFO - Setting next_dagrun for pipeline_cacao_ci to 2026-08-25 22:00:00+00:00, run_after=2026-08-26 22:00:00+00:00
[2026-08-27T16:45:10.747+0000] {processor.py:208} INFO - Processing /opt/airflow/projet/dags/dag_pipeline_cacao.py took 0.083 seconds
[2026-08-27T16:56:23.886+0000] {processor.py:186} INFO - Started process (PID=1902) to work on /opt/airflow/projet/dags/dag_pipeline_cacao.py
[2026-08-27T16:56:23.887+0000] {processor.py:914} INFO - Processing file /opt/airflow/projet/dags/dag_pipeline_cacao.py for tasks to queue
[2026-08-27T16:56:23.890+0000] {logging_mixin.py:190} INFO - [2026-08-27T16:56:23.889+0000] {dagbag.py:588} INFO - Filling up the DagBag from /opt/airflow/projet/dags/dag_pipeline_cacao.py
[2026-08-27T16:56:23.909+0000] {processor.py:925} INFO - DAG(s) 'pipeline_cacao_ci' retrieved from /opt/airflow/projet/dags/dag_pipeline_cacao.py
[2026-08-27T16:56:23.936+0000] {logging_mixin.py:190} INFO - [2026-08-27T16:56:23.936+0000] {dag.py:3239} INFO - Sync 1 DAGs
[2026-08-27T16:56:23.948+0000] {logging_mixin.py:190} INFO - [2026-08-27T16:56:23.947+0000] {dag.py:4180} INFO - Setting next_dagrun for pipeline_cacao_ci to 2026-08-25 22:00:00+00:00, run_after=2026-08-26 22:00:00+00:00
[2026-08-27T16:56:23.955+0000] {processor.py:208} INFO - Processing /opt/airflow/projet/dags/dag_pipeline_cacao.py took 0.078 seconds
[2026-08-27T16:56:54.289+0000] {processor.py:186} INFO - Started process (PID=1921) to work on /opt/airflow/projet/dags/dag_pipeline_cacao.py
[2026-08-27T16:56:54.290+0000] {processor.py:914} INFO - Processing file /opt/airflow/projet/dags/dag_pipeline_cacao.py for tasks to queue
[2026-08-27T16:56:54.293+0000] {logging_mixin.py:190} INFO - [2026-08-27T16:56:54.293+0000] {dagbag.py:588} INFO - Filling up the DagBag from /opt/airflow/projet/dags/dag_pipeline_cacao.py
[2026-08-27T16:56:54.314+0000] {processor.py:925} INFO - DAG(s) 'pipeline_cacao_ci' retrieved from /opt/airflow/projet/dags/dag_pipeline_cacao.py
[2026-08-27T16:56:54.340+0000] {logging_mixin.py:190} INFO - [2026-08-27T16:56:54.339+0000] {dag.py:3239} INFO - Sync 1 DAGs
[2026-08-27T16:56:54.351+0000] {logging_mixin.py:190} INFO - [2026-08-27T16:56:54.351+0000] {dag.py:4180} INFO - Setting next_dagrun for pipeline_cacao_ci to 2026-08-25 22:00:00+00:00, run_after=2026-08-26 22:00:00+00:00
[2026-08-27T16:56:54.359+0000] {processor.py:208} INFO - Processing /opt/airflow/projet/dags/dag_pipeline_cacao.py took 0.076 seconds
[2026-08-27T16:57:24.701+0000] {processor.py:186} INFO - Started process (PID=1940) to work on /opt/airflow/projet/dags/dag_pipeline_cacao.py
[2026-08-27T16:57:24.701+0000] {processor.py:914} INFO - Processing file /opt/airflow/projet/dags/dag_pipeline_cacao.py for tasks to queue
[2026-08-27T16:57:24.703+0000] {logging_mixin.py:190} INFO - [2026-08-27T16:57:24.703+0000] {dagbag.py:588} INFO - Filling up the DagBag from /opt/airflow/projet/dags/dag_pipeline_cacao.py
[2026-08-27T16:57:24.719+0000] {processor.py:925} INFO - DAG(s) 'pipeline_cacao_ci' retrieved from /opt/airflow/projet/dags/dag_pipeline_cacao.py
[2026-08-27T16:57:24.745+0000] {logging_mixin.py:190} INFO - [2026-08-27T16:57:24.745+0000] {dag.py:3239} INFO - Sync 1 DAGs
[2026-08-27T16:57:24.757+0000] {logging_mixin.py:190} INFO - [2026-08-27T16:57:24.757+0000] {dag.py:4180} INFO - Setting next_dagrun for pipeline_cacao_ci to 2026-08-25 22:00:00+00:00, run_after=2026-08-26 22:00:00+00:00
[2026-08-27T16:57:24.764+0000] {processor.py:208} INFO - Processing /opt/airflow/projet/dags/dag_pipeline_cacao.py took 0.069 seconds
[2026-08-27T16:57:55.112+0000] {processor.py:186} INFO - Started process (PID=1959) to work on /opt/airflow/projet/dags/dag_pipeline_cacao.py
[2026-08-27T16:57:55.113+0000] {processor.py:914} INFO - Processing file /opt/airflow/projet/dags/dag_pipeline_cacao.py for tasks to queue
[2026-08-27T16:57:55.114+0000] {logging_mixin.py:190} INFO - [2026-08-27T16:57:55.114+0000] {dagbag.py:588} INFO - Filling up the DagBag from /opt/airflow/projet/dags/dag_pipeline_cacao.py
[2026-08-27T16:57:55.126+0000] {processor.py:925} INFO - DAG(s) 'pipeline_cacao_ci' retrieved from /opt/airflow/projet/dags/dag_pipeline_cacao.py
[2026-08-27T16:57:55.154+0000] {logging_mixin.py:190} INFO - [2026-08-27T16:57:55.154+0000] {dag.py:3239} INFO - Sync 1 DAGs
[2026-08-27T16:57:55.165+0000] {logging_mixin.py:190} INFO - [2026-08-27T16:57:55.165+0000] {dag.py:4180} INFO - Setting next_dagrun for pipeline_cacao_ci to 2026-08-25 22:00:00+00:00, run_after=2026-08-26 22:00:00+00:00
[2026-08-27T16:57:55.172+0000] {processor.py:208} INFO - Processing /opt/airflow/projet/dags/dag_pipeline_cacao.py took 0.068 seconds
[2026-08-27T16:58:25.503+0000] {processor.py:186} INFO - Started process (PID=1978) to work on /opt/airflow/projet/dags/dag_pipeline_cacao.py
[2026-08-27T16:58:25.504+0000] {processor.py:914} INFO - Processing file /opt/airflow/projet/dags/dag_pipeline_cacao.py for tasks to queue
[2026-08-27T16:58:25.507+0000] {logging_mixin.py:190} INFO - [2026-08-27T16:58:25.506+0000] {dagbag.py:588} INFO - Filling up the DagBag from /opt/airflow/projet/dags/dag_pipeline_cacao.py
[2026-08-27T16:58:25.535+0000] {processor.py:925} INFO - DAG(s) 'pipeline_cacao_ci' retrieved from /opt/airflow/projet/dags/dag_pipeline_cacao.py
[2026-08-27T16:58:25.573+0000] {logging_mixin.py:190} INFO - [2026-08-27T16:58:25.572+0000] {dag.py:3239} INFO - Sync 1 DAGs
[2026-08-27T16:58:25.597+0000] {logging_mixin.py:190} INFO - [2026-08-27T16:58:25.597+0000] {dag.py:4180} INFO - Setting next_dagrun for pipeline_cacao_ci to 2026-08-25 22:00:00+00:00, run_after=2026-08-26 22:00:00+00:00
[2026-08-27T16:58:25.613+0000] {processor.py:208} INFO - Processing /opt/airflow/projet/dags/dag_pipeline_cacao.py took 0.126 seconds
[2026-08-27T16:58:55.922+0000] {processor.py:186} INFO - Started process (PID=1997) to work on /opt/airflow/projet/dags/dag_pipeline_cacao.py
[2026-08-27T16:58:55.923+0000] {processor.py:914} INFO - Processing file /opt/airflow/projet/dags/dag_pipeline_cacao.py for tasks to queue
[2026-08-27T16:58:55.925+0000] {logging_mixin.py:190} INFO - [2026-08-27T16:58:55.925+0000] {dagbag.py:588} INFO - Filling up the DagBag from /opt/airflow/projet/dags/dag_pipeline_cacao.py
[2026-08-27T16:58:55.947+0000] {processor.py:925} INFO - DAG(s) 'pipeline_cacao_ci' retrieved from /opt/airflow/projet/dags/dag_pipeline_cacao.py
[2026-08-27T16:58:55.973+0000] {logging_mixin.py:190} INFO - [2026-08-27T16:58:55.973+0000] {dag.py:3239} INFO - Sync 1 DAGs
[2026-08-27T16:58:55.984+0000] {logging_mixin.py:190} INFO - [2026-08-27T16:58:55.984+0000] {dag.py:4180} INFO - Setting next_dagrun for pipeline_cacao_ci to 2026-08-25 22:00:00+00:00, run_after=2026-08-26 22:00:00+00:00
[2026-08-27T16:58:55.991+0000] {processor.py:208} INFO - Processing /opt/airflow/projet/dags/dag_pipeline_cacao.py took 0.078 seconds
[2026-08-27T16:59:26.369+0000] {processor.py:186} INFO - Started process (PID=2016) to work on /opt/airflow/projet/dags/dag_pipeline_cacao.py
[2026-08-27T16:59:26.370+0000] {processor.py:914} INFO - Processing file /opt/airflow/projet/dags/dag_pipeline_cacao.py for tasks to queue
[2026-08-27T16:59:26.373+0000] {logging_mixin.py:190} INFO - [2026-08-27T16:59:26.373+0000] {dagbag.py:588} INFO - Filling up the DagBag from /opt/airflow/projet/dags/dag_pipeline_cacao.py
[2026-08-27T16:59:26.398+0000] {processor.py:925} INFO - DAG(s) 'pipeline_cacao_ci' retrieved from /opt/airflow/projet/dags/dag_pipeline_cacao.py
[2026-08-27T16:59:26.429+0000] {logging_mixin.py:190} INFO - [2026-08-27T16:59:26.429+0000] {dag.py:3239} INFO - Sync 1 DAGs
[2026-08-27T16:59:26.444+0000] {logging_mixin.py:190} INFO - [2026-08-27T16:59:26.444+0000] {dag.py:4180} INFO - Setting next_dagrun for pipeline_cacao_ci to 2026-08-25 22:00:00+00:00, run_after=2026-08-26 22:00:00+00:00
[2026-08-27T16:59:26.453+0000] {processor.py:208} INFO - Processing /opt/airflow/projet/dags/dag_pipeline_cacao.py took 0.094 seconds
[2026-08-27T16:59:56.763+0000] {processor.py:186} INFO - Started process (PID=2035) to work on /opt/airflow/projet/dags/dag_pipeline_cacao.py
[2026-08-27T16:59:56.764+0000] {processor.py:914} INFO - Processing file /opt/airflow/projet/dags/dag_pipeline_cacao.py for tasks to queue
[2026-08-27T16:59:56.767+0000] {logging_mixin.py:190} INFO - [2026-08-27T16:59:56.766+0000] {dagbag.py:588} INFO - Filling up the DagBag from /opt/airflow/projet/dags/dag_pipeline_cacao.py
[2026-08-27T16:59:56.783+0000] {processor.py:925} INFO - DAG(s) 'pipeline_cacao_ci' retrieved from /opt/airflow/projet/dags/dag_pipeline_cacao.py
[2026-08-27T16:59:56.810+0000] {logging_mixin.py:190} INFO - [2026-08-27T16:59:56.810+0000] {dag.py:3239} INFO - Sync 1 DAGs
[2026-08-27T16:59:56.821+0000] {logging_mixin.py:190} INFO - [2026-08-27T16:59:56.821+0000] {dag.py:4180} INFO - Setting next_dagrun for pipeline_cacao_ci to 2026-08-25 22:00:00+00:00, run_after=2026-08-26 22:00:00+00:00
[2026-08-27T16:59:56.827+0000] {processor.py:208} INFO - Processing /opt/airflow/projet/dags/dag_pipeline_cacao.py took 0.071 seconds
[2026-08-27T17:00:27.126+0000] {processor.py:186} INFO - Started process (PID=2054) to work on /opt/airflow/projet/dags/dag_pipeline_cacao.py
[2026-08-27T17:00:27.127+0000] {processor.py:914} INFO - Processing file /opt/airflow/projet/dags/dag_pipeline_cacao.py for tasks to queue
[2026-08-27T17:00:27.129+0000] {logging_mixin.py:190} INFO - [2026-08-27T17:00:27.128+0000] {dagbag.py:588} INFO - Filling up the DagBag from /opt/airflow/projet/dags/dag_pipeline_cacao.py
[2026-08-27T17:00:27.145+0000] {processor.py:925} INFO - DAG(s) 'pipeline_cacao_ci' retrieved from /opt/airflow/projet/dags/dag_pipeline_cacao.py
[2026-08-27T17:00:27.173+0000] {logging_mixin.py:190} INFO - [2026-08-27T17:00:27.172+0000] {dag.py:3239} INFO - Sync 1 DAGs
[2026-08-27T17:00:27.183+0000] {logging_mixin.py:190} INFO - [2026-08-27T17:00:27.183+0000] {dag.py:4180} INFO - Setting next_dagrun for pipeline_cacao_ci to 2026-08-25 22:00:00+00:00, run_after=2026-08-26 22:00:00+00:00
[2026-08-27T17:00:27.190+0000] {processor.py:208} INFO - Processing /opt/airflow/projet/dags/dag_pipeline_cacao.py took 0.069 seconds
[2026-08-27T17:00:57.569+0000] {processor.py:186} INFO - Started process (PID=2072) to work on /opt/airflow/projet/dags/dag_pipeline_cacao.py
[2026-08-27T17:00:57.570+0000] {processor.py:914} INFO - Processing file /opt/airflow/projet/dags/dag_pipeline_cacao.py for tasks to queue
[2026-08-27T17:00:57.572+0000] {logging_mixin.py:190} INFO - [2026-08-27T17:00:57.572+0000] {dagbag.py:588} INFO - Filling up the DagBag from /opt/airflow/projet/dags/dag_pipeline_cacao.py
[2026-08-27T17:00:57.592+0000] {processor.py:925} INFO - DAG(s) 'pipeline_cacao_ci' retrieved from /opt/airflow/projet/dags/dag_pipeline_cacao.py
[2026-08-27T17:00:57.619+0000] {logging_mixin.py:190} INFO - [2026-08-27T17:00:57.618+0000] {dag.py:3239} INFO - Sync 1 DAGs
[2026-08-27T17:00:57.632+0000] {logging_mixin.py:190} INFO - [2026-08-27T17:00:57.632+0000] {dag.py:4180} INFO - Setting next_dagrun for pipeline_cacao_ci to 2026-08-25 22:00:00+00:00, run_after=2026-08-26 22:00:00+00:00
[2026-08-27T17:00:57.640+0000] {processor.py:208} INFO - Processing /opt/airflow/projet/dags/dag_pipeline_cacao.py took 0.076 seconds
[2026-08-27T17:01:27.996+0000] {processor.py:186} INFO - Started process (PID=2083) to work on /opt/airflow/projet/dags/dag_pipeline_cacao.py
[2026-08-27T17:01:27.997+0000] {processor.py:914} INFO - Processing file /opt/airflow/projet/dags/dag_pipeline_cacao.py for tasks to queue
[2026-08-27T17:01:27.999+0000] {logging_mixin.py:190} INFO - [2026-08-27T17:01:27.999+0000] {dagbag.py:588} INFO - Filling up the DagBag from /opt/airflow/projet/dags/dag_pipeline_cacao.py
[2026-08-27T17:01:28.016+0000] {processor.py:925} INFO - DAG(s) 'pipeline_cacao_ci' retrieved from /opt/airflow/projet/dags/dag_pipeline_cacao.py
[2026-08-27T17:01:28.042+0000] {logging_mixin.py:190} INFO - [2026-08-27T17:01:28.042+0000] {dag.py:3239} INFO - Sync 1 DAGs
[2026-08-27T17:01:28.053+0000] {logging_mixin.py:190} INFO - [2026-08-27T17:01:28.053+0000] {dag.py:4180} INFO - Setting next_dagrun for pipeline_cacao_ci to 2026-08-25 22:00:00+00:00, run_after=2026-08-26 22:00:00+00:00
[2026-08-27T17:01:28.060+0000] {processor.py:208} INFO - Processing /opt/airflow/projet/dags/dag_pipeline_cacao.py took 0.070 seconds
[2026-08-27T17:01:58.455+0000] {processor.py:186} INFO - Started process (PID=2102) to work on /opt/airflow/projet/dags/dag_pipeline_cacao.py
[2026-08-27T17:01:58.455+0000] {processor.py:914} INFO - Processing file /opt/airflow/projet/dags/dag_pipeline_cacao.py for tasks to queue
[2026-08-27T17:01:58.458+0000] {logging_mixin.py:190} INFO - [2026-08-27T17:01:58.457+0000] {dagbag.py:588} INFO - Filling up the DagBag from /opt/airflow/projet/dags/dag_pipeline_cacao.py
[2026-08-27T17:01:58.475+0000] {processor.py:925} INFO - DAG(s) 'pipeline_cacao_ci' retrieved from /opt/airflow/projet/dags/dag_pipeline_cacao.py
[2026-08-27T17:01:58.501+0000] {logging_mixin.py:190} INFO - [2026-08-27T17:01:58.501+0000] {dag.py:3239} INFO - Sync 1 DAGs
[2026-08-27T17:01:58.513+0000] {logging_mixin.py:190} INFO - [2026-08-27T17:01:58.513+0000] {dag.py:4180} INFO - Setting next_dagrun for pipeline_cacao_ci to 2026-08-25 22:00:00+00:00, run_after=2026-08-26 22:00:00+00:00
[2026-08-27T17:01:58.520+0000] {processor.py:208} INFO - Processing /opt/airflow/projet/dags/dag_pipeline_cacao.py took 0.073 seconds
[2026-08-27T17:02:28.887+0000] {processor.py:186} INFO - Started process (PID=2121) to work on /opt/airflow/projet/dags/dag_pipeline_cacao.py
[2026-08-27T17:02:28.888+0000] {processor.py:914} INFO - Processing file /opt/airflow/projet/dags/dag_pipeline_cacao.py for tasks to queue
[2026-08-27T17:02:28.890+0000] {logging_mixin.py:190} INFO - [2026-08-27T17:02:28.890+0000] {dagbag.py:588} INFO - Filling up the DagBag from /opt/airflow/projet/dags/dag_pipeline_cacao.py
[2026-08-27T17:02:28.910+0000] {processor.py:925} INFO - DAG(s) 'pipeline_cacao_ci' retrieved from /opt/airflow/projet/dags/dag_pipeline_cacao.py
[2026-08-27T17:02:28.939+0000] {logging_mixin.py:190} INFO - [2026-08-27T17:02:28.939+0000] {dag.py:3239} INFO - Sync 1 DAGs
[2026-08-27T17:02:28.952+0000] {logging_mixin.py:190} INFO - [2026-08-27T17:02:28.952+0000] {dag.py:4180} INFO - Setting next_dagrun for pipeline_cacao_ci to 2026-08-25 22:00:00+00:00, run_after=2026-08-26 22:00:00+00:00
[2026-08-27T17:02:28.960+0000] {processor.py:208} INFO - Processing /opt/airflow/projet/dags/dag_pipeline_cacao.py took 0.078 seconds
[2026-08-27T17:02:59.365+0000] {processor.py:186} INFO - Started process (PID=2140) to work on /opt/airflow/projet/dags/dag_pipeline_cacao.py
[2026-08-27T17:02:59.366+0000] {processor.py:914} INFO - Processing file /opt/airflow/projet/dags/dag_pipeline_cacao.py for tasks to queue
[2026-08-27T17:02:59.367+0000] {logging_mixin.py:190} INFO - [2026-08-27T17:02:59.367+0000] {dagbag.py:588} INFO - Filling up the DagBag from /opt/airflow/projet/dags/dag_pipeline_cacao.py
[2026-08-27T17:02:59.381+0000] {processor.py:925} INFO - DAG(s) 'pipeline_cacao_ci' retrieved from /opt/airflow/projet/dags/dag_pipeline_cacao.py
[2026-08-27T17:02:59.408+0000] {logging_mixin.py:190} INFO - [2026-08-27T17:02:59.408+0000] {dag.py:3239} INFO - Sync 1 DAGs
[2026-08-27T17:02:59.419+0000] {logging_mixin.py:190} INFO - [2026-08-27T17:02:59.419+0000] {dag.py:4180} INFO - Setting next_dagrun for pipeline_cacao_ci to 2026-08-25 22:00:00+00:00, run_after=2026-08-26 22:00:00+00:00
[2026-08-27T17:02:59.426+0000] {processor.py:208} INFO - Processing /opt/airflow/projet/dags/dag_pipeline_cacao.py took 0.067 seconds
[2026-08-27T17:03:29.891+0000] {processor.py:186} INFO - Started process (PID=2159) to work on /opt/airflow/projet/dags/dag_pipeline_cacao.py
[2026-08-27T17:03:29.892+0000] {processor.py:914} INFO - Processing file /opt/airflow/projet/dags/dag_pipeline_cacao.py for tasks to queue
[2026-08-27T17:03:29.895+0000] {logging_mixin.py:190} INFO - [2026-08-27T17:03:29.894+0000] {dagbag.py:588} INFO - Filling up the DagBag from /opt/airflow/projet/dags/dag_pipeline_cacao.py
[2026-08-27T17:03:29.912+0000] {processor.py:925} INFO - DAG(s) 'pipeline_cacao_ci' retrieved from /opt/airflow/projet/dags/dag_pipeline_cacao.py
[2026-08-27T17:03:29.939+0000] {logging_mixin.py:190} INFO - [2026-08-27T17:03:29.939+0000] {dag.py:3239} INFO - Sync 1 DAGs
[2026-08-27T17:03:29.951+0000] {logging_mixin.py:190} INFO - [2026-08-27T17:03:29.951+0000] {dag.py:4180} INFO - Setting next_dagrun for pipeline_cacao_ci to 2026-08-25 22:00:00+00:00, run_after=2026-08-26 22:00:00+00:00
[2026-08-27T17:03:29.958+0000] {processor.py:208} INFO - Processing /opt/airflow/projet/dags/dag_pipeline_cacao.py took 0.074 seconds
[2026-08-27T17:04:00.292+0000] {processor.py:186} INFO - Started process (PID=2178) to work on /opt/airflow/projet/dags/dag_pipeline_cacao.py
[2026-08-27T17:04:00.293+0000] {processor.py:914} INFO - Processing file /opt/airflow/projet/dags/dag_pipeline_cacao.py for tasks to queue
[2026-08-27T17:04:00.295+0000] {logging_mixin.py:190} INFO - [2026-08-27T17:04:00.294+0000] {dagbag.py:588} INFO - Filling up the DagBag from /opt/airflow/projet/dags/dag_pipeline_cacao.py
[2026-08-27T17:04:00.312+0000] {processor.py:925} INFO - DAG(s) 'pipeline_cacao_ci' retrieved from /opt/airflow/projet/dags/dag_pipeline_cacao.py
[2026-08-27T17:04:00.338+0000] {logging_mixin.py:190} INFO - [2026-08-27T17:04:00.338+0000] {dag.py:3239} INFO - Sync 1 DAGs
[2026-08-27T17:04:00.349+0000] {logging_mixin.py:190} INFO - [2026-08-27T17:04:00.349+0000] {dag.py:4180} INFO - Setting next_dagrun for pipeline_cacao_ci to 2026-08-25 22:00:00+00:00, run_after=2026-08-26 22:00:00+00:00
[2026-08-27T17:04:00.356+0000] {processor.py:208} INFO - Processing /opt/airflow/projet/dags/dag_pipeline_cacao.py took 0.072 seconds
[2026-08-27T17:04:30.703+0000] {processor.py:186} INFO - Started process (PID=2197) to work on /opt/airflow/projet/dags/dag_pipeline_cacao.py
[2026-08-27T17:04:30.703+0000] {processor.py:914} INFO - Processing file /opt/airflow/projet/dags/dag_pipeline_cacao.py for tasks to queue
[2026-08-27T17:04:30.705+0000] {logging_mixin.py:190} INFO - [2026-08-27T17:04:30.705+0000] {dagbag.py:588} INFO - Filling up the DagBag from /opt/airflow/projet/dags/dag_pipeline_cacao.py
[2026-08-27T17:04:30.721+0000] {processor.py:925} INFO - DAG(s) 'pipeline_cacao_ci' retrieved from /opt/airflow/projet/dags/dag_pipeline_cacao.py
[2026-08-27T17:04:30.749+0000] {logging_mixin.py:190} INFO - [2026-08-27T17:04:30.749+0000] {dag.py:3239} INFO - Sync 1 DAGs
[2026-08-27T17:04:30.760+0000] {logging_mixin.py:190} INFO - [2026-08-27T17:04:30.760+0000] {dag.py:4180} INFO - Setting next_dagrun for pipeline_cacao_ci to 2026-08-25 22:00:00+00:00, run_after=2026-08-26 22:00:00+00:00
[2026-08-27T17:04:30.767+0000] {processor.py:208} INFO - Processing /opt/airflow/projet/dags/dag_pipeline_cacao.py took 0.071 seconds
[2026-08-27T17:05:01.121+0000] {processor.py:186} INFO - Started process (PID=2216) to work on /opt/airflow/projet/dags/dag_pipeline_cacao.py
[2026-08-27T17:05:01.121+0000] {processor.py:914} INFO - Processing file /opt/airflow/projet/dags/dag_pipeline_cacao.py for tasks to queue
[2026-08-27T17:05:01.123+0000] {logging_mixin.py:190} INFO - [2026-08-27T17:05:01.123+0000] {dagbag.py:588} INFO - Filling up the DagBag from /opt/airflow/projet/dags/dag_pipeline_cacao.py
[2026-08-27T17:05:01.138+0000] {processor.py:925} INFO - DAG(s) 'pipeline_cacao_ci' retrieved from /opt/airflow/projet/dags/dag_pipeline_cacao.py
[2026-08-27T17:05:01.164+0000] {logging_mixin.py:190} INFO - [2026-08-27T17:05:01.164+0000] {dag.py:3239} INFO - Sync 1 DAGs
[2026-08-27T17:05:01.175+0000] {logging_mixin.py:190} INFO - [2026-08-27T17:05:01.175+0000] {dag.py:4180} INFO - Setting next_dagrun for pipeline_cacao_ci to 2026-08-25 22:00:00+00:00, run_after=2026-08-26 22:00:00+00:00
[2026-08-27T17:05:01.181+0000] {processor.py:208} INFO - Processing /opt/airflow/projet/dags/dag_pipeline_cacao.py took 0.067 seconds
[2026-08-27T17:05:31.477+0000] {processor.py:186} INFO - Started process (PID=2235) to work on /opt/airflow/projet/dags/dag_pipeline_cacao.py
[2026-08-27T17:05:31.479+0000] {processor.py:914} INFO - Processing file /opt/airflow/projet/dags/dag_pipeline_cacao.py for tasks to queue
[2026-08-27T17:05:31.482+0000] {logging_mixin.py:190} INFO - [2026-08-27T17:05:31.482+0000] {dagbag.py:588} INFO - Filling up the DagBag from /opt/airflow/projet/dags/dag_pipeline_cacao.py
[2026-08-27T17:05:31.507+0000] {processor.py:925} INFO - DAG(s) 'pipeline_cacao_ci' retrieved from /opt/airflow/projet/dags/dag_pipeline_cacao.py
[2026-08-27T17:05:31.536+0000] {logging_mixin.py:190} INFO - [2026-08-27T17:05:31.535+0000] {dag.py:3239} INFO - Sync 1 DAGs
[2026-08-27T17:05:31.549+0000] {logging_mixin.py:190} INFO - [2026-08-27T17:05:31.549+0000] {dag.py:4180} INFO - Setting next_dagrun for pipeline_cacao_ci to 2026-08-25 22:00:00+00:00, run_after=2026-08-26 22:00:00+00:00
[2026-08-27T17:05:31.557+0000] {processor.py:208} INFO - Processing /opt/airflow/projet/dags/dag_pipeline_cacao.py took 0.090 seconds
[2026-08-27T17:06:01.908+0000] {processor.py:186} INFO - Started process (PID=2254) to work on /opt/airflow/projet/dags/dag_pipeline_cacao.py
[2026-08-27T17:06:01.909+0000] {processor.py:914} INFO - Processing file /opt/airflow/projet/dags/dag_pipeline_cacao.py for tasks to queue
[2026-08-27T17:06:01.912+0000] {logging_mixin.py:190} INFO - [2026-08-27T17:06:01.911+0000] {dagbag.py:588} INFO - Filling up the DagBag from /opt/airflow/projet/dags/dag_pipeline_cacao.py
[2026-08-27T17:06:01.928+0000] {processor.py:925} INFO - DAG(s) 'pipeline_cacao_ci' retrieved from /opt/airflow/projet/dags/dag_pipeline_cacao.py
[2026-08-27T17:06:01.959+0000] {logging_mixin.py:190} INFO - [2026-08-27T17:06:01.959+0000] {dag.py:3239} INFO - Sync 1 DAGs
[2026-08-27T17:06:01.972+0000] {logging_mixin.py:190} INFO - [2026-08-27T17:06:01.972+0000] {dag.py:4180} INFO - Setting next_dagrun for pipeline_cacao_ci to 2026-08-25 22:00:00+00:00, run_after=2026-08-26 22:00:00+00:00
[2026-08-27T17:06:01.985+0000] {processor.py:208} INFO - Processing /opt/airflow/projet/dags/dag_pipeline_cacao.py took 0.083 seconds
[2026-08-27T17:06:32.356+0000] {processor.py:186} INFO - Started process (PID=2273) to work on /opt/airflow/projet/dags/dag_pipeline_cacao.py
[2026-08-27T17:06:32.356+0000] {processor.py:914} INFO - Processing file /opt/airflow/projet/dags/dag_pipeline_cacao.py for tasks to queue
[2026-08-27T17:06:32.358+0000] {logging_mixin.py:190} INFO - [2026-08-27T17:06:32.358+0000] {dagbag.py:588} INFO - Filling up the DagBag from /opt/airflow/projet/dags/dag_pipeline_cacao.py
[2026-08-27T17:06:32.376+0000] {processor.py:925} INFO - DAG(s) 'pipeline_cacao_ci' retrieved from /opt/airflow/projet/dags/dag_pipeline_cacao.py
[2026-08-27T17:06:32.402+0000] {logging_mixin.py:190} INFO - [2026-08-27T17:06:32.401+0000] {dag.py:3239} INFO - Sync 1 DAGs
[2026-08-27T17:06:32.414+0000] {logging_mixin.py:190} INFO - [2026-08-27T17:06:32.414+0000] {dag.py:4180} INFO - Setting next_dagrun for pipeline_cacao_ci to 2026-08-25 22:00:00+00:00, run_after=2026-08-26 22:00:00+00:00
[2026-08-27T17:06:32.422+0000] {processor.py:208} INFO - Processing /opt/airflow/projet/dags/dag_pipeline_cacao.py took 0.071 seconds
[2026-08-27T17:07:02.775+0000] {processor.py:186} INFO - Started process (PID=2292) to work on /opt/airflow/projet/dags/dag_pipeline_cacao.py
[2026-08-27T17:07:02.776+0000] {processor.py:914} INFO - Processing file /opt/airflow/projet/dags/dag_pipeline_cacao.py for tasks to queue
[2026-08-27T17:07:02.777+0000] {logging_mixin.py:190} INFO - [2026-08-27T17:07:02.777+0000] {dagbag.py:588} INFO - Filling up the DagBag from /opt/airflow/projet/dags/dag_pipeline_cacao.py
[2026-08-27T17:07:02.795+0000] {processor.py:925} INFO - DAG(s) 'pipeline_cacao_ci' retrieved from /opt/airflow/projet/dags/dag_pipeline_cacao.py
[2026-08-27T17:07:02.822+0000] {logging_mixin.py:190} INFO - [2026-08-27T17:07:02.822+0000] {dag.py:3239} INFO - Sync 1 DAGs
[2026-08-27T17:07:02.835+0000] {logging_mixin.py:190} INFO - [2026-08-27T17:07:02.834+0000] {dag.py:4180} INFO - Setting next_dagrun for pipeline_cacao_ci to 2026-08-25 22:00:00+00:00, run_after=2026-08-26 22:00:00+00:00
[2026-08-27T17:07:02.842+0000] {processor.py:208} INFO - Processing /opt/airflow/projet/dags/dag_pipeline_cacao.py took 0.074 seconds
[2026-08-27T17:07:33.188+0000] {processor.py:186} INFO - Started process (PID=2311) to work on /opt/airflow/projet/dags/dag_pipeline_cacao.py
[2026-08-27T17:07:33.190+0000] {processor.py:914} INFO - Processing file /opt/airflow/projet/dags/dag_pipeline_cacao.py for tasks to queue
[2026-08-27T17:07:33.193+0000] {logging_mixin.py:190} INFO - [2026-08-27T17:07:33.192+0000] {dagbag.py:588} INFO - Filling up the DagBag from /opt/airflow/projet/dags/dag_pipeline_cacao.py
[2026-08-27T17:07:33.215+0000] {processor.py:925} INFO - DAG(s) 'pipeline_cacao_ci' retrieved from /opt/airflow/projet/dags/dag_pipeline_cacao.py
[2026-08-27T17:07:33.244+0000] {logging_mixin.py:190} INFO - [2026-08-27T17:07:33.244+0000] {dag.py:3239} INFO - Sync 1 DAGs
[2026-08-27T17:07:33.258+0000] {logging_mixin.py:190} INFO - [2026-08-27T17:07:33.258+0000] {dag.py:4180} INFO - Setting next_dagrun for pipeline_cacao_ci to 2026-08-25 22:00:00+00:00, run_after=2026-08-26 22:00:00+00:00
[2026-08-27T17:07:33.265+0000] {processor.py:208} INFO - Processing /opt/airflow/projet/dags/dag_pipeline_cacao.py took 0.085 seconds
[2026-08-27T17:08:03.579+0000] {processor.py:186} INFO - Started process (PID=2330) to work on /opt/airflow/projet/dags/dag_pipeline_cacao.py
[2026-08-27T17:08:03.580+0000] {processor.py:914} INFO - Processing file /opt/airflow/projet/dags/dag_pipeline_cacao.py for tasks to queue
[2026-08-27T17:08:03.581+0000] {logging_mixin.py:190} INFO - [2026-08-27T17:08:03.581+0000] {dagbag.py:588} INFO - Filling up the DagBag from /opt/airflow/projet/dags/dag_pipeline_cacao.py
[2026-08-27T17:08:03.596+0000] {processor.py:925} INFO - DAG(s) 'pipeline_cacao_ci' retrieved from /opt/airflow/projet/dags/dag_pipeline_cacao.py
[2026-08-27T17:08:03.621+0000] {logging_mixin.py:190} INFO - [2026-08-27T17:08:03.621+0000] {dag.py:3239} INFO - Sync 1 DAGs
[2026-08-27T17:08:03.632+0000] {logging_mixin.py:190} INFO - [2026-08-27T17:08:03.632+0000] {dag.py:4180} INFO - Setting next_dagrun for pipeline_cacao_ci to 2026-08-25 22:00:00+00:00, run_after=2026-08-26 22:00:00+00:00
[2026-08-27T17:08:03.639+0000] {processor.py:208} INFO - Processing /opt/airflow/projet/dags/dag_pipeline_cacao.py took 0.065 seconds
[2026-08-27T17:08:33.986+0000] {processor.py:186} INFO - Started process (PID=2349) to work on /opt/airflow/projet/dags/dag_pipeline_cacao.py
[2026-08-27T17:08:33.987+0000] {processor.py:914} INFO - Processing file /opt/airflow/projet/dags/dag_pipeline_cacao.py for tasks to queue
[2026-08-27T17:08:33.989+0000] {logging_mixin.py:190} INFO - [2026-08-27T17:08:33.989+0000] {dagbag.py:588} INFO - Filling up the DagBag from /opt/airflow/projet/dags/dag_pipeline_cacao.py
[2026-08-27T17:08:34.004+0000] {processor.py:925} INFO - DAG(s) 'pipeline_cacao_ci' retrieved from /opt/airflow/projet/dags/dag_pipeline_cacao.py
[2026-08-27T17:08:34.031+0000] {logging_mixin.py:190} INFO - [2026-08-27T17:08:34.031+0000] {dag.py:3239} INFO - Sync 1 DAGs
[2026-08-27T17:08:34.042+0000] {logging_mixin.py:190} INFO - [2026-08-27T17:08:34.042+0000] {dag.py:4180} INFO - Setting next_dagrun for pipeline_cacao_ci to 2026-08-25 22:00:00+00:00, run_after=2026-08-26 22:00:00+00:00
[2026-08-27T17:08:34.049+0000] {processor.py:208} INFO - Processing /opt/airflow/projet/dags/dag_pipeline_cacao.py took 0.068 seconds
[2026-08-27T17:09:04.380+0000] {processor.py:186} INFO - Started process (PID=2367) to work on /opt/airflow/projet/dags/dag_pipeline_cacao.py
[2026-08-27T17:09:04.381+0000] {processor.py:914} INFO - Processing file /opt/airflow/projet/dags/dag_pipeline_cacao.py for tasks to queue
[2026-08-27T17:09:04.382+0000] {logging_mixin.py:190} INFO - [2026-08-27T17:09:04.382+0000] {dagbag.py:588} INFO - Filling up the DagBag from /opt/airflow/projet/dags/dag_pipeline_cacao.py
[2026-08-27T17:09:04.393+0000] {processor.py:925} INFO - DAG(s) 'pipeline_cacao_ci' retrieved from /opt/airflow/projet/dags/dag_pipeline_cacao.py
[2026-08-27T17:09:04.417+0000] {logging_mixin.py:190} INFO - [2026-08-27T17:09:04.417+0000] {dag.py:3239} INFO - Sync 1 DAGs
[2026-08-27T17:09:04.428+0000] {logging_mixin.py:190} INFO - [2026-08-27T17:09:04.428+0000] {dag.py:4180} INFO - Setting next_dagrun for pipeline_cacao_ci to 2026-08-25 22:00:00+00:00, run_after=2026-08-26 22:00:00+00:00
[2026-08-27T17:09:04.435+0000] {processor.py:208} INFO - Processing /opt/airflow/projet/dags/dag_pipeline_cacao.py took 0.058 seconds
[2026-08-27T17:09:34.833+0000] {processor.py:186} INFO - Started process (PID=2384) to work on /opt/airflow/projet/dags/dag_pipeline_cacao.py
[2026-08-27T17:09:34.834+0000] {processor.py:914} INFO - Processing file /opt/airflow/projet/dags/dag_pipeline_cacao.py for tasks to queue
[2026-08-27T17:09:34.835+0000] {logging_mixin.py:190} INFO - [2026-08-27T17:09:34.835+0000] {dagbag.py:588} INFO - Filling up the DagBag from /opt/airflow/projet/dags/dag_pipeline_cacao.py
[2026-08-27T17:09:34.848+0000] {processor.py:925} INFO - DAG(s) 'pipeline_cacao_ci' retrieved from /opt/airflow/projet/dags/dag_pipeline_cacao.py
[2026-08-27T17:09:34.876+0000] {logging_mixin.py:190} INFO - [2026-08-27T17:09:34.876+0000] {dag.py:3239} INFO - Sync 1 DAGs
[2026-08-27T17:09:34.887+0000] {logging_mixin.py:190} INFO - [2026-08-27T17:09:34.887+0000] {dag.py:4180} INFO - Setting next_dagrun for pipeline_cacao_ci to 2026-08-25 22:00:00+00:00, run_after=2026-08-26 22:00:00+00:00
[2026-08-27T17:09:34.894+0000] {processor.py:208} INFO - Processing /opt/airflow/projet/dags/dag_pipeline_cacao.py took 0.067 seconds
[2026-08-27T17:10:05.266+0000] {processor.py:186} INFO - Started process (PID=2397) to work on /opt/airflow/projet/dags/dag_pipeline_cacao.py
[2026-08-27T17:10:05.267+0000] {processor.py:914} INFO - Processing file /opt/airflow/projet/dags/dag_pipeline_cacao.py for tasks to queue
[2026-08-27T17:10:05.269+0000] {logging_mixin.py:190} INFO - [2026-08-27T17:10:05.268+0000] {dagbag.py:588} INFO - Filling up the DagBag from /opt/airflow/projet/dags/dag_pipeline_cacao.py
[2026-08-27T17:10:05.284+0000] {processor.py:925} INFO - DAG(s) 'pipeline_cacao_ci' retrieved from /opt/airflow/projet/dags/dag_pipeline_cacao.py
[2026-08-27T17:10:05.312+0000] {logging_mixin.py:190} INFO - [2026-08-27T17:10:05.311+0000] {dag.py:3239} INFO - Sync 1 DAGs
[2026-08-27T17:10:05.323+0000] {logging_mixin.py:190} INFO - [2026-08-27T17:10:05.322+0000] {dag.py:4180} INFO - Setting next_dagrun for pipeline_cacao_ci to 2026-08-25 22:00:00+00:00, run_after=2026-08-26 22:00:00+00:00
[2026-08-27T17:10:05.329+0000] {processor.py:208} INFO - Processing /opt/airflow/projet/dags/dag_pipeline_cacao.py took 0.071 seconds
[2026-08-27T17:10:35.656+0000] {processor.py:186} INFO - Started process (PID=2416) to work on /opt/airflow/projet/dags/dag_pipeline_cacao.py
[2026-08-27T17:10:35.657+0000] {processor.py:914} INFO - Processing file /opt/airflow/projet/dags/dag_pipeline_cacao.py for tasks to queue
[2026-08-27T17:10:35.659+0000] {logging_mixin.py:190} INFO - [2026-08-27T17:10:35.659+0000] {dagbag.py:588} INFO - Filling up the DagBag from /opt/airflow/projet/dags/dag_pipeline_cacao.py
[2026-08-27T17:10:35.674+0000] {processor.py:925} INFO - DAG(s) 'pipeline_cacao_ci' retrieved from /opt/airflow/projet/dags/dag_pipeline_cacao.py
[2026-08-27T17:10:35.703+0000] {logging_mixin.py:190} INFO - [2026-08-27T17:10:35.703+0000] {dag.py:3239} INFO - Sync 1 DAGs
[2026-08-27T17:10:35.714+0000] {logging_mixin.py:190} INFO - [2026-08-27T17:10:35.714+0000] {dag.py:4180} INFO - Setting next_dagrun for pipeline_cacao_ci to 2026-08-25 22:00:00+00:00, run_after=2026-08-26 22:00:00+00:00
[2026-08-27T17:10:35.721+0000] {processor.py:208} INFO - Processing /opt/airflow/projet/dags/dag_pipeline_cacao.py took 0.075 seconds
[2026-08-27T17:11:06.075+0000] {processor.py:186} INFO - Started process (PID=2435) to work on /opt/airflow/projet/dags/dag_pipeline_cacao.py
[2026-08-27T17:11:06.076+0000] {processor.py:914} INFO - Processing file /opt/airflow/projet/dags/dag_pipeline_cacao.py for tasks to queue
[2026-08-27T17:11:06.078+0000] {logging_mixin.py:190} INFO - [2026-08-27T17:11:06.078+0000] {dagbag.py:588} INFO - Filling up the DagBag from /opt/airflow/projet/dags/dag_pipeline_cacao.py
[2026-08-27T17:11:06.098+0000] {processor.py:925} INFO - DAG(s) 'pipeline_cacao_ci' retrieved from /opt/airflow/projet/dags/dag_pipeline_cacao.py
[2026-08-27T17:11:06.127+0000] {logging_mixin.py:190} INFO - [2026-08-27T17:11:06.127+0000] {dag.py:3239} INFO - Sync 1 DAGs
[2026-08-27T17:11:06.141+0000] {logging_mixin.py:190} INFO - [2026-08-27T17:11:06.141+0000] {dag.py:4180} INFO - Setting next_dagrun for pipeline_cacao_ci to 2026-08-25 22:00:00+00:00, run_after=2026-08-26 22:00:00+00:00
[2026-08-27T17:11:06.148+0000] {processor.py:208} INFO - Processing /opt/airflow/projet/dags/dag_pipeline_cacao.py took 0.080 seconds
[2026-08-27T17:11:36.479+0000] {processor.py:186} INFO - Started process (PID=2454) to work on /opt/airflow/projet/dags/dag_pipeline_cacao.py
[2026-08-27T17:11:36.480+0000] {processor.py:914} INFO - Processing file /opt/airflow/projet/dags/dag_pipeline_cacao.py for tasks to queue
[2026-08-27T17:11:36.482+0000] {logging_mixin.py:190} INFO - [2026-08-27T17:11:36.482+0000] {dagbag.py:588} INFO - Filling up the DagBag from /opt/airflow/projet/dags/dag_pipeline_cacao.py
[2026-08-27T17:11:36.499+0000] {processor.py:925} INFO - DAG(s) 'pipeline_cacao_ci' retrieved from /opt/airflow/projet/dags/dag_pipeline_cacao.py
[2026-08-27T17:11:36.523+0000] {logging_mixin.py:190} INFO - [2026-08-27T17:11:36.523+0000] {dag.py:3239} INFO - Sync 1 DAGs
[2026-08-27T17:11:36.534+0000] {logging_mixin.py:190} INFO - [2026-08-27T17:11:36.534+0000] {dag.py:4180} INFO - Setting next_dagrun for pipeline_cacao_ci to 2026-08-25 22:00:00+00:00, run_after=2026-08-26 22:00:00+00:00
[2026-08-27T17:11:36.541+0000] {processor.py:208} INFO - Processing /opt/airflow/projet/dags/dag_pipeline_cacao.py took 0.067 seconds
[2026-08-27T17:12:06.944+0000] {processor.py:186} INFO - Started process (PID=2473) to work on /opt/airflow/projet/dags/dag_pipeline_cacao.py
[2026-08-27T17:12:06.945+0000] {processor.py:914} INFO - Processing file /opt/airflow/projet/dags/dag_pipeline_cacao.py for tasks to queue
[2026-08-27T17:12:06.947+0000] {logging_mixin.py:190} INFO - [2026-08-27T17:12:06.947+0000] {dagbag.py:588} INFO - Filling up the DagBag from /opt/airflow/projet/dags/dag_pipeline_cacao.py
[2026-08-27T17:12:06.965+0000] {processor.py:925} INFO - DAG(s) 'pipeline_cacao_ci' retrieved from /opt/airflow/projet/dags/dag_pipeline_cacao.py
[2026-08-27T17:12:06.992+0000] {logging_mixin.py:190} INFO - [2026-08-27T17:12:06.992+0000] {dag.py:3239} INFO - Sync 1 DAGs
[2026-08-27T17:12:07.003+0000] {logging_mixin.py:190} INFO - [2026-08-27T17:12:07.003+0000] {dag.py:4180} INFO - Setting next_dagrun for pipeline_cacao_ci to 2026-08-25 22:00:00+00:00, run_after=2026-08-26 22:00:00+00:00
[2026-08-27T17:12:07.009+0000] {processor.py:208} INFO - Processing /opt/airflow/projet/dags/dag_pipeline_cacao.py took 0.074 seconds
[2026-08-27T17:12:37.811+0000] {processor.py:186} INFO - Started process (PID=2492) to work on /opt/airflow/projet/dags/dag_pipeline_cacao.py
[2026-08-27T17:12:37.812+0000] {processor.py:914} INFO - Processing file /opt/airflow/projet/dags/dag_pipeline_cacao.py for tasks to queue
[2026-08-27T17:12:37.814+0000] {logging_mixin.py:190} INFO - [2026-08-27T17:12:37.814+0000] {dagbag.py:588} INFO - Filling up the DagBag from /opt/airflow/projet/dags/dag_pipeline_cacao.py
[2026-08-27T17:12:37.832+0000] {processor.py:925} INFO - DAG(s) 'pipeline_cacao_ci' retrieved from /opt/airflow/projet/dags/dag_pipeline_cacao.py
[2026-08-27T17:12:37.857+0000] {logging_mixin.py:190} INFO - [2026-08-27T17:12:37.857+0000] {dag.py:3239} INFO - Sync 1 DAGs
[2026-08-27T17:12:37.868+0000] {logging_mixin.py:190} INFO - [2026-08-27T17:12:37.868+0000] {dag.py:4180} INFO - Setting next_dagrun for pipeline_cacao_ci to 2026-08-25 22:00:00+00:00, run_after=2026-08-26 22:00:00+00:00
[2026-08-27T17:12:37.875+0000] {processor.py:208} INFO - Processing /opt/airflow/projet/dags/dag_pipeline_cacao.py took 0.073 seconds
[2026-08-27T17:13:08.146+0000] {processor.py:186} INFO - Started process (PID=2511) to work on /opt/airflow/projet/dags/dag_pipeline_cacao.py
[2026-08-27T17:13:08.147+0000] {processor.py:914} INFO - Processing file /opt/airflow/projet/dags/dag_pipeline_cacao.py for tasks to queue
[2026-08-27T17:13:08.148+0000] {logging_mixin.py:190} INFO - [2026-08-27T17:13:08.148+0000] {dagbag.py:588} INFO - Filling up the DagBag from /opt/airflow/projet/dags/dag_pipeline_cacao.py
[2026-08-27T17:13:08.163+0000] {processor.py:925} INFO - DAG(s) 'pipeline_cacao_ci' retrieved from /opt/airflow/projet/dags/dag_pipeline_cacao.py
[2026-08-27T17:13:08.186+0000] {logging_mixin.py:190} INFO - [2026-08-27T17:13:08.186+0000] {dag.py:3239} INFO - Sync 1 DAGs
[2026-08-27T17:13:08.196+0000] {logging_mixin.py:190} INFO - [2026-08-27T17:13:08.196+0000] {dag.py:4180} INFO - Setting next_dagrun for pipeline_cacao_ci to 2026-08-25 22:00:00+00:00, run_after=2026-08-26 22:00:00+00:00
[2026-08-27T17:13:08.203+0000] {processor.py:208} INFO - Processing /opt/airflow/projet/dags/dag_pipeline_cacao.py took 0.062 seconds
[2026-08-27T17:13:38.523+0000] {processor.py:186} INFO - Started process (PID=2530) to work on /opt/airflow/projet/dags/dag_pipeline_cacao.py
[2026-08-27T17:13:38.524+0000] {processor.py:914} INFO - Processing file /opt/airflow/projet/dags/dag_pipeline_cacao.py for tasks to queue
[2026-08-27T17:13:38.526+0000] {logging_mixin.py:190} INFO - [2026-08-27T17:13:38.526+0000] {dagbag.py:588} INFO - Filling up the DagBag from /opt/airflow/projet/dags/dag_pipeline_cacao.py
[2026-08-27T17:13:38.545+0000] {processor.py:925} INFO - DAG(s) 'pipeline_cacao_ci' retrieved from /opt/airflow/projet/dags/dag_pipeline_cacao.py
[2026-08-27T17:13:38.573+0000] {logging_mixin.py:190} INFO - [2026-08-27T17:13:38.573+0000] {dag.py:3239} INFO - Sync 1 DAGs
[2026-08-27T17:13:38.586+0000] {logging_mixin.py:190} INFO - [2026-08-27T17:13:38.585+0000] {dag.py:4180} INFO - Setting next_dagrun for pipeline_cacao_ci to 2026-08-25 22:00:00+00:00, run_after=2026-08-26 22:00:00+00:00
[2026-08-27T17:13:38.593+0000] {processor.py:208} INFO - Processing /opt/airflow/projet/dags/dag_pipeline_cacao.py took 0.077 seconds
[2026-08-27T17:14:08.951+0000] {processor.py:186} INFO - Started process (PID=2549) to work on /opt/airflow/projet/dags/dag_pipeline_cacao.py
[2026-08-27T17:14:08.952+0000] {processor.py:914} INFO - Processing file /opt/airflow/projet/dags/dag_pipeline_cacao.py for tasks to queue
[2026-08-27T17:14:08.954+0000] {logging_mixin.py:190} INFO - [2026-08-27T17:14:08.953+0000] {dagbag.py:588} INFO - Filling up the DagBag from /opt/airflow/projet/dags/dag_pipeline_cacao.py
[2026-08-27T17:14:08.970+0000] {processor.py:925} INFO - DAG(s) 'pipeline_cacao_ci' retrieved from /opt/airflow/projet/dags/dag_pipeline_cacao.py
[2026-08-27T17:14:08.999+0000] {logging_mixin.py:190} INFO - [2026-08-27T17:14:08.999+0000] {dag.py:3239} INFO - Sync 1 DAGs
[2026-08-27T17:14:09.010+0000] {logging_mixin.py:190} INFO - [2026-08-27T17:14:09.010+0000] {dag.py:4180} INFO - Setting next_dagrun for pipeline_cacao_ci to 2026-08-25 22:00:00+00:00, run_after=2026-08-26 22:00:00+00:00
[2026-08-27T17:14:09.017+0000] {processor.py:208} INFO - Processing /opt/airflow/projet/dags/dag_pipeline_cacao.py took 0.073 seconds
[2026-08-27T17:14:39.384+0000] {processor.py:186} INFO - Started process (PID=2568) to work on /opt/airflow/projet/dags/dag_pipeline_cacao.py
[2026-08-27T17:14:39.385+0000] {processor.py:914} INFO - Processing file /opt/airflow/projet/dags/dag_pipeline_cacao.py for tasks to queue
[2026-08-27T17:14:39.388+0000] {logging_mixin.py:190} INFO - [2026-08-27T17:14:39.388+0000] {dagbag.py:588} INFO - Filling up the DagBag from /opt/airflow/projet/dags/dag_pipeline_cacao.py
[2026-08-27T17:14:39.402+0000] {processor.py:925} INFO - DAG(s) 'pipeline_cacao_ci' retrieved from /opt/airflow/projet/dags/dag_pipeline_cacao.py
[2026-08-27T17:14:39.429+0000] {logging_mixin.py:190} INFO - [2026-08-27T17:14:39.428+0000] {dag.py:3239} INFO - Sync 1 DAGs
[2026-08-27T17:14:39.439+0000] {logging_mixin.py:190} INFO - [2026-08-27T17:14:39.439+0000] {dag.py:4180} INFO - Setting next_dagrun for pipeline_cacao_ci to 2026-08-25 22:00:00+00:00, run_after=2026-08-26 22:00:00+00:00
[2026-08-27T17:14:39.446+0000] {processor.py:208} INFO - Processing /opt/airflow/projet/dags/dag_pipeline_cacao.py took 0.069 seconds
[2026-08-27T17:15:09.880+0000] {processor.py:186} INFO - Started process (PID=2586) to work on /opt/airflow/projet/dags/dag_pipeline_cacao.py
[2026-08-27T17:15:09.880+0000] {processor.py:914} INFO - Processing file /opt/airflow/projet/dags/dag_pipeline_cacao.py for tasks to queue
[2026-08-27T17:15:09.882+0000] {logging_mixin.py:190} INFO - [2026-08-27T17:15:09.881+0000] {dagbag.py:588} INFO - Filling up the DagBag from /opt/airflow/projet/dags/dag_pipeline_cacao.py
[2026-08-27T17:15:09.896+0000] {processor.py:925} INFO - DAG(s) 'pipeline_cacao_ci' retrieved from /opt/airflow/projet/dags/dag_pipeline_cacao.py
[2026-08-27T17:15:09.923+0000] {logging_mixin.py:190} INFO - [2026-08-27T17:15:09.923+0000] {dag.py:3239} INFO - Sync 1 DAGs
[2026-08-27T17:15:09.936+0000] {logging_mixin.py:190} INFO - [2026-08-27T17:15:09.936+0000] {dag.py:4180} INFO - Setting next_dagrun for pipeline_cacao_ci to 2026-08-25 22:00:00+00:00, run_after=2026-08-26 22:00:00+00:00
[2026-08-27T17:15:09.943+0000] {processor.py:208} INFO - Processing /opt/airflow/projet/dags/dag_pipeline_cacao.py took 0.069 seconds
[2026-08-27T17:15:40.348+0000] {processor.py:186} INFO - Started process (PID=2597) to work on /opt/airflow/projet/dags/dag_pipeline_cacao.py
[2026-08-27T17:15:40.349+0000] {processor.py:914} INFO - Processing file /opt/airflow/projet/dags/dag_pipeline_cacao.py for tasks to queue
[2026-08-27T17:15:40.350+0000] {logging_mixin.py:190} INFO - [2026-08-27T17:15:40.350+0000] {dagbag.py:588} INFO - Filling up the DagBag from /opt/airflow/projet/dags/dag_pipeline_cacao.py
[2026-08-27T17:15:40.366+0000] {processor.py:925} INFO - DAG(s) 'pipeline_cacao_ci' retrieved from /opt/airflow/projet/dags/dag_pipeline_cacao.py
[2026-08-27T17:15:40.391+0000] {logging_mixin.py:190} INFO - [2026-08-27T17:15:40.391+0000] {dag.py:3239} INFO - Sync 1 DAGs
[2026-08-27T17:15:40.402+0000] {logging_mixin.py:190} INFO - [2026-08-27T17:15:40.402+0000] {dag.py:4180} INFO - Setting next_dagrun for pipeline_cacao_ci to 2026-08-25 22:00:00+00:00, run_after=2026-08-26 22:00:00+00:00
[2026-08-27T17:15:40.409+0000] {processor.py:208} INFO - Processing /opt/airflow/projet/dags/dag_pipeline_cacao.py took 0.067 seconds
[2026-08-27T17:16:10.818+0000] {processor.py:186} INFO - Started process (PID=2616) to work on /opt/airflow/projet/dags/dag_pipeline_cacao.py
[2026-08-27T17:16:10.819+0000] {processor.py:914} INFO - Processing file /opt/airflow/projet/dags/dag_pipeline_cacao.py for tasks to queue
[2026-08-27T17:16:10.821+0000] {logging_mixin.py:190} INFO - [2026-08-27T17:16:10.821+0000] {dagbag.py:588} INFO - Filling up the DagBag from /opt/airflow/projet/dags/dag_pipeline_cacao.py
[2026-08-27T17:16:10.836+0000] {processor.py:925} INFO - DAG(s) 'pipeline_cacao_ci' retrieved from /opt/airflow/projet/dags/dag_pipeline_cacao.py
[2026-08-27T17:16:10.862+0000] {logging_mixin.py:190} INFO - [2026-08-27T17:16:10.862+0000] {dag.py:3239} INFO - Sync 1 DAGs
[2026-08-27T17:16:10.873+0000] {logging_mixin.py:190} INFO - [2026-08-27T17:16:10.873+0000] {dag.py:4180} INFO - Setting next_dagrun for pipeline_cacao_ci to 2026-08-25 22:00:00+00:00, run_after=2026-08-26 22:00:00+00:00
[2026-08-27T17:16:10.880+0000] {processor.py:208} INFO - Processing /opt/airflow/projet/dags/dag_pipeline_cacao.py took 0.069 seconds
[2026-08-27T17:16:41.380+0000] {processor.py:186} INFO - Started process (PID=2635) to work on /opt/airflow/projet/dags/dag_pipeline_cacao.py
[2026-08-27T17:16:41.382+0000] {processor.py:914} INFO - Processing file /opt/airflow/projet/dags/dag_pipeline_cacao.py for tasks to queue
[2026-08-27T17:16:41.386+0000] {logging_mixin.py:190} INFO - [2026-08-27T17:16:41.386+0000] {dagbag.py:588} INFO - Filling up the DagBag from /opt/airflow/projet/dags/dag_pipeline_cacao.py
[2026-08-27T17:16:41.412+0000] {processor.py:925} INFO - DAG(s) 'pipeline_cacao_ci' retrieved from /opt/airflow/projet/dags/dag_pipeline_cacao.py
[2026-08-27T17:16:41.451+0000] {logging_mixin.py:190} INFO - [2026-08-27T17:16:41.450+0000] {dag.py:3239} INFO - Sync 1 DAGs
[2026-08-27T17:16:41.475+0000] {logging_mixin.py:190} INFO - [2026-08-27T17:16:41.475+0000] {dag.py:4180} INFO - Setting next_dagrun for pipeline_cacao_ci to 2026-08-25 22:00:00+00:00, run_after=2026-08-26 22:00:00+00:00
[2026-08-27T17:16:41.484+0000] {processor.py:208} INFO - Processing /opt/airflow/projet/dags/dag_pipeline_cacao.py took 0.115 seconds
[2026-08-27T17:17:11.787+0000] {processor.py:186} INFO - Started process (PID=2654) to work on /opt/airflow/projet/dags/dag_pipeline_cacao.py
[2026-08-27T17:17:11.787+0000] {processor.py:914} INFO - Processing file /opt/airflow/projet/dags/dag_pipeline_cacao.py for tasks to queue
[2026-08-27T17:17:11.790+0000] {logging_mixin.py:190} INFO - [2026-08-27T17:17:11.789+0000] {dagbag.py:588} INFO - Filling up the DagBag from /opt/airflow/projet/dags/dag_pipeline_cacao.py
[2026-08-27T17:17:11.807+0000] {processor.py:925} INFO - DAG(s) 'pipeline_cacao_ci' retrieved from /opt/airflow/projet/dags/dag_pipeline_cacao.py
[2026-08-27T17:17:11.831+0000] {logging_mixin.py:190} INFO - [2026-08-27T17:17:11.831+0000] {dag.py:3239} INFO - Sync 1 DAGs
[2026-08-27T17:17:11.841+0000] {logging_mixin.py:190} INFO - [2026-08-27T17:17:11.841+0000] {dag.py:4180} INFO - Setting next_dagrun for pipeline_cacao_ci to 2026-08-25 22:00:00+00:00, run_after=2026-08-26 22:00:00+00:00
[2026-08-27T17:17:11.848+0000] {processor.py:208} INFO - Processing /opt/airflow/projet/dags/dag_pipeline_cacao.py took 0.069 seconds
[2026-08-27T17:17:42.221+0000] {processor.py:186} INFO - Started process (PID=2673) to work on /opt/airflow/projet/dags/dag_pipeline_cacao.py
[2026-08-27T17:17:42.222+0000] {processor.py:914} INFO - Processing file /opt/airflow/projet/dags/dag_pipeline_cacao.py for tasks to queue
[2026-08-27T17:17:42.225+0000] {logging_mixin.py:190} INFO - [2026-08-27T17:17:42.225+0000] {dagbag.py:588} INFO - Filling up the DagBag from /opt/airflow/projet/dags/dag_pipeline_cacao.py
[2026-08-27T17:17:42.240+0000] {processor.py:925} INFO - DAG(s) 'pipeline_cacao_ci' retrieved from /opt/airflow/projet/dags/dag_pipeline_cacao.py
[2026-08-27T17:17:42.268+0000] {logging_mixin.py:190} INFO - [2026-08-27T17:17:42.268+0000] {dag.py:3239} INFO - Sync 1 DAGs
[2026-08-27T17:17:42.279+0000] {logging_mixin.py:190} INFO - [2026-08-27T17:17:42.279+0000] {dag.py:4180} INFO - Setting next_dagrun for pipeline_cacao_ci to 2026-08-25 22:00:00+00:00, run_after=2026-08-26 22:00:00+00:00
[2026-08-27T17:17:42.286+0000] {processor.py:208} INFO - Processing /opt/airflow/projet/dags/dag_pipeline_cacao.py took 0.071 seconds
[2026-08-27T17:18:12.644+0000] {processor.py:186} INFO - Started process (PID=2692) to work on /opt/airflow/projet/dags/dag_pipeline_cacao.py
[2026-08-27T17:18:12.645+0000] {processor.py:914} INFO - Processing file /opt/airflow/projet/dags/dag_pipeline_cacao.py for tasks to queue
[2026-08-27T17:18:12.648+0000] {logging_mixin.py:190} INFO - [2026-08-27T17:18:12.648+0000] {dagbag.py:588} INFO - Filling up the DagBag from /opt/airflow/projet/dags/dag_pipeline_cacao.py
[2026-08-27T17:18:12.669+0000] {processor.py:925} INFO - DAG(s) 'pipeline_cacao_ci' retrieved from /opt/airflow/projet/dags/dag_pipeline_cacao.py
[2026-08-27T17:18:12.698+0000] {logging_mixin.py:190} INFO - [2026-08-27T17:18:12.698+0000] {dag.py:3239} INFO - Sync 1 DAGs
[2026-08-27T17:18:12.711+0000] {logging_mixin.py:190} INFO - [2026-08-27T17:18:12.711+0000] {dag.py:4180} INFO - Setting next_dagrun for pipeline_cacao_ci to 2026-08-25 22:00:00+00:00, run_after=2026-08-26 22:00:00+00:00
[2026-08-27T17:18:12.718+0000] {processor.py:208} INFO - Processing /opt/airflow/projet/dags/dag_pipeline_cacao.py took 0.083 seconds
[2026-08-27T17:18:43.016+0000] {processor.py:186} INFO - Started process (PID=2711) to work on /opt/airflow/projet/dags/dag_pipeline_cacao.py
[2026-08-27T17:18:43.017+0000] {processor.py:914} INFO - Processing file /opt/airflow/projet/dags/dag_pipeline_cacao.py for tasks to queue
[2026-08-27T17:18:43.019+0000] {logging_mixin.py:190} INFO - [2026-08-27T17:18:43.018+0000] {dagbag.py:588} INFO - Filling up the DagBag from /opt/airflow/projet/dags/dag_pipeline_cacao.py
[2026-08-27T17:18:43.035+0000] {processor.py:925} INFO - DAG(s) 'pipeline_cacao_ci' retrieved from /opt/airflow/projet/dags/dag_pipeline_cacao.py
[2026-08-27T17:18:43.059+0000] {logging_mixin.py:190} INFO - [2026-08-27T17:18:43.059+0000] {dag.py:3239} INFO - Sync 1 DAGs
[2026-08-27T17:18:43.069+0000] {logging_mixin.py:190} INFO - [2026-08-27T17:18:43.069+0000] {dag.py:4180} INFO - Setting next_dagrun for pipeline_cacao_ci to 2026-08-25 22:00:00+00:00, run_after=2026-08-26 22:00:00+00:00
[2026-08-27T17:18:43.076+0000] {processor.py:208} INFO - Processing /opt/airflow/projet/dags/dag_pipeline_cacao.py took 0.068 seconds
[2026-08-27T17:19:13.422+0000] {processor.py:186} INFO - Started process (PID=2730) to work on /opt/airflow/projet/dags/dag_pipeline_cacao.py
[2026-08-27T17:19:13.423+0000] {processor.py:914} INFO - Processing file /opt/airflow/projet/dags/dag_pipeline_cacao.py for tasks to queue
[2026-08-27T17:19:13.425+0000] {logging_mixin.py:190} INFO - [2026-08-27T17:19:13.425+0000] {dagbag.py:588} INFO - Filling up the DagBag from /opt/airflow/projet/dags/dag_pipeline_cacao.py
[2026-08-27T17:19:13.443+0000] {processor.py:925} INFO - DAG(s) 'pipeline_cacao_ci' retrieved from /opt/airflow/projet/dags/dag_pipeline_cacao.py
[2026-08-27T17:19:13.470+0000] {logging_mixin.py:190} INFO - [2026-08-27T17:19:13.470+0000] {dag.py:3239} INFO - Sync 1 DAGs
[2026-08-27T17:19:13.481+0000] {logging_mixin.py:190} INFO - [2026-08-27T17:19:13.481+0000] {dag.py:4180} INFO - Setting next_dagrun for pipeline_cacao_ci to 2026-08-25 22:00:00+00:00, run_after=2026-08-26 22:00:00+00:00
[2026-08-27T17:19:13.488+0000] {processor.py:208} INFO - Processing /opt/airflow/projet/dags/dag_pipeline_cacao.py took 0.073 seconds
[2026-08-27T17:19:43.836+0000] {processor.py:186} INFO - Started process (PID=2749) to work on /opt/airflow/projet/dags/dag_pipeline_cacao.py
[2026-08-27T17:19:43.837+0000] {processor.py:914} INFO - Processing file /opt/airflow/projet/dags/dag_pipeline_cacao.py for tasks to queue
[2026-08-27T17:19:43.840+0000] {logging_mixin.py:190} INFO - [2026-08-27T17:19:43.839+0000] {dagbag.py:588} INFO - Filling up the DagBag from /opt/airflow/projet/dags/dag_pipeline_cacao.py
[2026-08-27T17:19:43.859+0000] {processor.py:925} INFO - DAG(s) 'pipeline_cacao_ci' retrieved from /opt/airflow/projet/dags/dag_pipeline_cacao.py
[2026-08-27T17:19:43.888+0000] {logging_mixin.py:190} INFO - [2026-08-27T17:19:43.888+0000] {dag.py:3239} INFO - Sync 1 DAGs
[2026-08-27T17:19:43.901+0000] {logging_mixin.py:190} INFO - [2026-08-27T17:19:43.900+0000] {dag.py:4180} INFO - Setting next_dagrun for pipeline_cacao_ci to 2026-08-25 22:00:00+00:00, run_after=2026-08-26 22:00:00+00:00
[2026-08-27T17:19:43.909+0000] {processor.py:208} INFO - Processing /opt/airflow/projet/dags/dag_pipeline_cacao.py took 0.081 seconds
[2026-08-27T17:20:14.202+0000] {processor.py:186} INFO - Started process (PID=2768) to work on /opt/airflow/projet/dags/dag_pipeline_cacao.py
[2026-08-27T17:20:14.202+0000] {processor.py:914} INFO - Processing file /opt/airflow/projet/dags/dag_pipeline_cacao.py for tasks to queue
[2026-08-27T17:20:14.204+0000] {logging_mixin.py:190} INFO - [2026-08-27T17:20:14.204+0000] {dagbag.py:588} INFO - Filling up the DagBag from /opt/airflow/projet/dags/dag_pipeline_cacao.py
[2026-08-27T17:20:14.216+0000] {processor.py:925} INFO - DAG(s) 'pipeline_cacao_ci' retrieved from /opt/airflow/projet/dags/dag_pipeline_cacao.py
[2026-08-27T17:20:14.240+0000] {logging_mixin.py:190} INFO - [2026-08-27T17:20:14.240+0000] {dag.py:3239} INFO - Sync 1 DAGs
[2026-08-27T17:20:14.251+0000] {logging_mixin.py:190} INFO - [2026-08-27T17:20:14.251+0000] {dag.py:4180} INFO - Setting next_dagrun for pipeline_cacao_ci to 2026-08-25 22:00:00+00:00, run_after=2026-08-26 22:00:00+00:00
[2026-08-27T17:20:14.258+0000] {processor.py:208} INFO - Processing /opt/airflow/projet/dags/dag_pipeline_cacao.py took 0.060 seconds
[2026-08-27T17:20:44.619+0000] {processor.py:186} INFO - Started process (PID=2787) to work on /opt/airflow/projet/dags/dag_pipeline_cacao.py
[2026-08-27T17:20:44.620+0000] {processor.py:914} INFO - Processing file /opt/airflow/projet/dags/dag_pipeline_cacao.py for tasks to queue
[2026-08-27T17:20:44.621+0000] {logging_mixin.py:190} INFO - [2026-08-27T17:20:44.621+0000] {dagbag.py:588} INFO - Filling up the DagBag from /opt/airflow/projet/dags/dag_pipeline_cacao.py
[2026-08-27T17:20:44.638+0000] {processor.py:925} INFO - DAG(s) 'pipeline_cacao_ci' retrieved from /opt/airflow/projet/dags/dag_pipeline_cacao.py
[2026-08-27T17:20:44.666+0000] {logging_mixin.py:190} INFO - [2026-08-27T17:20:44.666+0000] {dag.py:3239} INFO - Sync 1 DAGs
[2026-08-27T17:20:44.676+0000] {logging_mixin.py:190} INFO - [2026-08-27T17:20:44.676+0000] {dag.py:4180} INFO - Setting next_dagrun for pipeline_cacao_ci to 2026-08-25 22:00:00+00:00, run_after=2026-08-26 22:00:00+00:00
[2026-08-27T17:20:44.683+0000] {processor.py:208} INFO - Processing /opt/airflow/projet/dags/dag_pipeline_cacao.py took 0.070 seconds
[2026-08-27T17:21:15.068+0000] {processor.py:186} INFO - Started process (PID=2806) to work on /opt/airflow/projet/dags/dag_pipeline_cacao.py
[2026-08-27T17:21:15.069+0000] {processor.py:914} INFO - Processing file /opt/airflow/projet/dags/dag_pipeline_cacao.py for tasks to queue
[2026-08-27T17:21:15.070+0000] {logging_mixin.py:190} INFO - [2026-08-27T17:21:15.070+0000] {dagbag.py:588} INFO - Filling up the DagBag from /opt/airflow/projet/dags/dag_pipeline_cacao.py
[2026-08-27T17:21:15.085+0000] {processor.py:925} INFO - DAG(s) 'pipeline_cacao_ci' retrieved from /opt/airflow/projet/dags/dag_pipeline_cacao.py
[2026-08-27T17:21:15.111+0000] {logging_mixin.py:190} INFO - [2026-08-27T17:21:15.111+0000] {dag.py:3239} INFO - Sync 1 DAGs
[2026-08-27T17:21:15.122+0000] {logging_mixin.py:190} INFO - [2026-08-27T17:21:15.121+0000] {dag.py:4180} INFO - Setting next_dagrun for pipeline_cacao_ci to 2026-08-25 22:00:00+00:00, run_after=2026-08-26 22:00:00+00:00
[2026-08-27T17:21:15.128+0000] {processor.py:208} INFO - Processing /opt/airflow/projet/dags/dag_pipeline_cacao.py took 0.066 seconds
[2026-08-27T17:21:45.553+0000] {processor.py:186} INFO - Started process (PID=2825) to work on /opt/airflow/projet/dags/dag_pipeline_cacao.py
[2026-08-27T17:21:45.554+0000] {processor.py:914} INFO - Processing file /opt/airflow/projet/dags/dag_pipeline_cacao.py for tasks to queue
[2026-08-27T17:21:45.558+0000] {logging_mixin.py:190} INFO - [2026-08-27T17:21:45.557+0000] {dagbag.py:588} INFO - Filling up the DagBag from /opt/airflow/projet/dags/dag_pipeline_cacao.py
[2026-08-27T17:21:45.580+0000] {processor.py:925} INFO - DAG(s) 'pipeline_cacao_ci' retrieved from /opt/airflow/projet/dags/dag_pipeline_cacao.py
[2026-08-27T17:21:45.608+0000] {logging_mixin.py:190} INFO - [2026-08-27T17:21:45.608+0000] {dag.py:3239} INFO - Sync 1 DAGs
[2026-08-27T17:21:45.621+0000] {logging_mixin.py:190} INFO - [2026-08-27T17:21:45.621+0000] {dag.py:4180} INFO - Setting next_dagrun for pipeline_cacao_ci to 2026-08-25 22:00:00+00:00, run_after=2026-08-26 22:00:00+00:00
[2026-08-27T17:21:45.629+0000] {processor.py:208} INFO - Processing /opt/airflow/projet/dags/dag_pipeline_cacao.py took 0.085 seconds
[2026-08-27T17:22:15.960+0000] {processor.py:186} INFO - Started process (PID=2844) to work on /opt/airflow/projet/dags/dag_pipeline_cacao.py
[2026-08-27T17:22:15.961+0000] {processor.py:914} INFO - Processing file /opt/airflow/projet/dags/dag_pipeline_cacao.py for tasks to queue
[2026-08-27T17:22:15.962+0000] {logging_mixin.py:190} INFO - [2026-08-27T17:22:15.962+0000] {dagbag.py:588} INFO - Filling up the DagBag from /opt/airflow/projet/dags/dag_pipeline_cacao.py
[2026-08-27T17:22:15.978+0000] {processor.py:925} INFO - DAG(s) 'pipeline_cacao_ci' retrieved from /opt/airflow/projet/dags/dag_pipeline_cacao.py
[2026-08-27T17:22:16.004+0000] {logging_mixin.py:190} INFO - [2026-08-27T17:22:16.004+0000] {dag.py:3239} INFO - Sync 1 DAGs
[2026-08-27T17:22:16.015+0000] {logging_mixin.py:190} INFO - [2026-08-27T17:22:16.015+0000] {dag.py:4180} INFO - Setting next_dagrun for pipeline_cacao_ci to 2026-08-25 22:00:00+00:00, run_after=2026-08-26 22:00:00+00:00
[2026-08-27T17:22:16.021+0000] {processor.py:208} INFO - Processing /opt/airflow/projet/dags/dag_pipeline_cacao.py took 0.066 seconds
[2026-08-27T17:22:46.326+0000] {processor.py:186} INFO - Started process (PID=2863) to work on /opt/airflow/projet/dags/dag_pipeline_cacao.py
[2026-08-27T17:22:46.327+0000] {processor.py:914} INFO - Processing file /opt/airflow/projet/dags/dag_pipeline_cacao.py for tasks to queue
[2026-08-27T17:22:46.328+0000] {logging_mixin.py:190} INFO - [2026-08-27T17:22:46.328+0000] {dagbag.py:588} INFO - Filling up the DagBag from /opt/airflow/projet/dags/dag_pipeline_cacao.py
[2026-08-27T17:22:46.339+0000] {processor.py:925} INFO - DAG(s) 'pipeline_cacao_ci' retrieved from /opt/airflow/projet/dags/dag_pipeline_cacao.py
[2026-08-27T17:22:46.367+0000] {logging_mixin.py:190} INFO - [2026-08-27T17:22:46.367+0000] {dag.py:3239} INFO - Sync 1 DAGs
[2026-08-27T17:22:46.381+0000] {logging_mixin.py:190} INFO - [2026-08-27T17:22:46.381+0000] {dag.py:4180} INFO - Setting next_dagrun for pipeline_cacao_ci to 2026-08-25 22:00:00+00:00, run_after=2026-08-26 22:00:00+00:00
[2026-08-27T17:22:46.388+0000] {processor.py:208} INFO - Processing /opt/airflow/projet/dags/dag_pipeline_cacao.py took 0.066 seconds
[2026-08-27T17:23:16.735+0000] {processor.py:186} INFO - Started process (PID=2881) to work on /opt/airflow/projet/dags/dag_pipeline_cacao.py
[2026-08-27T17:23:16.735+0000] {processor.py:914} INFO - Processing file /opt/airflow/projet/dags/dag_pipeline_cacao.py for tasks to queue
[2026-08-27T17:23:16.736+0000] {logging_mixin.py:190} INFO - [2026-08-27T17:23:16.736+0000] {dagbag.py:588} INFO - Filling up the DagBag from /opt/airflow/projet/dags/dag_pipeline_cacao.py
[2026-08-27T17:23:16.749+0000] {processor.py:925} INFO - DAG(s) 'pipeline_cacao_ci' retrieved from /opt/airflow/projet/dags/dag_pipeline_cacao.py
[2026-08-27T17:23:16.772+0000] {logging_mixin.py:190} INFO - [2026-08-27T17:23:16.772+0000] {dag.py:3239} INFO - Sync 1 DAGs
[2026-08-27T17:23:16.782+0000] {logging_mixin.py:190} INFO - [2026-08-27T17:23:16.782+0000] {dag.py:4180} INFO - Setting next_dagrun for pipeline_cacao_ci to 2026-08-25 22:00:00+00:00, run_after=2026-08-26 22:00:00+00:00
[2026-08-27T17:23:16.789+0000] {processor.py:208} INFO - Processing /opt/airflow/projet/dags/dag_pipeline_cacao.py took 0.057 seconds
[2026-08-27T17:23:47.177+0000] {processor.py:186} INFO - Started process (PID=2892) to work on /opt/airflow/projet/dags/dag_pipeline_cacao.py
[2026-08-27T17:23:47.178+0000] {processor.py:914} INFO - Processing file /opt/airflow/projet/dags/dag_pipeline_cacao.py for tasks to queue
[2026-08-27T17:23:47.183+0000] {logging_mixin.py:190} INFO - [2026-08-27T17:23:47.183+0000] {dagbag.py:588} INFO - Filling up the DagBag from /opt/airflow/projet/dags/dag_pipeline_cacao.py
[2026-08-27T17:23:47.208+0000] {processor.py:925} INFO - DAG(s) 'pipeline_cacao_ci' retrieved from /opt/airflow/projet/dags/dag_pipeline_cacao.py
[2026-08-27T17:23:47.234+0000] {logging_mixin.py:190} INFO - [2026-08-27T17:23:47.234+0000] {dag.py:3239} INFO - Sync 1 DAGs
[2026-08-27T17:23:47.245+0000] {logging_mixin.py:190} INFO - [2026-08-27T17:23:47.245+0000] {dag.py:4180} INFO - Setting next_dagrun for pipeline_cacao_ci to 2026-08-25 22:00:00+00:00, run_after=2026-08-26 22:00:00+00:00
[2026-08-27T17:23:47.253+0000] {processor.py:208} INFO - Processing /opt/airflow/projet/dags/dag_pipeline_cacao.py took 0.088 seconds
[2026-08-27T17:24:17.643+0000] {processor.py:186} INFO - Started process (PID=2911) to work on /opt/airflow/projet/dags/dag_pipeline_cacao.py
[2026-08-27T17:24:17.643+0000] {processor.py:914} INFO - Processing file /opt/airflow/projet/dags/dag_pipeline_cacao.py for tasks to queue
[2026-08-27T17:24:17.645+0000] {logging_mixin.py:190} INFO - [2026-08-27T17:24:17.645+0000] {dagbag.py:588} INFO - Filling up the DagBag from /opt/airflow/projet/dags/dag_pipeline_cacao.py
[2026-08-27T17:24:17.661+0000] {processor.py:925} INFO - DAG(s) 'pipeline_cacao_ci' retrieved from /opt/airflow/projet/dags/dag_pipeline_cacao.py
[2026-08-27T17:24:17.690+0000] {logging_mixin.py:190} INFO - [2026-08-27T17:24:17.690+0000] {dag.py:3239} INFO - Sync 1 DAGs
[2026-08-27T17:24:17.703+0000] {logging_mixin.py:190} INFO - [2026-08-27T17:24:17.703+0000] {dag.py:4180} INFO - Setting next_dagrun for pipeline_cacao_ci to 2026-08-25 22:00:00+00:00, run_after=2026-08-26 22:00:00+00:00
[2026-08-27T17:24:17.710+0000] {processor.py:208} INFO - Processing /opt/airflow/projet/dags/dag_pipeline_cacao.py took 0.075 seconds
[2026-08-27T17:24:48.104+0000] {processor.py:186} INFO - Started process (PID=2930) to work on /opt/airflow/projet/dags/dag_pipeline_cacao.py
[2026-08-27T17:24:48.105+0000] {processor.py:914} INFO - Processing file /opt/airflow/projet/dags/dag_pipeline_cacao.py for tasks to queue
[2026-08-27T17:24:48.108+0000] {logging_mixin.py:190} INFO - [2026-08-27T17:24:48.108+0000] {dagbag.py:588} INFO - Filling up the DagBag from /opt/airflow/projet/dags/dag_pipeline_cacao.py
[2026-08-27T17:24:48.132+0000] {processor.py:925} INFO - DAG(s) 'pipeline_cacao_ci' retrieved from /opt/airflow/projet/dags/dag_pipeline_cacao.py
[2026-08-27T17:24:48.156+0000] {logging_mixin.py:190} INFO - [2026-08-27T17:24:48.156+0000] {dag.py:3239} INFO - Sync 1 DAGs
[2026-08-27T17:24:48.167+0000] {logging_mixin.py:190} INFO - [2026-08-27T17:24:48.167+0000] {dag.py:4180} INFO - Setting next_dagrun for pipeline_cacao_ci to 2026-08-25 22:00:00+00:00, run_after=2026-08-26 22:00:00+00:00
[2026-08-27T17:24:48.174+0000] {processor.py:208} INFO - Processing /opt/airflow/projet/dags/dag_pipeline_cacao.py took 0.081 seconds
[2026-08-27T17:25:18.476+0000] {processor.py:186} INFO - Started process (PID=2949) to work on /opt/airflow/projet/dags/dag_pipeline_cacao.py
[2026-08-27T17:25:18.476+0000] {processor.py:914} INFO - Processing file /opt/airflow/projet/dags/dag_pipeline_cacao.py for tasks to queue
[2026-08-27T17:25:18.478+0000] {logging_mixin.py:190} INFO - [2026-08-27T17:25:18.478+0000] {dagbag.py:588} INFO - Filling up the DagBag from /opt/airflow/projet/dags/dag_pipeline_cacao.py
[2026-08-27T17:25:18.494+0000] {processor.py:925} INFO - DAG(s) 'pipeline_cacao_ci' retrieved from /opt/airflow/projet/dags/dag_pipeline_cacao.py
[2026-08-27T17:25:18.520+0000] {logging_mixin.py:190} INFO - [2026-08-27T17:25:18.520+0000] {dag.py:3239} INFO - Sync 1 DAGs
[2026-08-27T17:25:18.532+0000] {logging_mixin.py:190} INFO - [2026-08-27T17:25:18.532+0000] {dag.py:4180} INFO - Setting next_dagrun for pipeline_cacao_ci to 2026-08-25 22:00:00+00:00, run_after=2026-08-26 22:00:00+00:00
[2026-08-27T17:25:18.538+0000] {processor.py:208} INFO - Processing /opt/airflow/projet/dags/dag_pipeline_cacao.py took 0.067 seconds
[2026-08-27T17:25:48.859+0000] {processor.py:186} INFO - Started process (PID=2968) to work on /opt/airflow/projet/dags/dag_pipeline_cacao.py
[2026-08-27T17:25:48.860+0000] {processor.py:914} INFO - Processing file /opt/airflow/projet/dags/dag_pipeline_cacao.py for tasks to queue
[2026-08-27T17:25:48.862+0000] {logging_mixin.py:190} INFO - [2026-08-27T17:25:48.862+0000] {dagbag.py:588} INFO - Filling up the DagBag from /opt/airflow/projet/dags/dag_pipeline_cacao.py
[2026-08-27T17:25:48.884+0000] {processor.py:925} INFO - DAG(s) 'pipeline_cacao_ci' retrieved from /opt/airflow/projet/dags/dag_pipeline_cacao.py
[2026-08-27T17:25:48.910+0000] {logging_mixin.py:190} INFO - [2026-08-27T17:25:48.909+0000] {dag.py:3239} INFO - Sync 1 DAGs
[2026-08-27T17:25:48.921+0000] {logging_mixin.py:190} INFO - [2026-08-27T17:25:48.920+0000] {dag.py:4180} INFO - Setting next_dagrun for pipeline_cacao_ci to 2026-08-25 22:00:00+00:00, run_after=2026-08-26 22:00:00+00:00
[2026-08-27T17:25:48.928+0000] {processor.py:208} INFO - Processing /opt/airflow/projet/dags/dag_pipeline_cacao.py took 0.078 seconds
[2026-08-27T17:26:19.300+0000] {processor.py:186} INFO - Started process (PID=2987) to work on /opt/airflow/projet/dags/dag_pipeline_cacao.py
[2026-08-27T17:26:19.300+0000] {processor.py:914} INFO - Processing file /opt/airflow/projet/dags/dag_pipeline_cacao.py for tasks to queue
[2026-08-27T17:26:19.302+0000] {logging_mixin.py:190} INFO - [2026-08-27T17:26:19.302+0000] {dagbag.py:588} INFO - Filling up the DagBag from /opt/airflow/projet/dags/dag_pipeline_cacao.py
[2026-08-27T17:26:19.318+0000] {processor.py:925} INFO - DAG(s) 'pipeline_cacao_ci' retrieved from /opt/airflow/projet/dags/dag_pipeline_cacao.py
[2026-08-27T17:26:19.344+0000] {logging_mixin.py:190} INFO - [2026-08-27T17:26:19.344+0000] {dag.py:3239} INFO - Sync 1 DAGs
[2026-08-27T17:26:19.355+0000] {logging_mixin.py:190} INFO - [2026-08-27T17:26:19.355+0000] {dag.py:4180} INFO - Setting next_dagrun for pipeline_cacao_ci to 2026-08-25 22:00:00+00:00, run_after=2026-08-26 22:00:00+00:00
[2026-08-27T17:26:19.362+0000] {processor.py:208} INFO - Processing /opt/airflow/projet/dags/dag_pipeline_cacao.py took 0.068 seconds
[2026-08-27T17:26:49.728+0000] {processor.py:186} INFO - Started process (PID=3006) to work on /opt/airflow/projet/dags/dag_pipeline_cacao.py
[2026-08-27T17:26:49.728+0000] {processor.py:914} INFO - Processing file /opt/airflow/projet/dags/dag_pipeline_cacao.py for tasks to queue
[2026-08-27T17:26:49.730+0000] {logging_mixin.py:190} INFO - [2026-08-27T17:26:49.730+0000] {dagbag.py:588} INFO - Filling up the DagBag from /opt/airflow/projet/dags/dag_pipeline_cacao.py
[2026-08-27T17:26:49.746+0000] {processor.py:925} INFO - DAG(s) 'pipeline_cacao_ci' retrieved from /opt/airflow/projet/dags/dag_pipeline_cacao.py
[2026-08-27T17:26:49.775+0000] {logging_mixin.py:190} INFO - [2026-08-27T17:26:49.774+0000] {dag.py:3239} INFO - Sync 1 DAGs
[2026-08-27T17:26:49.787+0000] {logging_mixin.py:190} INFO - [2026-08-27T17:26:49.787+0000] {dag.py:4180} INFO - Setting next_dagrun for pipeline_cacao_ci to 2026-08-25 22:00:00+00:00, run_after=2026-08-26 22:00:00+00:00
[2026-08-27T17:26:49.794+0000] {processor.py:208} INFO - Processing /opt/airflow/projet/dags/dag_pipeline_cacao.py took 0.072 seconds
[2026-08-27T17:27:20.125+0000] {processor.py:186} INFO - Started process (PID=3025) to work on /opt/airflow/projet/dags/dag_pipeline_cacao.py
[2026-08-27T17:27:20.126+0000] {processor.py:914} INFO - Processing file /opt/airflow/projet/dags/dag_pipeline_cacao.py for tasks to queue
[2026-08-27T17:27:20.130+0000] {logging_mixin.py:190} INFO - [2026-08-27T17:27:20.130+0000] {dagbag.py:588} INFO - Filling up the DagBag from /opt/airflow/projet/dags/dag_pipeline_cacao.py
[2026-08-27T17:27:20.159+0000] {processor.py:925} INFO - DAG(s) 'pipeline_cacao_ci' retrieved from /opt/airflow/projet/dags/dag_pipeline_cacao.py
[2026-08-27T17:27:20.188+0000] {logging_mixin.py:190} INFO - [2026-08-27T17:27:20.188+0000] {dag.py:3239} INFO - Sync 1 DAGs
[2026-08-27T17:27:20.200+0000] {logging_mixin.py:190} INFO - [2026-08-27T17:27:20.200+0000] {dag.py:4180} INFO - Setting next_dagrun for pipeline_cacao_ci to 2026-08-25 22:00:00+00:00, run_after=2026-08-26 22:00:00+00:00
[2026-08-27T17:27:20.208+0000] {processor.py:208} INFO - Processing /opt/airflow/projet/dags/dag_pipeline_cacao.py took 0.092 seconds
[2026-08-27T17:27:50.567+0000] {processor.py:186} INFO - Started process (PID=3044) to work on /opt/airflow/projet/dags/dag_pipeline_cacao.py
[2026-08-27T17:27:50.568+0000] {processor.py:914} INFO - Processing file /opt/airflow/projet/dags/dag_pipeline_cacao.py for tasks to queue
[2026-08-27T17:27:50.571+0000] {logging_mixin.py:190} INFO - [2026-08-27T17:27:50.570+0000] {dagbag.py:588} INFO - Filling up the DagBag from /opt/airflow/projet/dags/dag_pipeline_cacao.py
[2026-08-27T17:27:50.588+0000] {processor.py:925} INFO - DAG(s) 'pipeline_cacao_ci' retrieved from /opt/airflow/projet/dags/dag_pipeline_cacao.py
[2026-08-27T17:27:50.620+0000] {logging_mixin.py:190} INFO - [2026-08-27T17:27:50.620+0000] {dag.py:3239} INFO - Sync 1 DAGs
[2026-08-27T17:27:50.643+0000] {logging_mixin.py:190} INFO - [2026-08-27T17:27:50.643+0000] {dag.py:4180} INFO - Setting next_dagrun for pipeline_cacao_ci to 2026-08-25 22:00:00+00:00, run_after=2026-08-26 22:00:00+00:00
[2026-08-27T17:27:50.654+0000] {processor.py:208} INFO - Processing /opt/airflow/projet/dags/dag_pipeline_cacao.py took 0.094 seconds
[2026-08-27T17:28:20.943+0000] {processor.py:186} INFO - Started process (PID=3063) to work on /opt/airflow/projet/dags/dag_pipeline_cacao.py
[2026-08-27T17:28:20.944+0000] {processor.py:914} INFO - Processing file /opt/airflow/projet/dags/dag_pipeline_cacao.py for tasks to queue
[2026-08-27T17:28:20.947+0000] {logging_mixin.py:190} INFO - [2026-08-27T17:28:20.947+0000] {dagbag.py:588} INFO - Filling up the DagBag from /opt/airflow/projet/dags/dag_pipeline_cacao.py
[2026-08-27T17:28:20.965+0000] {processor.py:925} INFO - DAG(s) 'pipeline_cacao_ci' retrieved from /opt/airflow/projet/dags/dag_pipeline_cacao.py
[2026-08-27T17:28:20.989+0000] {logging_mixin.py:190} INFO - [2026-08-27T17:28:20.988+0000] {dag.py:3239} INFO - Sync 1 DAGs
[2026-08-27T17:28:21.000+0000] {logging_mixin.py:190} INFO - [2026-08-27T17:28:20.999+0000] {dag.py:4180} INFO - Setting next_dagrun for pipeline_cacao_ci to 2026-08-25 22:00:00+00:00, run_after=2026-08-26 22:00:00+00:00
[2026-08-27T17:28:21.007+0000] {processor.py:208} INFO - Processing /opt/airflow/projet/dags/dag_pipeline_cacao.py took 0.069 seconds
[2026-08-27T17:28:51.388+0000] {processor.py:186} INFO - Started process (PID=3082) to work on /opt/airflow/projet/dags/dag_pipeline_cacao.py
[2026-08-27T17:28:51.389+0000] {processor.py:914} INFO - Processing file /opt/airflow/projet/dags/dag_pipeline_cacao.py for tasks to queue
[2026-08-27T17:28:51.391+0000] {logging_mixin.py:190} INFO - [2026-08-27T17:28:51.390+0000] {dagbag.py:588} INFO - Filling up the DagBag from /opt/airflow/projet/dags/dag_pipeline_cacao.py
[2026-08-27T17:28:51.407+0000] {processor.py:925} INFO - DAG(s) 'pipeline_cacao_ci' retrieved from /opt/airflow/projet/dags/dag_pipeline_cacao.py
[2026-08-27T17:28:51.434+0000] {logging_mixin.py:190} INFO - [2026-08-27T17:28:51.434+0000] {dag.py:3239} INFO - Sync 1 DAGs
[2026-08-27T17:28:51.444+0000] {logging_mixin.py:190} INFO - [2026-08-27T17:28:51.444+0000] {dag.py:4180} INFO - Setting next_dagrun for pipeline_cacao_ci to 2026-08-25 22:00:00+00:00, run_after=2026-08-26 22:00:00+00:00
[2026-08-27T17:28:51.451+0000] {processor.py:208} INFO - Processing /opt/airflow/projet/dags/dag_pipeline_cacao.py took 0.069 seconds
[2026-08-27T17:29:21.813+0000] {processor.py:186} INFO - Started process (PID=3101) to work on /opt/airflow/projet/dags/dag_pipeline_cacao.py
[2026-08-27T17:29:21.814+0000] {processor.py:914} INFO - Processing file /opt/airflow/projet/dags/dag_pipeline_cacao.py for tasks to queue
[2026-08-27T17:29:21.816+0000] {logging_mixin.py:190} INFO - [2026-08-27T17:29:21.815+0000] {dagbag.py:588} INFO - Filling up the DagBag from /opt/airflow/projet/dags/dag_pipeline_cacao.py
[2026-08-27T17:29:21.832+0000] {processor.py:925} INFO - DAG(s) 'pipeline_cacao_ci' retrieved from /opt/airflow/projet/dags/dag_pipeline_cacao.py
[2026-08-27T17:29:21.859+0000] {logging_mixin.py:190} INFO - [2026-08-27T17:29:21.859+0000] {dag.py:3239} INFO - Sync 1 DAGs
[2026-08-27T17:29:21.870+0000] {logging_mixin.py:190} INFO - [2026-08-27T17:29:21.870+0000] {dag.py:4180} INFO - Setting next_dagrun for pipeline_cacao_ci to 2026-08-25 22:00:00+00:00, run_after=2026-08-26 22:00:00+00:00
[2026-08-27T17:29:21.877+0000] {processor.py:208} INFO - Processing /opt/airflow/projet/dags/dag_pipeline_cacao.py took 0.071 seconds
[2026-08-27T17:29:52.215+0000] {processor.py:186} INFO - Started process (PID=3120) to work on /opt/airflow/projet/dags/dag_pipeline_cacao.py
[2026-08-27T17:29:52.216+0000] {processor.py:914} INFO - Processing file /opt/airflow/projet/dags/dag_pipeline_cacao.py for tasks to queue
[2026-08-27T17:29:52.217+0000] {logging_mixin.py:190} INFO - [2026-08-27T17:29:52.217+0000] {dagbag.py:588} INFO - Filling up the DagBag from /opt/airflow/projet/dags/dag_pipeline_cacao.py
[2026-08-27T17:29:52.230+0000] {processor.py:925} INFO - DAG(s) 'pipeline_cacao_ci' retrieved from /opt/airflow/projet/dags/dag_pipeline_cacao.py
[2026-08-27T17:29:52.260+0000] {logging_mixin.py:190} INFO - [2026-08-27T17:29:52.260+0000] {dag.py:3239} INFO - Sync 1 DAGs
[2026-08-27T17:29:52.271+0000] {logging_mixin.py:190} INFO - [2026-08-27T17:29:52.271+0000] {dag.py:4180} INFO - Setting next_dagrun for pipeline_cacao_ci to 2026-08-25 22:00:00+00:00, run_after=2026-08-26 22:00:00+00:00
[2026-08-27T17:29:52.279+0000] {processor.py:208} INFO - Processing /opt/airflow/projet/dags/dag_pipeline_cacao.py took 0.067 seconds
[2026-08-27T17:30:22.569+0000] {processor.py:186} INFO - Started process (PID=3139) to work on /opt/airflow/projet/dags/dag_pipeline_cacao.py
[2026-08-27T17:30:22.569+0000] {processor.py:914} INFO - Processing file /opt/airflow/projet/dags/dag_pipeline_cacao.py for tasks to queue
[2026-08-27T17:30:22.571+0000] {logging_mixin.py:190} INFO - [2026-08-27T17:30:22.571+0000] {dagbag.py:588} INFO - Filling up the DagBag from /opt/airflow/projet/dags/dag_pipeline_cacao.py
[2026-08-27T17:30:22.585+0000] {processor.py:925} INFO - DAG(s) 'pipeline_cacao_ci' retrieved from /opt/airflow/projet/dags/dag_pipeline_cacao.py
[2026-08-27T17:30:22.614+0000] {logging_mixin.py:190} INFO - [2026-08-27T17:30:22.614+0000] {dag.py:3239} INFO - Sync 1 DAGs
[2026-08-27T17:30:22.625+0000] {logging_mixin.py:190} INFO - [2026-08-27T17:30:22.625+0000] {dag.py:4180} INFO - Setting next_dagrun for pipeline_cacao_ci to 2026-08-25 22:00:00+00:00, run_after=2026-08-26 22:00:00+00:00
[2026-08-27T17:30:22.632+0000] {processor.py:208} INFO - Processing /opt/airflow/projet/dags/dag_pipeline_cacao.py took 0.069 seconds
[2026-08-27T17:30:52.961+0000] {processor.py:186} INFO - Started process (PID=3157) to work on /opt/airflow/projet/dags/dag_pipeline_cacao.py
[2026-08-27T17:30:52.962+0000] {processor.py:914} INFO - Processing file /opt/airflow/projet/dags/dag_pipeline_cacao.py for tasks to queue
[2026-08-27T17:30:52.964+0000] {logging_mixin.py:190} INFO - [2026-08-27T17:30:52.964+0000] {dagbag.py:588} INFO - Filling up the DagBag from /opt/airflow/projet/dags/dag_pipeline_cacao.py
[2026-08-27T17:30:52.980+0000] {processor.py:925} INFO - DAG(s) 'pipeline_cacao_ci' retrieved from /opt/airflow/projet/dags/dag_pipeline_cacao.py
[2026-08-27T17:30:53.007+0000] {logging_mixin.py:190} INFO - [2026-08-27T17:30:53.007+0000] {dag.py:3239} INFO - Sync 1 DAGs
[2026-08-27T17:30:53.020+0000] {logging_mixin.py:190} INFO - [2026-08-27T17:30:53.019+0000] {dag.py:4180} INFO - Setting next_dagrun for pipeline_cacao_ci to 2026-08-25 22:00:00+00:00, run_after=2026-08-26 22:00:00+00:00
[2026-08-27T17:30:53.027+0000] {processor.py:208} INFO - Processing /opt/airflow/projet/dags/dag_pipeline_cacao.py took 0.070 seconds
[2026-08-27T17:31:23.365+0000] {processor.py:186} INFO - Started process (PID=3168) to work on /opt/airflow/projet/dags/dag_pipeline_cacao.py
[2026-08-27T17:31:23.366+0000] {processor.py:914} INFO - Processing file /opt/airflow/projet/dags/dag_pipeline_cacao.py for tasks to queue
[2026-08-27T17:31:23.369+0000] {logging_mixin.py:190} INFO - [2026-08-27T17:31:23.369+0000] {dagbag.py:588} INFO - Filling up the DagBag from /opt/airflow/projet/dags/dag_pipeline_cacao.py
[2026-08-27T17:31:23.391+0000] {processor.py:925} INFO - DAG(s) 'pipeline_cacao_ci' retrieved from /opt/airflow/projet/dags/dag_pipeline_cacao.py
[2026-08-27T17:31:23.419+0000] {logging_mixin.py:190} INFO - [2026-08-27T17:31:23.419+0000] {dag.py:3239} INFO - Sync 1 DAGs
[2026-08-27T17:31:23.431+0000] {logging_mixin.py:190} INFO - [2026-08-27T17:31:23.431+0000] {dag.py:4180} INFO - Setting next_dagrun for pipeline_cacao_ci to 2026-08-25 22:00:00+00:00, run_after=2026-08-26 22:00:00+00:00
[2026-08-27T17:31:23.438+0000] {processor.py:208} INFO - Processing /opt/airflow/projet/dags/dag_pipeline_cacao.py took 0.083 seconds
[2026-08-27T17:31:53.775+0000] {processor.py:186} INFO - Started process (PID=3187) to work on /opt/airflow/projet/dags/dag_pipeline_cacao.py
[2026-08-27T17:31:53.775+0000] {processor.py:914} INFO - Processing file /opt/airflow/projet/dags/dag_pipeline_cacao.py for tasks to queue
[2026-08-27T17:31:53.778+0000] {logging_mixin.py:190} INFO - [2026-08-27T17:31:53.777+0000] {dagbag.py:588} INFO - Filling up the DagBag from /opt/airflow/projet/dags/dag_pipeline_cacao.py
[2026-08-27T17:31:53.797+0000] {processor.py:925} INFO - DAG(s) 'pipeline_cacao_ci' retrieved from /opt/airflow/projet/dags/dag_pipeline_cacao.py
[2026-08-27T17:31:53.827+0000] {logging_mixin.py:190} INFO - [2026-08-27T17:31:53.826+0000] {dag.py:3239} INFO - Sync 1 DAGs
[2026-08-27T17:31:53.839+0000] {logging_mixin.py:190} INFO - [2026-08-27T17:31:53.838+0000] {dag.py:4180} INFO - Setting next_dagrun for pipeline_cacao_ci to 2026-08-25 22:00:00+00:00, run_after=2026-08-26 22:00:00+00:00
[2026-08-27T17:31:53.846+0000] {processor.py:208} INFO - Processing /opt/airflow/projet/dags/dag_pipeline_cacao.py took 0.079 seconds
[2026-08-27T17:32:24.208+0000] {processor.py:186} INFO - Started process (PID=3206) to work on /opt/airflow/projet/dags/dag_pipeline_cacao.py
[2026-08-27T17:32:24.208+0000] {processor.py:914} INFO - Processing file /opt/airflow/projet/dags/dag_pipeline_cacao.py for tasks to queue
[2026-08-27T17:32:24.210+0000] {logging_mixin.py:190} INFO - [2026-08-27T17:32:24.210+0000] {dagbag.py:588} INFO - Filling up the DagBag from /opt/airflow/projet/dags/dag_pipeline_cacao.py
[2026-08-27T17:32:24.225+0000] {processor.py:925} INFO - DAG(s) 'pipeline_cacao_ci' retrieved from /opt/airflow/projet/dags/dag_pipeline_cacao.py
[2026-08-27T17:32:24.250+0000] {logging_mixin.py:190} INFO - [2026-08-27T17:32:24.250+0000] {dag.py:3239} INFO - Sync 1 DAGs
[2026-08-27T17:32:24.261+0000] {logging_mixin.py:190} INFO - [2026-08-27T17:32:24.261+0000] {dag.py:4180} INFO - Setting next_dagrun for pipeline_cacao_ci to 2026-08-25 22:00:00+00:00, run_after=2026-08-26 22:00:00+00:00
[2026-08-27T17:32:24.268+0000] {processor.py:208} INFO - Processing /opt/airflow/projet/dags/dag_pipeline_cacao.py took 0.065 seconds
[2026-08-27T17:32:54.610+0000] {processor.py:186} INFO - Started process (PID=3225) to work on /opt/airflow/projet/dags/dag_pipeline_cacao.py
[2026-08-27T17:32:54.613+0000] {processor.py:914} INFO - Processing file /opt/airflow/projet/dags/dag_pipeline_cacao.py for tasks to queue
[2026-08-27T17:32:54.619+0000] {logging_mixin.py:190} INFO - [2026-08-27T17:32:54.618+0000] {dagbag.py:588} INFO - Filling up the DagBag from /opt/airflow/projet/dags/dag_pipeline_cacao.py
[2026-08-27T17:32:54.656+0000] {processor.py:925} INFO - DAG(s) 'pipeline_cacao_ci' retrieved from /opt/airflow/projet/dags/dag_pipeline_cacao.py
[2026-08-27T17:32:54.708+0000] {logging_mixin.py:190} INFO - [2026-08-27T17:32:54.708+0000] {dag.py:3239} INFO - Sync 1 DAGs
[2026-08-27T17:32:54.746+0000] {logging_mixin.py:190} INFO - [2026-08-27T17:32:54.745+0000] {dag.py:4180} INFO - Setting next_dagrun for pipeline_cacao_ci to 2026-08-25 22:00:00+00:00, run_after=2026-08-26 22:00:00+00:00
[2026-08-27T17:32:54.768+0000] {processor.py:208} INFO - Processing /opt/airflow/projet/dags/dag_pipeline_cacao.py took 0.173 seconds
[2026-08-27T17:33:25.003+0000] {processor.py:186} INFO - Started process (PID=3244) to work on /opt/airflow/projet/dags/dag_pipeline_cacao.py
[2026-08-27T17:33:25.009+0000] {processor.py:914} INFO - Processing file /opt/airflow/projet/dags/dag_pipeline_cacao.py for tasks to queue
[2026-08-27T17:33:25.012+0000] {logging_mixin.py:190} INFO - [2026-08-27T17:33:25.012+0000] {dagbag.py:588} INFO - Filling up the DagBag from /opt/airflow/projet/dags/dag_pipeline_cacao.py
[2026-08-27T17:33:25.046+0000] {processor.py:925} INFO - DAG(s) 'pipeline_cacao_ci' retrieved from /opt/airflow/projet/dags/dag_pipeline_cacao.py
[2026-08-27T17:33:25.088+0000] {logging_mixin.py:190} INFO - [2026-08-27T17:33:25.087+0000] {dag.py:3239} INFO - Sync 1 DAGs
[2026-08-27T17:33:25.110+0000] {logging_mixin.py:190} INFO - [2026-08-27T17:33:25.110+0000] {dag.py:4180} INFO - Setting next_dagrun for pipeline_cacao_ci to 2026-08-25 22:00:00+00:00, run_after=2026-08-26 22:00:00+00:00
[2026-08-27T17:33:25.125+0000] {processor.py:208} INFO - Processing /opt/airflow/projet/dags/dag_pipeline_cacao.py took 0.135 seconds
[2026-08-27T17:33:55.433+0000] {processor.py:186} INFO - Started process (PID=3263) to work on /opt/airflow/projet/dags/dag_pipeline_cacao.py
[2026-08-27T17:33:55.433+0000] {processor.py:914} INFO - Processing file /opt/airflow/projet/dags/dag_pipeline_cacao.py for tasks to queue
[2026-08-27T17:33:55.439+0000] {logging_mixin.py:190} INFO - [2026-08-27T17:33:55.438+0000] {dagbag.py:588} INFO - Filling up the DagBag from /opt/airflow/projet/dags/dag_pipeline_cacao.py
[2026-08-27T17:33:55.465+0000] {processor.py:925} INFO - DAG(s) 'pipeline_cacao_ci' retrieved from /opt/airflow/projet/dags/dag_pipeline_cacao.py
[2026-08-27T17:33:55.494+0000] {logging_mixin.py:190} INFO - [2026-08-27T17:33:55.494+0000] {dag.py:3239} INFO - Sync 1 DAGs
[2026-08-27T17:33:55.508+0000] {logging_mixin.py:190} INFO - [2026-08-27T17:33:55.508+0000] {dag.py:4180} INFO - Setting next_dagrun for pipeline_cacao_ci to 2026-08-25 22:00:00+00:00, run_after=2026-08-26 22:00:00+00:00
[2026-08-27T17:33:55.519+0000] {processor.py:208} INFO - Processing /opt/airflow/projet/dags/dag_pipeline_cacao.py took 0.094 seconds
[2026-08-27T17:34:25.773+0000] {processor.py:186} INFO - Started process (PID=3282) to work on /opt/airflow/projet/dags/dag_pipeline_cacao.py
[2026-08-27T17:34:25.774+0000] {processor.py:914} INFO - Processing file /opt/airflow/projet/dags/dag_pipeline_cacao.py for tasks to queue
[2026-08-27T17:34:25.776+0000] {logging_mixin.py:190} INFO - [2026-08-27T17:34:25.775+0000] {dagbag.py:588} INFO - Filling up the DagBag from /opt/airflow/projet/dags/dag_pipeline_cacao.py
[2026-08-27T17:34:25.795+0000] {processor.py:925} INFO - DAG(s) 'pipeline_cacao_ci' retrieved from /opt/airflow/projet/dags/dag_pipeline_cacao.py
[2026-08-27T17:34:25.827+0000] {logging_mixin.py:190} INFO - [2026-08-27T17:34:25.827+0000] {dag.py:3239} INFO - Sync 1 DAGs
[2026-08-27T17:34:25.841+0000] {logging_mixin.py:190} INFO - [2026-08-27T17:34:25.841+0000] {dag.py:4180} INFO - Setting next_dagrun for pipeline_cacao_ci to 2026-08-25 22:00:00+00:00, run_after=2026-08-26 22:00:00+00:00
[2026-08-27T17:34:25.850+0000] {processor.py:208} INFO - Processing /opt/airflow/projet/dags/dag_pipeline_cacao.py took 0.083 seconds
[2026-08-27T17:34:56.212+0000] {processor.py:186} INFO - Started process (PID=3301) to work on /opt/airflow/projet/dags/dag_pipeline_cacao.py
[2026-08-27T17:34:56.213+0000] {processor.py:914} INFO - Processing file /opt/airflow/projet/dags/dag_pipeline_cacao.py for tasks to queue
[2026-08-27T17:34:56.216+0000] {logging_mixin.py:190} INFO - [2026-08-27T17:34:56.216+0000] {dagbag.py:588} INFO - Filling up the DagBag from /opt/airflow/projet/dags/dag_pipeline_cacao.py
[2026-08-27T17:34:56.250+0000] {processor.py:925} INFO - DAG(s) 'pipeline_cacao_ci' retrieved from /opt/airflow/projet/dags/dag_pipeline_cacao.py
[2026-08-27T17:34:56.280+0000] {logging_mixin.py:190} INFO - [2026-08-27T17:34:56.280+0000] {dag.py:3239} INFO - Sync 1 DAGs
[2026-08-27T17:34:56.295+0000] {logging_mixin.py:190} INFO - [2026-08-27T17:34:56.294+0000] {dag.py:4180} INFO - Setting next_dagrun for pipeline_cacao_ci to 2026-08-25 22:00:00+00:00, run_after=2026-08-26 22:00:00+00:00
[2026-08-27T17:34:56.302+0000] {processor.py:208} INFO - Processing /opt/airflow/projet/dags/dag_pipeline_cacao.py took 0.104 seconds
[2026-08-27T17:35:26.658+0000] {processor.py:186} INFO - Started process (PID=3320) to work on /opt/airflow/projet/dags/dag_pipeline_cacao.py
[2026-08-27T17:35:26.659+0000] {processor.py:914} INFO - Processing file /opt/airflow/projet/dags/dag_pipeline_cacao.py for tasks to queue
[2026-08-27T17:35:26.660+0000] {logging_mixin.py:190} INFO - [2026-08-27T17:35:26.660+0000] {dagbag.py:588} INFO - Filling up the DagBag from /opt/airflow/projet/dags/dag_pipeline_cacao.py
[2026-08-27T17:35:26.677+0000] {processor.py:925} INFO - DAG(s) 'pipeline_cacao_ci' retrieved from /opt/airflow/projet/dags/dag_pipeline_cacao.py
[2026-08-27T17:35:26.702+0000] {logging_mixin.py:190} INFO - [2026-08-27T17:35:26.702+0000] {dag.py:3239} INFO - Sync 1 DAGs
[2026-08-27T17:35:26.712+0000] {logging_mixin.py:190} INFO - [2026-08-27T17:35:26.712+0000] {dag.py:4180} INFO - Setting next_dagrun for pipeline_cacao_ci to 2026-08-25 22:00:00+00:00, run_after=2026-08-26 22:00:00+00:00
[2026-08-27T17:35:26.719+0000] {processor.py:208} INFO - Processing /opt/airflow/projet/dags/dag_pipeline_cacao.py took 0.066 seconds
[2026-08-27T17:35:57.059+0000] {processor.py:186} INFO - Started process (PID=3339) to work on /opt/airflow/projet/dags/dag_pipeline_cacao.py
[2026-08-27T17:35:57.060+0000] {processor.py:914} INFO - Processing file /opt/airflow/projet/dags/dag_pipeline_cacao.py for tasks to queue
[2026-08-27T17:35:57.061+0000] {logging_mixin.py:190} INFO - [2026-08-27T17:35:57.061+0000] {dagbag.py:588} INFO - Filling up the DagBag from /opt/airflow/projet/dags/dag_pipeline_cacao.py
[2026-08-27T17:35:57.072+0000] {processor.py:925} INFO - DAG(s) 'pipeline_cacao_ci' retrieved from /opt/airflow/projet/dags/dag_pipeline_cacao.py
[2026-08-27T17:35:57.099+0000] {logging_mixin.py:190} INFO - [2026-08-27T17:35:57.099+0000] {dag.py:3239} INFO - Sync 1 DAGs
[2026-08-27T17:35:57.111+0000] {logging_mixin.py:190} INFO - [2026-08-27T17:35:57.111+0000] {dag.py:4180} INFO - Setting next_dagrun for pipeline_cacao_ci to 2026-08-25 22:00:00+00:00, run_after=2026-08-26 22:00:00+00:00
[2026-08-27T17:35:57.119+0000] {processor.py:208} INFO - Processing /opt/airflow/projet/dags/dag_pipeline_cacao.py took 0.064 seconds
[2026-08-27T17:36:27.472+0000] {processor.py:186} INFO - Started process (PID=3358) to work on /opt/airflow/projet/dags/dag_pipeline_cacao.py
[2026-08-27T17:36:27.473+0000] {processor.py:914} INFO - Processing file /opt/airflow/projet/dags/dag_pipeline_cacao.py for tasks to queue
[2026-08-27T17:36:27.475+0000] {logging_mixin.py:190} INFO - [2026-08-27T17:36:27.474+0000] {dagbag.py:588} INFO - Filling up the DagBag from /opt/airflow/projet/dags/dag_pipeline_cacao.py
[2026-08-27T17:36:27.491+0000] {processor.py:925} INFO - DAG(s) 'pipeline_cacao_ci' retrieved from /opt/airflow/projet/dags/dag_pipeline_cacao.py
[2026-08-27T17:36:27.516+0000] {logging_mixin.py:190} INFO - [2026-08-27T17:36:27.516+0000] {dag.py:3239} INFO - Sync 1 DAGs
[2026-08-27T17:36:27.527+0000] {logging_mixin.py:190} INFO - [2026-08-27T17:36:27.526+0000] {dag.py:4180} INFO - Setting next_dagrun for pipeline_cacao_ci to 2026-08-25 22:00:00+00:00, run_after=2026-08-26 22:00:00+00:00
[2026-08-27T17:36:27.533+0000] {processor.py:208} INFO - Processing /opt/airflow/projet/dags/dag_pipeline_cacao.py took 0.066 seconds
[2026-08-27T17:36:57.904+0000] {processor.py:186} INFO - Started process (PID=3377) to work on /opt/airflow/projet/dags/dag_pipeline_cacao.py
[2026-08-27T17:36:57.905+0000] {processor.py:914} INFO - Processing file /opt/airflow/projet/dags/dag_pipeline_cacao.py for tasks to queue
[2026-08-27T17:36:57.907+0000] {logging_mixin.py:190} INFO - [2026-08-27T17:36:57.907+0000] {dagbag.py:588} INFO - Filling up the DagBag from /opt/airflow/projet/dags/dag_pipeline_cacao.py
[2026-08-27T17:36:57.926+0000] {processor.py:925} INFO - DAG(s) 'pipeline_cacao_ci' retrieved from /opt/airflow/projet/dags/dag_pipeline_cacao.py
[2026-08-27T17:36:57.953+0000] {logging_mixin.py:190} INFO - [2026-08-27T17:36:57.953+0000] {dag.py:3239} INFO - Sync 1 DAGs
[2026-08-27T17:36:57.966+0000] {logging_mixin.py:190} INFO - [2026-08-27T17:36:57.966+0000] {dag.py:4180} INFO - Setting next_dagrun for pipeline_cacao_ci to 2026-08-25 22:00:00+00:00, run_after=2026-08-26 22:00:00+00:00
[2026-08-27T17:36:57.973+0000] {processor.py:208} INFO - Processing /opt/airflow/projet/dags/dag_pipeline_cacao.py took 0.078 seconds
[2026-08-27T17:37:28.260+0000] {processor.py:186} INFO - Started process (PID=3396) to work on /opt/airflow/projet/dags/dag_pipeline_cacao.py
[2026-08-27T17:37:28.261+0000] {processor.py:914} INFO - Processing file /opt/airflow/projet/dags/dag_pipeline_cacao.py for tasks to queue
[2026-08-27T17:37:28.263+0000] {logging_mixin.py:190} INFO - [2026-08-27T17:37:28.262+0000] {dagbag.py:588} INFO - Filling up the DagBag from /opt/airflow/projet/dags/dag_pipeline_cacao.py
[2026-08-27T17:37:28.284+0000] {processor.py:925} INFO - DAG(s) 'pipeline_cacao_ci' retrieved from /opt/airflow/projet/dags/dag_pipeline_cacao.py
[2026-08-27T17:37:28.319+0000] {logging_mixin.py:190} INFO - [2026-08-27T17:37:28.319+0000] {dag.py:3239} INFO - Sync 1 DAGs
[2026-08-27T17:37:28.330+0000] {logging_mixin.py:190} INFO - [2026-08-27T17:37:28.330+0000] {dag.py:4180} INFO - Setting next_dagrun for pipeline_cacao_ci to 2026-08-25 22:00:00+00:00, run_after=2026-08-26 22:00:00+00:00
[2026-08-27T17:37:28.338+0000] {processor.py:208} INFO - Processing /opt/airflow/projet/dags/dag_pipeline_cacao.py took 0.089 seconds
[2026-08-27T17:37:58.687+0000] {processor.py:186} INFO - Started process (PID=3414) to work on /opt/airflow/projet/dags/dag_pipeline_cacao.py
[2026-08-27T17:37:58.689+0000] {processor.py:914} INFO - Processing file /opt/airflow/projet/dags/dag_pipeline_cacao.py for tasks to queue
[2026-08-27T17:37:58.694+0000] {logging_mixin.py:190} INFO - [2026-08-27T17:37:58.694+0000] {dagbag.py:588} INFO - Filling up the DagBag from /opt/airflow/projet/dags/dag_pipeline_cacao.py
[2026-08-27T17:37:58.740+0000] {processor.py:925} INFO - DAG(s) 'pipeline_cacao_ci' retrieved from /opt/airflow/projet/dags/dag_pipeline_cacao.py
[2026-08-27T17:37:58.792+0000] {logging_mixin.py:190} INFO - [2026-08-27T17:37:58.792+0000] {dag.py:3239} INFO - Sync 1 DAGs
[2026-08-27T17:37:58.813+0000] {logging_mixin.py:190} INFO - [2026-08-27T17:37:58.813+0000] {dag.py:4180} INFO - Setting next_dagrun for pipeline_cacao_ci to 2026-08-25 22:00:00+00:00, run_after=2026-08-26 22:00:00+00:00
[2026-08-27T17:37:58.827+0000] {processor.py:208} INFO - Processing /opt/airflow/projet/dags/dag_pipeline_cacao.py took 0.153 seconds
[2026-08-27T17:38:29.147+0000] {processor.py:186} INFO - Started process (PID=3425) to work on /opt/airflow/projet/dags/dag_pipeline_cacao.py
[2026-08-27T17:38:29.148+0000] {processor.py:914} INFO - Processing file /opt/airflow/projet/dags/dag_pipeline_cacao.py for tasks to queue
[2026-08-27T17:38:29.150+0000] {logging_mixin.py:190} INFO - [2026-08-27T17:38:29.149+0000] {dagbag.py:588} INFO - Filling up the DagBag from /opt/airflow/projet/dags/dag_pipeline_cacao.py
[2026-08-27T17:38:29.169+0000] {processor.py:925} INFO - DAG(s) 'pipeline_cacao_ci' retrieved from /opt/airflow/projet/dags/dag_pipeline_cacao.py
[2026-08-27T17:38:29.196+0000] {logging_mixin.py:190} INFO - [2026-08-27T17:38:29.196+0000] {dag.py:3239} INFO - Sync 1 DAGs
[2026-08-27T17:38:29.208+0000] {logging_mixin.py:190} INFO - [2026-08-27T17:38:29.208+0000] {dag.py:4180} INFO - Setting next_dagrun for pipeline_cacao_ci to 2026-08-25 22:00:00+00:00, run_after=2026-08-26 22:00:00+00:00
[2026-08-27T17:38:29.215+0000] {processor.py:208} INFO - Processing /opt/airflow/projet/dags/dag_pipeline_cacao.py took 0.080 seconds
[2026-08-27T17:38:59.652+0000] {processor.py:186} INFO - Started process (PID=3444) to work on /opt/airflow/projet/dags/dag_pipeline_cacao.py
[2026-08-27T17:38:59.654+0000] {processor.py:914} INFO - Processing file /opt/airflow/projet/dags/dag_pipeline_cacao.py for tasks to queue
[2026-08-27T17:38:59.656+0000] {logging_mixin.py:190} INFO - [2026-08-27T17:38:59.656+0000] {dagbag.py:588} INFO - Filling up the DagBag from /opt/airflow/projet/dags/dag_pipeline_cacao.py
[2026-08-27T17:38:59.677+0000] {processor.py:925} INFO - DAG(s) 'pipeline_cacao_ci' retrieved from /opt/airflow/projet/dags/dag_pipeline_cacao.py
[2026-08-27T17:38:59.702+0000] {logging_mixin.py:190} INFO - [2026-08-27T17:38:59.702+0000] {dag.py:3239} INFO - Sync 1 DAGs
[2026-08-27T17:38:59.713+0000] {logging_mixin.py:190} INFO - [2026-08-27T17:38:59.713+0000] {dag.py:4180} INFO - Setting next_dagrun for pipeline_cacao_ci to 2026-08-25 22:00:00+00:00, run_after=2026-08-26 22:00:00+00:00
[2026-08-27T17:38:59.720+0000] {processor.py:208} INFO - Processing /opt/airflow/projet/dags/dag_pipeline_cacao.py took 0.077 seconds
[2026-08-27T17:39:30.122+0000] {processor.py:186} INFO - Started process (PID=3463) to work on /opt/airflow/projet/dags/dag_pipeline_cacao.py
[2026-08-27T17:39:30.123+0000] {processor.py:914} INFO - Processing file /opt/airflow/projet/dags/dag_pipeline_cacao.py for tasks to queue
[2026-08-27T17:39:30.125+0000] {logging_mixin.py:190} INFO - [2026-08-27T17:39:30.124+0000] {dagbag.py:588} INFO - Filling up the DagBag from /opt/airflow/projet/dags/dag_pipeline_cacao.py
[2026-08-27T17:39:30.139+0000] {processor.py:925} INFO - DAG(s) 'pipeline_cacao_ci' retrieved from /opt/airflow/projet/dags/dag_pipeline_cacao.py
[2026-08-27T17:39:30.164+0000] {logging_mixin.py:190} INFO - [2026-08-27T17:39:30.164+0000] {dag.py:3239} INFO - Sync 1 DAGs
[2026-08-27T17:39:30.176+0000] {logging_mixin.py:190} INFO - [2026-08-27T17:39:30.176+0000] {dag.py:4180} INFO - Setting next_dagrun for pipeline_cacao_ci to 2026-08-25 22:00:00+00:00, run_after=2026-08-26 22:00:00+00:00
[2026-08-27T17:39:30.183+0000] {processor.py:208} INFO - Processing /opt/airflow/projet/dags/dag_pipeline_cacao.py took 0.069 seconds
[2026-08-27T17:40:00.620+0000] {processor.py:186} INFO - Started process (PID=3482) to work on /opt/airflow/projet/dags/dag_pipeline_cacao.py
[2026-08-27T17:40:00.621+0000] {processor.py:914} INFO - Processing file /opt/airflow/projet/dags/dag_pipeline_cacao.py for tasks to queue
[2026-08-27T17:40:00.623+0000] {logging_mixin.py:190} INFO - [2026-08-27T17:40:00.623+0000] {dagbag.py:588} INFO - Filling up the DagBag from /opt/airflow/projet/dags/dag_pipeline_cacao.py
[2026-08-27T17:40:00.641+0000] {processor.py:925} INFO - DAG(s) 'pipeline_cacao_ci' retrieved from /opt/airflow/projet/dags/dag_pipeline_cacao.py
[2026-08-27T17:40:00.667+0000] {logging_mixin.py:190} INFO - [2026-08-27T17:40:00.667+0000] {dag.py:3239} INFO - Sync 1 DAGs
[2026-08-27T17:40:00.678+0000] {logging_mixin.py:190} INFO - [2026-08-27T17:40:00.678+0000] {dag.py:4180} INFO - Setting next_dagrun for pipeline_cacao_ci to 2026-08-25 22:00:00+00:00, run_after=2026-08-26 22:00:00+00:00
[2026-08-27T17:40:00.685+0000] {processor.py:208} INFO - Processing /opt/airflow/projet/dags/dag_pipeline_cacao.py took 0.074 seconds
[2026-08-27T17:45:05.549+0000] {processor.py:186} INFO - Started process (PID=3492) to work on /opt/airflow/projet/dags/dag_pipeline_cacao.py
[2026-08-27T17:45:05.550+0000] {processor.py:914} INFO - Processing file /opt/airflow/projet/dags/dag_pipeline_cacao.py for tasks to queue
[2026-08-27T17:45:05.551+0000] {logging_mixin.py:190} INFO - [2026-08-27T17:45:05.551+0000] {dagbag.py:588} INFO - Filling up the DagBag from /opt/airflow/projet/dags/dag_pipeline_cacao.py
[2026-08-27T17:45:05.566+0000] {processor.py:925} INFO - DAG(s) 'pipeline_cacao_ci' retrieved from /opt/airflow/projet/dags/dag_pipeline_cacao.py
[2026-08-27T17:45:05.590+0000] {logging_mixin.py:190} INFO - [2026-08-27T17:45:05.590+0000] {dag.py:3239} INFO - Sync 1 DAGs
[2026-08-27T17:45:05.601+0000] {logging_mixin.py:190} INFO - [2026-08-27T17:45:05.601+0000] {dag.py:4180} INFO - Setting next_dagrun for pipeline_cacao_ci to 2026-08-25 22:00:00+00:00, run_after=2026-08-26 22:00:00+00:00
[2026-08-27T17:45:05.608+0000] {processor.py:208} INFO - Processing /opt/airflow/projet/dags/dag_pipeline_cacao.py took 0.064 seconds
[2026-08-27T17:48:06.603+0000] {processor.py:186} INFO - Started process (PID=3511) to work on /opt/airflow/projet/dags/dag_pipeline_cacao.py
[2026-08-27T17:48:06.604+0000] {processor.py:914} INFO - Processing file /opt/airflow/projet/dags/dag_pipeline_cacao.py for tasks to queue
[2026-08-27T17:48:06.609+0000] {logging_mixin.py:190} INFO - [2026-08-27T17:48:06.609+0000] {dagbag.py:588} INFO - Filling up the DagBag from /opt/airflow/projet/dags/dag_pipeline_cacao.py
[2026-08-27T17:48:06.638+0000] {processor.py:925} INFO - DAG(s) 'pipeline_cacao_ci' retrieved from /opt/airflow/projet/dags/dag_pipeline_cacao.py
[2026-08-27T17:48:06.683+0000] {logging_mixin.py:190} INFO - [2026-08-27T17:48:06.683+0000] {dag.py:3239} INFO - Sync 1 DAGs
[2026-08-27T17:48:06.703+0000] {logging_mixin.py:190} INFO - [2026-08-27T17:48:06.703+0000] {dag.py:4180} INFO - Setting next_dagrun for pipeline_cacao_ci to 2026-08-25 22:00:00+00:00, run_after=2026-08-26 22:00:00+00:00
[2026-08-27T17:48:06.714+0000] {processor.py:208} INFO - Processing /opt/airflow/projet/dags/dag_pipeline_cacao.py took 0.128 seconds
[2026-08-27T17:48:37.013+0000] {processor.py:186} INFO - Started process (PID=3530) to work on /opt/airflow/projet/dags/dag_pipeline_cacao.py
[2026-08-27T17:48:37.013+0000] {processor.py:914} INFO - Processing file /opt/airflow/projet/dags/dag_pipeline_cacao.py for tasks to queue
[2026-08-27T17:48:37.015+0000] {logging_mixin.py:190} INFO - [2026-08-27T17:48:37.015+0000] {dagbag.py:588} INFO - Filling up the DagBag from /opt/airflow/projet/dags/dag_pipeline_cacao.py
[2026-08-27T17:48:37.030+0000] {processor.py:925} INFO - DAG(s) 'pipeline_cacao_ci' retrieved from /opt/airflow/projet/dags/dag_pipeline_cacao.py
[2026-08-27T17:48:37.057+0000] {logging_mixin.py:190} INFO - [2026-08-27T17:48:37.057+0000] {dag.py:3239} INFO - Sync 1 DAGs
[2026-08-27T17:48:37.067+0000] {logging_mixin.py:190} INFO - [2026-08-27T17:48:37.067+0000] {dag.py:4180} INFO - Setting next_dagrun for pipeline_cacao_ci to 2026-08-25 22:00:00+00:00, run_after=2026-08-26 22:00:00+00:00
[2026-08-27T17:48:37.074+0000] {processor.py:208} INFO - Processing /opt/airflow/projet/dags/dag_pipeline_cacao.py took 0.068 seconds
[2026-08-27T17:49:07.426+0000] {processor.py:186} INFO - Started process (PID=3549) to work on /opt/airflow/projet/dags/dag_pipeline_cacao.py
[2026-08-27T17:49:07.427+0000] {processor.py:914} INFO - Processing file /opt/airflow/projet/dags/dag_pipeline_cacao.py for tasks to queue
[2026-08-27T17:49:07.429+0000] {logging_mixin.py:190} INFO - [2026-08-27T17:49:07.429+0000] {dagbag.py:588} INFO - Filling up the DagBag from /opt/airflow/projet/dags/dag_pipeline_cacao.py
[2026-08-27T17:49:07.445+0000] {processor.py:925} INFO - DAG(s) 'pipeline_cacao_ci' retrieved from /opt/airflow/projet/dags/dag_pipeline_cacao.py
[2026-08-27T17:49:07.471+0000] {logging_mixin.py:190} INFO - [2026-08-27T17:49:07.471+0000] {dag.py:3239} INFO - Sync 1 DAGs
[2026-08-27T17:49:07.482+0000] {logging_mixin.py:190} INFO - [2026-08-27T17:49:07.482+0000] {dag.py:4180} INFO - Setting next_dagrun for pipeline_cacao_ci to 2026-08-25 22:00:00+00:00, run_after=2026-08-26 22:00:00+00:00
[2026-08-27T17:49:07.488+0000] {processor.py:208} INFO - Processing /opt/airflow/projet/dags/dag_pipeline_cacao.py took 0.068 seconds
[2026-08-27T17:49:37.792+0000] {processor.py:186} INFO - Started process (PID=3568) to work on /opt/airflow/projet/dags/dag_pipeline_cacao.py
[2026-08-27T17:49:37.792+0000] {processor.py:914} INFO - Processing file /opt/airflow/projet/dags/dag_pipeline_cacao.py for tasks to queue
[2026-08-27T17:49:37.795+0000] {logging_mixin.py:190} INFO - [2026-08-27T17:49:37.794+0000] {dagbag.py:588} INFO - Filling up the DagBag from /opt/airflow/projet/dags/dag_pipeline_cacao.py
[2026-08-27T17:49:37.809+0000] {processor.py:925} INFO - DAG(s) 'pipeline_cacao_ci' retrieved from /opt/airflow/projet/dags/dag_pipeline_cacao.py
[2026-08-27T17:49:37.832+0000] {logging_mixin.py:190} INFO - [2026-08-27T17:49:37.832+0000] {dag.py:3239} INFO - Sync 1 DAGs
[2026-08-27T17:49:37.842+0000] {logging_mixin.py:190} INFO - [2026-08-27T17:49:37.842+0000] {dag.py:4180} INFO - Setting next_dagrun for pipeline_cacao_ci to 2026-08-25 22:00:00+00:00, run_after=2026-08-26 22:00:00+00:00
[2026-08-27T17:49:37.849+0000] {processor.py:208} INFO - Processing /opt/airflow/projet/dags/dag_pipeline_cacao.py took 0.063 seconds
[2026-08-27T17:50:08.174+0000] {processor.py:186} INFO - Started process (PID=3587) to work on /opt/airflow/projet/dags/dag_pipeline_cacao.py
[2026-08-27T17:50:08.175+0000] {processor.py:914} INFO - Processing file /opt/airflow/projet/dags/dag_pipeline_cacao.py for tasks to queue
[2026-08-27T17:50:08.177+0000] {logging_mixin.py:190} INFO - [2026-08-27T17:50:08.176+0000] {dagbag.py:588} INFO - Filling up the DagBag from /opt/airflow/projet/dags/dag_pipeline_cacao.py
[2026-08-27T17:50:08.194+0000] {processor.py:925} INFO - DAG(s) 'pipeline_cacao_ci' retrieved from /opt/airflow/projet/dags/dag_pipeline_cacao.py
[2026-08-27T17:50:08.220+0000] {logging_mixin.py:190} INFO - [2026-08-27T17:50:08.219+0000] {dag.py:3239} INFO - Sync 1 DAGs
[2026-08-27T17:50:08.230+0000] {logging_mixin.py:190} INFO - [2026-08-27T17:50:08.230+0000] {dag.py:4180} INFO - Setting next_dagrun for pipeline_cacao_ci to 2026-08-25 22:00:00+00:00, run_after=2026-08-26 22:00:00+00:00
[2026-08-27T17:50:08.237+0000] {processor.py:208} INFO - Processing /opt/airflow/projet/dags/dag_pipeline_cacao.py took 0.068 seconds
[2026-08-27T17:50:38.602+0000] {processor.py:186} INFO - Started process (PID=3606) to work on /opt/airflow/projet/dags/dag_pipeline_cacao.py
[2026-08-27T17:50:38.603+0000] {processor.py:914} INFO - Processing file /opt/airflow/projet/dags/dag_pipeline_cacao.py for tasks to queue
[2026-08-27T17:50:38.607+0000] {logging_mixin.py:190} INFO - [2026-08-27T17:50:38.607+0000] {dagbag.py:588} INFO - Filling up the DagBag from /opt/airflow/projet/dags/dag_pipeline_cacao.py
[2026-08-27T17:50:38.626+0000] {processor.py:925} INFO - DAG(s) 'pipeline_cacao_ci' retrieved from /opt/airflow/projet/dags/dag_pipeline_cacao.py
[2026-08-27T17:50:38.653+0000] {logging_mixin.py:190} INFO - [2026-08-27T17:50:38.653+0000] {dag.py:3239} INFO - Sync 1 DAGs
[2026-08-27T17:50:38.665+0000] {logging_mixin.py:190} INFO - [2026-08-27T17:50:38.665+0000] {dag.py:4180} INFO - Setting next_dagrun for pipeline_cacao_ci to 2026-08-25 22:00:00+00:00, run_after=2026-08-26 22:00:00+00:00
[2026-08-27T17:50:38.672+0000] {processor.py:208} INFO - Processing /opt/airflow/projet/dags/dag_pipeline_cacao.py took 0.078 seconds
[2026-08-27T17:51:08.994+0000] {processor.py:186} INFO - Started process (PID=3625) to work on /opt/airflow/projet/dags/dag_pipeline_cacao.py
[2026-08-27T17:51:08.995+0000] {processor.py:914} INFO - Processing file /opt/airflow/projet/dags/dag_pipeline_cacao.py for tasks to queue
[2026-08-27T17:51:08.997+0000] {logging_mixin.py:190} INFO - [2026-08-27T17:51:08.997+0000] {dagbag.py:588} INFO - Filling up the DagBag from /opt/airflow/projet/dags/dag_pipeline_cacao.py
[2026-08-27T17:51:09.015+0000] {processor.py:925} INFO - DAG(s) 'pipeline_cacao_ci' retrieved from /opt/airflow/projet/dags/dag_pipeline_cacao.py
[2026-08-27T17:51:09.044+0000] {logging_mixin.py:190} INFO - [2026-08-27T17:51:09.043+0000] {dag.py:3239} INFO - Sync 1 DAGs
[2026-08-27T17:51:09.054+0000] {logging_mixin.py:190} INFO - [2026-08-27T17:51:09.054+0000] {dag.py:4180} INFO - Setting next_dagrun for pipeline_cacao_ci to 2026-08-25 22:00:00+00:00, run_after=2026-08-26 22:00:00+00:00
[2026-08-27T17:51:09.061+0000] {processor.py:208} INFO - Processing /opt/airflow/projet/dags/dag_pipeline_cacao.py took 0.073 seconds
[2026-08-27T17:51:39.438+0000] {processor.py:186} INFO - Started process (PID=3644) to work on /opt/airflow/projet/dags/dag_pipeline_cacao.py
[2026-08-27T17:51:39.439+0000] {processor.py:914} INFO - Processing file /opt/airflow/projet/dags/dag_pipeline_cacao.py for tasks to queue
[2026-08-27T17:51:39.444+0000] {logging_mixin.py:190} INFO - [2026-08-27T17:51:39.444+0000] {dagbag.py:588} INFO - Filling up the DagBag from /opt/airflow/projet/dags/dag_pipeline_cacao.py
[2026-08-27T17:51:39.475+0000] {processor.py:925} INFO - DAG(s) 'pipeline_cacao_ci' retrieved from /opt/airflow/projet/dags/dag_pipeline_cacao.py
[2026-08-27T17:51:39.534+0000] {logging_mixin.py:190} INFO - [2026-08-27T17:51:39.534+0000] {dag.py:3239} INFO - Sync 1 DAGs
[2026-08-27T17:51:39.559+0000] {logging_mixin.py:190} INFO - [2026-08-27T17:51:39.559+0000] {dag.py:4180} INFO - Setting next_dagrun for pipeline_cacao_ci to 2026-08-25 22:00:00+00:00, run_after=2026-08-26 22:00:00+00:00
[2026-08-27T17:51:39.573+0000] {processor.py:208} INFO - Processing /opt/airflow/projet/dags/dag_pipeline_cacao.py took 0.143 seconds
[2026-08-27T17:52:09.884+0000] {processor.py:186} INFO - Started process (PID=3663) to work on /opt/airflow/projet/dags/dag_pipeline_cacao.py
[2026-08-27T17:52:09.885+0000] {processor.py:914} INFO - Processing file /opt/airflow/projet/dags/dag_pipeline_cacao.py for tasks to queue
[2026-08-27T17:52:09.890+0000] {logging_mixin.py:190} INFO - [2026-08-27T17:52:09.890+0000] {dagbag.py:588} INFO - Filling up the DagBag from /opt/airflow/projet/dags/dag_pipeline_cacao.py
[2026-08-27T17:52:09.915+0000] {processor.py:925} INFO - DAG(s) 'pipeline_cacao_ci' retrieved from /opt/airflow/projet/dags/dag_pipeline_cacao.py
[2026-08-27T17:52:09.940+0000] {logging_mixin.py:190} INFO - [2026-08-27T17:52:09.940+0000] {dag.py:3239} INFO - Sync 1 DAGs
[2026-08-27T17:52:09.952+0000] {logging_mixin.py:190} INFO - [2026-08-27T17:52:09.952+0000] {dag.py:4180} INFO - Setting next_dagrun for pipeline_cacao_ci to 2026-08-25 22:00:00+00:00, run_after=2026-08-26 22:00:00+00:00
[2026-08-27T17:52:09.962+0000] {processor.py:208} INFO - Processing /opt/airflow/projet/dags/dag_pipeline_cacao.py took 0.085 seconds
[2026-08-27T17:52:40.275+0000] {processor.py:186} INFO - Started process (PID=3682) to work on /opt/airflow/projet/dags/dag_pipeline_cacao.py
[2026-08-27T17:52:40.276+0000] {processor.py:914} INFO - Processing file /opt/airflow/projet/dags/dag_pipeline_cacao.py for tasks to queue
[2026-08-27T17:52:40.278+0000] {logging_mixin.py:190} INFO - [2026-08-27T17:52:40.277+0000] {dagbag.py:588} INFO - Filling up the DagBag from /opt/airflow/projet/dags/dag_pipeline_cacao.py
[2026-08-27T17:52:40.292+0000] {processor.py:925} INFO - DAG(s) 'pipeline_cacao_ci' retrieved from /opt/airflow/projet/dags/dag_pipeline_cacao.py
[2026-08-27T17:52:40.319+0000] {logging_mixin.py:190} INFO - [2026-08-27T17:52:40.319+0000] {dag.py:3239} INFO - Sync 1 DAGs
[2026-08-27T17:52:40.329+0000] {logging_mixin.py:190} INFO - [2026-08-27T17:52:40.329+0000] {dag.py:4180} INFO - Setting next_dagrun for pipeline_cacao_ci to 2026-08-25 22:00:00+00:00, run_after=2026-08-26 22:00:00+00:00
[2026-08-27T17:52:40.336+0000] {processor.py:208} INFO - Processing /opt/airflow/projet/dags/dag_pipeline_cacao.py took 0.066 seconds
[2026-08-27T17:53:10.691+0000] {processor.py:186} INFO - Started process (PID=3701) to work on /opt/airflow/projet/dags/dag_pipeline_cacao.py
[2026-08-27T17:53:10.691+0000] {processor.py:914} INFO - Processing file /opt/airflow/projet/dags/dag_pipeline_cacao.py for tasks to queue
[2026-08-27T17:53:10.693+0000] {logging_mixin.py:190} INFO - [2026-08-27T17:53:10.693+0000] {dagbag.py:588} INFO - Filling up the DagBag from /opt/airflow/projet/dags/dag_pipeline_cacao.py
[2026-08-27T17:53:10.707+0000] {processor.py:925} INFO - DAG(s) 'pipeline_cacao_ci' retrieved from /opt/airflow/projet/dags/dag_pipeline_cacao.py
[2026-08-27T17:53:10.732+0000] {logging_mixin.py:190} INFO - [2026-08-27T17:53:10.732+0000] {dag.py:3239} INFO - Sync 1 DAGs
[2026-08-27T17:53:10.746+0000] {logging_mixin.py:190} INFO - [2026-08-27T17:53:10.746+0000] {dag.py:4180} INFO - Setting next_dagrun for pipeline_cacao_ci to 2026-08-25 22:00:00+00:00, run_after=2026-08-26 22:00:00+00:00
[2026-08-27T17:53:10.756+0000] {processor.py:208} INFO - Processing /opt/airflow/projet/dags/dag_pipeline_cacao.py took 0.071 seconds
[2026-08-27T17:53:41.025+0000] {processor.py:186} INFO - Started process (PID=3720) to work on /opt/airflow/projet/dags/dag_pipeline_cacao.py
[2026-08-27T17:53:41.026+0000] {processor.py:914} INFO - Processing file /opt/airflow/projet/dags/dag_pipeline_cacao.py for tasks to queue
[2026-08-27T17:53:41.027+0000] {logging_mixin.py:190} INFO - [2026-08-27T17:53:41.027+0000] {dagbag.py:588} INFO - Filling up the DagBag from /opt/airflow/projet/dags/dag_pipeline_cacao.py
[2026-08-27T17:53:41.043+0000] {processor.py:925} INFO - DAG(s) 'pipeline_cacao_ci' retrieved from /opt/airflow/projet/dags/dag_pipeline_cacao.py
[2026-08-27T17:53:41.068+0000] {logging_mixin.py:190} INFO - [2026-08-27T17:53:41.068+0000] {dag.py:3239} INFO - Sync 1 DAGs
[2026-08-27T17:53:41.079+0000] {logging_mixin.py:190} INFO - [2026-08-27T17:53:41.079+0000] {dag.py:4180} INFO - Setting next_dagrun for pipeline_cacao_ci to 2026-08-25 22:00:00+00:00, run_after=2026-08-26 22:00:00+00:00
[2026-08-27T17:53:41.085+0000] {processor.py:208} INFO - Processing /opt/airflow/projet/dags/dag_pipeline_cacao.py took 0.065 seconds
[2026-08-27T17:54:11.431+0000] {processor.py:186} INFO - Started process (PID=3738) to work on /opt/airflow/projet/dags/dag_pipeline_cacao.py
[2026-08-27T17:54:11.432+0000] {processor.py:914} INFO - Processing file /opt/airflow/projet/dags/dag_pipeline_cacao.py for tasks to queue
[2026-08-27T17:54:11.434+0000] {logging_mixin.py:190} INFO - [2026-08-27T17:54:11.433+0000] {dagbag.py:588} INFO - Filling up the DagBag from /opt/airflow/projet/dags/dag_pipeline_cacao.py
[2026-08-27T17:54:11.448+0000] {processor.py:925} INFO - DAG(s) 'pipeline_cacao_ci' retrieved from /opt/airflow/projet/dags/dag_pipeline_cacao.py
[2026-08-27T17:54:11.471+0000] {logging_mixin.py:190} INFO - [2026-08-27T17:54:11.471+0000] {dag.py:3239} INFO - Sync 1 DAGs
[2026-08-27T17:54:11.481+0000] {logging_mixin.py:190} INFO - [2026-08-27T17:54:11.481+0000] {dag.py:4180} INFO - Setting next_dagrun for pipeline_cacao_ci to 2026-08-25 22:00:00+00:00, run_after=2026-08-26 22:00:00+00:00
[2026-08-27T17:54:11.488+0000] {processor.py:208} INFO - Processing /opt/airflow/projet/dags/dag_pipeline_cacao.py took 0.061 seconds
[2026-08-27T17:54:41.897+0000] {processor.py:186} INFO - Started process (PID=3749) to work on /opt/airflow/projet/dags/dag_pipeline_cacao.py
[2026-08-27T17:54:41.898+0000] {processor.py:914} INFO - Processing file /opt/airflow/projet/dags/dag_pipeline_cacao.py for tasks to queue
[2026-08-27T17:54:41.901+0000] {logging_mixin.py:190} INFO - [2026-08-27T17:54:41.901+0000] {dagbag.py:588} INFO - Filling up the DagBag from /opt/airflow/projet/dags/dag_pipeline_cacao.py
[2026-08-27T17:54:41.923+0000] {processor.py:925} INFO - DAG(s) 'pipeline_cacao_ci' retrieved from /opt/airflow/projet/dags/dag_pipeline_cacao.py
[2026-08-27T17:54:41.951+0000] {logging_mixin.py:190} INFO - [2026-08-27T17:54:41.951+0000] {dag.py:3239} INFO - Sync 1 DAGs
[2026-08-27T17:54:41.963+0000] {logging_mixin.py:190} INFO - [2026-08-27T17:54:41.963+0000] {dag.py:4180} INFO - Setting next_dagrun for pipeline_cacao_ci to 2026-08-25 22:00:00+00:00, run_after=2026-08-26 22:00:00+00:00
[2026-08-27T17:54:41.970+0000] {processor.py:208} INFO - Processing /opt/airflow/projet/dags/dag_pipeline_cacao.py took 0.083 seconds
[2026-08-27T17:55:12.326+0000] {processor.py:186} INFO - Started process (PID=3768) to work on /opt/airflow/projet/dags/dag_pipeline_cacao.py
[2026-08-27T17:55:12.327+0000] {processor.py:914} INFO - Processing file /opt/airflow/projet/dags/dag_pipeline_cacao.py for tasks to queue
[2026-08-27T17:55:12.329+0000] {logging_mixin.py:190} INFO - [2026-08-27T17:55:12.329+0000] {dagbag.py:588} INFO - Filling up the DagBag from /opt/airflow/projet/dags/dag_pipeline_cacao.py
[2026-08-27T17:55:12.342+0000] {processor.py:925} INFO - DAG(s) 'pipeline_cacao_ci' retrieved from /opt/airflow/projet/dags/dag_pipeline_cacao.py
[2026-08-27T17:55:12.371+0000] {logging_mixin.py:190} INFO - [2026-08-27T17:55:12.371+0000] {dag.py:3239} INFO - Sync 1 DAGs
[2026-08-27T17:55:12.381+0000] {logging_mixin.py:190} INFO - [2026-08-27T17:55:12.381+0000] {dag.py:4180} INFO - Setting next_dagrun for pipeline_cacao_ci to 2026-08-25 22:00:00+00:00, run_after=2026-08-26 22:00:00+00:00
[2026-08-27T17:55:12.388+0000] {processor.py:208} INFO - Processing /opt/airflow/projet/dags/dag_pipeline_cacao.py took 0.069 seconds
[2026-08-27T17:55:42.713+0000] {processor.py:186} INFO - Started process (PID=3787) to work on /opt/airflow/projet/dags/dag_pipeline_cacao.py
[2026-08-27T17:55:42.714+0000] {processor.py:914} INFO - Processing file /opt/airflow/projet/dags/dag_pipeline_cacao.py for tasks to queue
[2026-08-27T17:55:42.716+0000] {logging_mixin.py:190} INFO - [2026-08-27T17:55:42.715+0000] {dagbag.py:588} INFO - Filling up the DagBag from /opt/airflow/projet/dags/dag_pipeline_cacao.py
[2026-08-27T17:55:42.729+0000] {processor.py:925} INFO - DAG(s) 'pipeline_cacao_ci' retrieved from /opt/airflow/projet/dags/dag_pipeline_cacao.py
[2026-08-27T17:55:42.756+0000] {logging_mixin.py:190} INFO - [2026-08-27T17:55:42.756+0000] {dag.py:3239} INFO - Sync 1 DAGs
[2026-08-27T17:55:42.767+0000] {logging_mixin.py:190} INFO - [2026-08-27T17:55:42.767+0000] {dag.py:4180} INFO - Setting next_dagrun for pipeline_cacao_ci to 2026-08-25 22:00:00+00:00, run_after=2026-08-26 22:00:00+00:00
[2026-08-27T17:55:42.773+0000] {processor.py:208} INFO - Processing /opt/airflow/projet/dags/dag_pipeline_cacao.py took 0.066 seconds
[2026-08-27T17:56:13.092+0000] {processor.py:186} INFO - Started process (PID=3806) to work on /opt/airflow/projet/dags/dag_pipeline_cacao.py
[2026-08-27T17:56:13.093+0000] {processor.py:914} INFO - Processing file /opt/airflow/projet/dags/dag_pipeline_cacao.py for tasks to queue
[2026-08-27T17:56:13.095+0000] {logging_mixin.py:190} INFO - [2026-08-27T17:56:13.094+0000] {dagbag.py:588} INFO - Filling up the DagBag from /opt/airflow/projet/dags/dag_pipeline_cacao.py
[2026-08-27T17:56:13.107+0000] {processor.py:925} INFO - DAG(s) 'pipeline_cacao_ci' retrieved from /opt/airflow/projet/dags/dag_pipeline_cacao.py
[2026-08-27T17:56:13.137+0000] {logging_mixin.py:190} INFO - [2026-08-27T17:56:13.136+0000] {dag.py:3239} INFO - Sync 1 DAGs
[2026-08-27T17:56:13.147+0000] {logging_mixin.py:190} INFO - [2026-08-27T17:56:13.147+0000] {dag.py:4180} INFO - Setting next_dagrun for pipeline_cacao_ci to 2026-08-25 22:00:00+00:00, run_after=2026-08-26 22:00:00+00:00
[2026-08-27T17:56:13.154+0000] {processor.py:208} INFO - Processing /opt/airflow/projet/dags/dag_pipeline_cacao.py took 0.067 seconds
[2026-08-27T17:56:43.517+0000] {processor.py:186} INFO - Started process (PID=3825) to work on /opt/airflow/projet/dags/dag_pipeline_cacao.py
[2026-08-27T17:56:43.518+0000] {processor.py:914} INFO - Processing file /opt/airflow/projet/dags/dag_pipeline_cacao.py for tasks to queue
[2026-08-27T17:56:43.520+0000] {logging_mixin.py:190} INFO - [2026-08-27T17:56:43.520+0000] {dagbag.py:588} INFO - Filling up the DagBag from /opt/airflow/projet/dags/dag_pipeline_cacao.py
[2026-08-27T17:56:43.537+0000] {processor.py:925} INFO - DAG(s) 'pipeline_cacao_ci' retrieved from /opt/airflow/projet/dags/dag_pipeline_cacao.py
[2026-08-27T17:56:43.566+0000] {logging_mixin.py:190} INFO - [2026-08-27T17:56:43.566+0000] {dag.py:3239} INFO - Sync 1 DAGs
[2026-08-27T17:56:43.578+0000] {logging_mixin.py:190} INFO - [2026-08-27T17:56:43.578+0000] {dag.py:4180} INFO - Setting next_dagrun for pipeline_cacao_ci to 2026-08-25 22:00:00+00:00, run_after=2026-08-26 22:00:00+00:00
[2026-08-27T17:56:43.585+0000] {processor.py:208} INFO - Processing /opt/airflow/projet/dags/dag_pipeline_cacao.py took 0.075 seconds
[2026-08-27T17:57:13.841+0000] {processor.py:186} INFO - Started process (PID=3844) to work on /opt/airflow/projet/dags/dag_pipeline_cacao.py
[2026-08-27T17:57:13.842+0000] {processor.py:914} INFO - Processing file /opt/airflow/projet/dags/dag_pipeline_cacao.py for tasks to queue
[2026-08-27T17:57:13.845+0000] {logging_mixin.py:190} INFO - [2026-08-27T17:57:13.845+0000] {dagbag.py:588} INFO - Filling up the DagBag from /opt/airflow/projet/dags/dag_pipeline_cacao.py
[2026-08-27T17:57:13.863+0000] {processor.py:925} INFO - DAG(s) 'pipeline_cacao_ci' retrieved from /opt/airflow/projet/dags/dag_pipeline_cacao.py
[2026-08-27T17:57:13.889+0000] {logging_mixin.py:190} INFO - [2026-08-27T17:57:13.889+0000] {dag.py:3239} INFO - Sync 1 DAGs
[2026-08-27T17:57:13.901+0000] {logging_mixin.py:190} INFO - [2026-08-27T17:57:13.901+0000] {dag.py:4180} INFO - Setting next_dagrun for pipeline_cacao_ci to 2026-08-25 22:00:00+00:00, run_after=2026-08-26 22:00:00+00:00
[2026-08-27T17:57:13.908+0000] {processor.py:208} INFO - Processing /opt/airflow/projet/dags/dag_pipeline_cacao.py took 0.075 seconds
[2026-08-27T17:57:44.266+0000] {processor.py:186} INFO - Started process (PID=3863) to work on /opt/airflow/projet/dags/dag_pipeline_cacao.py
[2026-08-27T17:57:44.267+0000] {processor.py:914} INFO - Processing file /opt/airflow/projet/dags/dag_pipeline_cacao.py for tasks to queue
[2026-08-27T17:57:44.269+0000] {logging_mixin.py:190} INFO - [2026-08-27T17:57:44.269+0000] {dagbag.py:588} INFO - Filling up the DagBag from /opt/airflow/projet/dags/dag_pipeline_cacao.py
[2026-08-27T17:57:44.285+0000] {processor.py:925} INFO - DAG(s) 'pipeline_cacao_ci' retrieved from /opt/airflow/projet/dags/dag_pipeline_cacao.py
[2026-08-27T17:57:44.310+0000] {logging_mixin.py:190} INFO - [2026-08-27T17:57:44.310+0000] {dag.py:3239} INFO - Sync 1 DAGs
[2026-08-27T17:57:44.321+0000] {logging_mixin.py:190} INFO - [2026-08-27T17:57:44.321+0000] {dag.py:4180} INFO - Setting next_dagrun for pipeline_cacao_ci to 2026-08-25 22:00:00+00:00, run_after=2026-08-26 22:00:00+00:00
[2026-08-27T17:57:44.328+0000] {processor.py:208} INFO - Processing /opt/airflow/projet/dags/dag_pipeline_cacao.py took 0.069 seconds
[2026-08-27T17:58:14.680+0000] {processor.py:186} INFO - Started process (PID=3882) to work on /opt/airflow/projet/dags/dag_pipeline_cacao.py
[2026-08-27T17:58:14.681+0000] {processor.py:914} INFO - Processing file /opt/airflow/projet/dags/dag_pipeline_cacao.py for tasks to queue
[2026-08-27T17:58:14.684+0000] {logging_mixin.py:190} INFO - [2026-08-27T17:58:14.684+0000] {dagbag.py:588} INFO - Filling up the DagBag from /opt/airflow/projet/dags/dag_pipeline_cacao.py
[2026-08-27T17:58:14.705+0000] {processor.py:925} INFO - DAG(s) 'pipeline_cacao_ci' retrieved from /opt/airflow/projet/dags/dag_pipeline_cacao.py
[2026-08-27T17:58:14.733+0000] {logging_mixin.py:190} INFO - [2026-08-27T17:58:14.733+0000] {dag.py:3239} INFO - Sync 1 DAGs
[2026-08-27T17:58:14.743+0000] {logging_mixin.py:190} INFO - [2026-08-27T17:58:14.743+0000] {dag.py:4180} INFO - Setting next_dagrun for pipeline_cacao_ci to 2026-08-25 22:00:00+00:00, run_after=2026-08-26 22:00:00+00:00
[2026-08-27T17:58:14.750+0000] {processor.py:208} INFO - Processing /opt/airflow/projet/dags/dag_pipeline_cacao.py took 0.078 seconds
[2026-08-27T17:58:45.039+0000] {processor.py:186} INFO - Started process (PID=3901) to work on /opt/airflow/projet/dags/dag_pipeline_cacao.py
[2026-08-27T17:58:45.039+0000] {processor.py:914} INFO - Processing file /opt/airflow/projet/dags/dag_pipeline_cacao.py for tasks to queue
[2026-08-27T17:58:45.041+0000] {logging_mixin.py:190} INFO - [2026-08-27T17:58:45.041+0000] {dagbag.py:588} INFO - Filling up the DagBag from /opt/airflow/projet/dags/dag_pipeline_cacao.py
[2026-08-27T17:58:45.056+0000] {processor.py:925} INFO - DAG(s) 'pipeline_cacao_ci' retrieved from /opt/airflow/projet/dags/dag_pipeline_cacao.py
[2026-08-27T17:58:45.082+0000] {logging_mixin.py:190} INFO - [2026-08-27T17:58:45.082+0000] {dag.py:3239} INFO - Sync 1 DAGs
[2026-08-27T17:58:45.092+0000] {logging_mixin.py:190} INFO - [2026-08-27T17:58:45.092+0000] {dag.py:4180} INFO - Setting next_dagrun for pipeline_cacao_ci to 2026-08-25 22:00:00+00:00, run_after=2026-08-26 22:00:00+00:00
[2026-08-27T17:58:45.099+0000] {processor.py:208} INFO - Processing /opt/airflow/projet/dags/dag_pipeline_cacao.py took 0.066 seconds
[2026-08-27T17:59:15.447+0000] {processor.py:186} INFO - Started process (PID=3920) to work on /opt/airflow/projet/dags/dag_pipeline_cacao.py
[2026-08-27T17:59:15.447+0000] {processor.py:914} INFO - Processing file /opt/airflow/projet/dags/dag_pipeline_cacao.py for tasks to queue
[2026-08-27T17:59:15.449+0000] {logging_mixin.py:190} INFO - [2026-08-27T17:59:15.449+0000] {dagbag.py:588} INFO - Filling up the DagBag from /opt/airflow/projet/dags/dag_pipeline_cacao.py
[2026-08-27T17:59:15.465+0000] {processor.py:925} INFO - DAG(s) 'pipeline_cacao_ci' retrieved from /opt/airflow/projet/dags/dag_pipeline_cacao.py
[2026-08-27T17:59:15.492+0000] {logging_mixin.py:190} INFO - [2026-08-27T17:59:15.492+0000] {dag.py:3239} INFO - Sync 1 DAGs
[2026-08-27T17:59:15.502+0000] {logging_mixin.py:190} INFO - [2026-08-27T17:59:15.502+0000] {dag.py:4180} INFO - Setting next_dagrun for pipeline_cacao_ci to 2026-08-25 22:00:00+00:00, run_after=2026-08-26 22:00:00+00:00
[2026-08-27T17:59:15.509+0000] {processor.py:208} INFO - Processing /opt/airflow/projet/dags/dag_pipeline_cacao.py took 0.068 seconds
[2026-08-27T17:59:45.777+0000] {processor.py:186} INFO - Started process (PID=3939) to work on /opt/airflow/projet/dags/dag_pipeline_cacao.py
[2026-08-27T17:59:45.778+0000] {processor.py:914} INFO - Processing file /opt/airflow/projet/dags/dag_pipeline_cacao.py for tasks to queue
[2026-08-27T17:59:45.780+0000] {logging_mixin.py:190} INFO - [2026-08-27T17:59:45.780+0000] {dagbag.py:588} INFO - Filling up the DagBag from /opt/airflow/projet/dags/dag_pipeline_cacao.py
[2026-08-27T17:59:45.794+0000] {processor.py:925} INFO - DAG(s) 'pipeline_cacao_ci' retrieved from /opt/airflow/projet/dags/dag_pipeline_cacao.py
[2026-08-27T17:59:45.820+0000] {logging_mixin.py:190} INFO - [2026-08-27T17:59:45.820+0000] {dag.py:3239} INFO - Sync 1 DAGs
[2026-08-27T17:59:45.833+0000] {logging_mixin.py:190} INFO - [2026-08-27T17:59:45.833+0000] {dag.py:4180} INFO - Setting next_dagrun for pipeline_cacao_ci to 2026-08-25 22:00:00+00:00, run_after=2026-08-26 22:00:00+00:00
[2026-08-27T17:59:45.840+0000] {processor.py:208} INFO - Processing /opt/airflow/projet/dags/dag_pipeline_cacao.py took 0.068 seconds
[2026-08-27T18:00:16.240+0000] {processor.py:186} INFO - Started process (PID=3958) to work on /opt/airflow/projet/dags/dag_pipeline_cacao.py
[2026-08-27T18:00:16.241+0000] {processor.py:914} INFO - Processing file /opt/airflow/projet/dags/dag_pipeline_cacao.py for tasks to queue
[2026-08-27T18:00:16.243+0000] {logging_mixin.py:190} INFO - [2026-08-27T18:00:16.243+0000] {dagbag.py:588} INFO - Filling up the DagBag from /opt/airflow/projet/dags/dag_pipeline_cacao.py
[2026-08-27T18:00:16.259+0000] {processor.py:925} INFO - DAG(s) 'pipeline_cacao_ci' retrieved from /opt/airflow/projet/dags/dag_pipeline_cacao.py
[2026-08-27T18:00:16.285+0000] {logging_mixin.py:190} INFO - [2026-08-27T18:00:16.285+0000] {dag.py:3239} INFO - Sync 1 DAGs
[2026-08-27T18:00:16.296+0000] {logging_mixin.py:190} INFO - [2026-08-27T18:00:16.295+0000] {dag.py:4180} INFO - Setting next_dagrun for pipeline_cacao_ci to 2026-08-25 22:00:00+00:00, run_after=2026-08-26 22:00:00+00:00
[2026-08-27T18:00:16.302+0000] {processor.py:208} INFO - Processing /opt/airflow/projet/dags/dag_pipeline_cacao.py took 0.069 seconds
[2026-08-27T18:00:46.692+0000] {processor.py:186} INFO - Started process (PID=3977) to work on /opt/airflow/projet/dags/dag_pipeline_cacao.py
[2026-08-27T18:00:46.693+0000] {processor.py:914} INFO - Processing file /opt/airflow/projet/dags/dag_pipeline_cacao.py for tasks to queue
[2026-08-27T18:00:46.695+0000] {logging_mixin.py:190} INFO - [2026-08-27T18:00:46.695+0000] {dagbag.py:588} INFO - Filling up the DagBag from /opt/airflow/projet/dags/dag_pipeline_cacao.py
[2026-08-27T18:00:46.713+0000] {processor.py:925} INFO - DAG(s) 'pipeline_cacao_ci' retrieved from /opt/airflow/projet/dags/dag_pipeline_cacao.py
[2026-08-27T18:00:46.741+0000] {logging_mixin.py:190} INFO - [2026-08-27T18:00:46.740+0000] {dag.py:3239} INFO - Sync 1 DAGs
[2026-08-27T18:00:46.751+0000] {logging_mixin.py:190} INFO - [2026-08-27T18:00:46.751+0000] {dag.py:4180} INFO - Setting next_dagrun for pipeline_cacao_ci to 2026-08-25 22:00:00+00:00, run_after=2026-08-26 22:00:00+00:00
[2026-08-27T18:00:46.758+0000] {processor.py:208} INFO - Processing /opt/airflow/projet/dags/dag_pipeline_cacao.py took 0.074 seconds
