[2026-08-27T15:47:58.476+0000] {manager.py:483} INFO - Processing files using up to 2 processes at a time 
[2026-08-27T15:47:58.477+0000] {manager.py:484} INFO - Process each file at most once every 30 seconds
[2026-08-27T15:47:58.477+0000] {manager.py:485} INFO - Checking for new files in /opt/airflow/projet/dags every 300 seconds
[2026-08-27T15:47:58.477+0000] {manager.py:821} INFO - Searching for files in /opt/airflow/projet/dags
[2026-08-27T15:47:58.478+0000] {manager.py:824} INFO - There are 2 files in /opt/airflow/projet/dags
[2026-08-27T15:47:58.515+0000] {manager.py:997} INFO - 
================================================================================
DAG File Processing Stats

File Path                                         PID  Runtime      # DAGs    # Errors  Last Runtime    Last Run      Last # of DB Queries
----------------------------------------------  -----  ---------  --------  ----------  --------------  ----------  ----------------------
/opt/airflow/projet/dags/dag_pipeline_cacao.py    179  0.01s             0           0                                                   0
/opt/airflow/projet/dags/callbacks.py             182  0.01s             0           0                                                   0
================================================================================
[2026-08-27T15:48:28.791+0000] {manager.py:997} INFO - 
================================================================================
DAG File Processing Stats

File Path                                         PID  Runtime      # DAGs    # Errors  Last Runtime    Last Run               Last # of DB Queries
----------------------------------------------  -----  ---------  --------  ----------  --------------  -------------------  ----------------------
/opt/airflow/projet/dags/dag_pipeline_cacao.py    198  0.01s             1           0  0.22s           2026-08-27T15:47:58                      45
/opt/airflow/projet/dags/callbacks.py             201  0.00s             0           0  0.03s           2026-08-27T15:47:58                       3
================================================================================
[2026-08-27T15:48:59.136+0000] {manager.py:997} INFO - 
================================================================================
DAG File Processing Stats

File Path                                         PID  Runtime      # DAGs    # Errors  Last Runtime    Last Run               Last # of DB Queries
----------------------------------------------  -----  ---------  --------  ----------  --------------  -------------------  ----------------------
/opt/airflow/projet/dags/dag_pipeline_cacao.py    217  0.01s             1           0  0.10s           2026-08-27T15:48:28                      12
/opt/airflow/projet/dags/callbacks.py             220  0.00s             0           0  0.05s           2026-08-27T15:48:28                       3
================================================================================
[2026-08-27T15:49:29.515+0000] {manager.py:997} INFO - 
================================================================================
DAG File Processing Stats

File Path                                         PID  Runtime      # DAGs    # Errors  Last Runtime    Last Run               Last # of DB Queries
----------------------------------------------  -----  ---------  --------  ----------  --------------  -------------------  ----------------------
/opt/airflow/projet/dags/dag_pipeline_cacao.py    236  0.02s             1           0  0.09s           2026-08-27T15:48:59                      12
/opt/airflow/projet/dags/callbacks.py             239  0.01s             0           0  0.04s           2026-08-27T15:48:59                       3
================================================================================
[2026-08-27T15:49:59.934+0000] {manager.py:997} INFO - 
================================================================================
DAG File Processing Stats

File Path                                         PID  Runtime      # DAGs    # Errors  Last Runtime    Last Run               Last # of DB Queries
----------------------------------------------  -----  ---------  --------  ----------  --------------  -------------------  ----------------------
/opt/airflow/projet/dags/dag_pipeline_cacao.py    255  0.01s             1           0  0.37s           2026-08-27T15:49:29                      12
/opt/airflow/projet/dags/callbacks.py             258  0.00s             0           0  0.05s           2026-08-27T15:49:29                       3
================================================================================
[2026-08-27T15:50:30.333+0000] {manager.py:997} INFO - 
================================================================================
DAG File Processing Stats

File Path                                         PID  Runtime      # DAGs    # Errors  Last Runtime    Last Run               Last # of DB Queries
----------------------------------------------  -----  ---------  --------  ----------  --------------  -------------------  ----------------------
/opt/airflow/projet/dags/dag_pipeline_cacao.py    274  0.01s             1           0  0.20s           2026-08-27T15:50:00                      12
/opt/airflow/projet/dags/callbacks.py             277  0.00s             0           0  0.04s           2026-08-27T15:49:59                       3
================================================================================
[2026-08-27T15:51:00.756+0000] {manager.py:997} INFO - 
================================================================================
DAG File Processing Stats

File Path                                         PID  Runtime      # DAGs    # Errors  Last Runtime    Last Run               Last # of DB Queries
----------------------------------------------  -----  ---------  --------  ----------  --------------  -------------------  ----------------------
/opt/airflow/projet/dags/dag_pipeline_cacao.py    293  0.01s             1           0  0.15s           2026-08-27T15:50:30                      12
/opt/airflow/projet/dags/callbacks.py             295  0.00s             0           0  0.04s           2026-08-27T15:50:30                       3
================================================================================
[2026-08-27T15:51:31.162+0000] {manager.py:997} INFO - 
================================================================================
DAG File Processing Stats

File Path                                         PID  Runtime      # DAGs    # Errors  Last Runtime    Last Run               Last # of DB Queries
----------------------------------------------  -----  ---------  --------  ----------  --------------  -------------------  ----------------------
/opt/airflow/projet/dags/dag_pipeline_cacao.py    312  0.01s             1           0  0.10s           2026-08-27T15:51:00                      12
/opt/airflow/projet/dags/callbacks.py             315  0.00s             0           0  0.05s           2026-08-27T15:51:00                       3
================================================================================
[2026-08-27T15:52:01.492+0000] {manager.py:997} INFO - 
================================================================================
DAG File Processing Stats

File Path                                         PID  Runtime      # DAGs    # Errors  Last Runtime    Last Run               Last # of DB Queries
----------------------------------------------  -----  ---------  --------  ----------  --------------  -------------------  ----------------------
/opt/airflow/projet/dags/dag_pipeline_cacao.py    331  0.01s             1           0  0.18s           2026-08-27T15:51:31                      12
/opt/airflow/projet/dags/callbacks.py             334  0.00s             0           0  0.04s           2026-08-27T15:51:31                       3
================================================================================
[2026-08-27T15:52:31.927+0000] {manager.py:997} INFO - 
================================================================================
DAG File Processing Stats

File Path                                         PID  Runtime      # DAGs    # Errors  Last Runtime    Last Run               Last # of DB Queries
----------------------------------------------  -----  ---------  --------  ----------  --------------  -------------------  ----------------------
/opt/airflow/projet/dags/dag_pipeline_cacao.py    350  0.01s             1           0  0.14s           2026-08-27T15:52:01                      12
/opt/airflow/projet/dags/callbacks.py             353  0.00s             0           0  0.04s           2026-08-27T15:52:01                       3
================================================================================
[2026-08-27T15:52:59.291+0000] {manager.py:821} INFO - Searching for files in /opt/airflow/projet/dags
[2026-08-27T15:52:59.299+0000] {manager.py:824} INFO - There are 2 files in /opt/airflow/projet/dags
[2026-08-27T15:53:02.490+0000] {manager.py:997} INFO - 
================================================================================
DAG File Processing Stats

File Path                                         PID  Runtime      # DAGs    # Errors  Last Runtime    Last Run               Last # of DB Queries
----------------------------------------------  -----  ---------  --------  ----------  --------------  -------------------  ----------------------
/opt/airflow/projet/dags/dag_pipeline_cacao.py    369  0.01s             1           0  0.16s           2026-08-27T15:52:32                      12
/opt/airflow/projet/dags/callbacks.py             372  0.00s             0           0  0.04s           2026-08-27T15:52:31                       3
================================================================================
[2026-08-27T15:53:32.904+0000] {manager.py:997} INFO - 
================================================================================
DAG File Processing Stats

File Path                                         PID  Runtime      # DAGs    # Errors  Last Runtime    Last Run               Last # of DB Queries
----------------------------------------------  -----  ---------  --------  ----------  --------------  -------------------  ----------------------
/opt/airflow/projet/dags/dag_pipeline_cacao.py    388  0.02s             1           0  0.08s           2026-08-27T15:53:02                      12
/opt/airflow/projet/dags/callbacks.py             391  0.00s             0           0  0.04s           2026-08-27T15:53:02                       3
================================================================================
[2026-08-27T15:54:03.314+0000] {manager.py:997} INFO - 
================================================================================
DAG File Processing Stats

File Path                                         PID  Runtime      # DAGs    # Errors  Last Runtime    Last Run               Last # of DB Queries
----------------------------------------------  -----  ---------  --------  ----------  --------------  -------------------  ----------------------
/opt/airflow/projet/dags/dag_pipeline_cacao.py    407  0.01s             1           0  0.09s           2026-08-27T15:53:32                      12
/opt/airflow/projet/dags/callbacks.py             410  0.00s             0           0  0.04s           2026-08-27T15:53:32                       3
================================================================================
[2026-08-27T15:54:33.674+0000] {manager.py:997} INFO - 
================================================================================
DAG File Processing Stats

File Path                                         PID  Runtime      # DAGs    # Errors  Last Runtime    Last Run               Last # of DB Queries
----------------------------------------------  -----  ---------  --------  ----------  --------------  -------------------  ----------------------
/opt/airflow/projet/dags/dag_pipeline_cacao.py    425  0.01s             1           0  0.09s           2026-08-27T15:54:03                      12
/opt/airflow/projet/dags/callbacks.py             428  0.00s             0           0  0.04s           2026-08-27T15:54:03                       3
================================================================================
[2026-08-27T15:55:04.080+0000] {manager.py:997} INFO - 
================================================================================
DAG File Processing Stats

File Path                                         PID  Runtime      # DAGs    # Errors  Last Runtime    Last Run               Last # of DB Queries
----------------------------------------------  -----  ---------  --------  ----------  --------------  -------------------  ----------------------
/opt/airflow/projet/dags/dag_pipeline_cacao.py    436  0.02s             1           0  0.09s           2026-08-27T15:54:33                      12
/opt/airflow/projet/dags/callbacks.py             439  0.00s             0           0  0.04s           2026-08-27T15:54:33                       3
================================================================================
[2026-08-27T15:55:34.520+0000] {manager.py:997} INFO - 
================================================================================
DAG File Processing Stats

File Path                                         PID  Runtime      # DAGs    # Errors  Last Runtime    Last Run               Last # of DB Queries
----------------------------------------------  -----  ---------  --------  ----------  --------------  -------------------  ----------------------
/opt/airflow/projet/dags/dag_pipeline_cacao.py    455  0.02s             1           0  0.09s           2026-08-27T15:55:04                      12
/opt/airflow/projet/dags/callbacks.py             458  0.01s             0           0  0.04s           2026-08-27T15:55:04                       3
================================================================================
[2026-08-27T15:56:04.962+0000] {manager.py:997} INFO - 
================================================================================
DAG File Processing Stats

File Path                                         PID  Runtime      # DAGs    # Errors  Last Runtime    Last Run               Last # of DB Queries
----------------------------------------------  -----  ---------  --------  ----------  --------------  -------------------  ----------------------
/opt/airflow/projet/dags/dag_pipeline_cacao.py    474  0.02s             1           0  0.10s           2026-08-27T15:55:34                      12
/opt/airflow/projet/dags/callbacks.py             477  0.01s             0           0  0.05s           2026-08-27T15:55:34                       3
================================================================================
[2026-08-27T15:56:35.373+0000] {manager.py:997} INFO - 
================================================================================
DAG File Processing Stats

File Path                                         PID  Runtime      # DAGs    # Errors  Last Runtime    Last Run               Last # of DB Queries
----------------------------------------------  -----  ---------  --------  ----------  --------------  -------------------  ----------------------
/opt/airflow/projet/dags/dag_pipeline_cacao.py    493  0.01s             1           0  0.16s           2026-08-27T15:56:05                      12
/opt/airflow/projet/dags/callbacks.py             496  0.00s             0           0  0.07s           2026-08-27T15:56:05                       3
================================================================================
[2026-08-27T15:57:05.797+0000] {manager.py:997} INFO - 
================================================================================
DAG File Processing Stats

File Path                                         PID  Runtime      # DAGs    # Errors  Last Runtime    Last Run               Last # of DB Queries
----------------------------------------------  -----  ---------  --------  ----------  --------------  -------------------  ----------------------
/opt/airflow/projet/dags/dag_pipeline_cacao.py    512  0.01s             1           0  0.09s           2026-08-27T15:56:35                      12
/opt/airflow/projet/dags/callbacks.py             515  0.00s             0           0  0.04s           2026-08-27T15:56:35                       3
================================================================================
[2026-08-27T15:57:36.195+0000] {manager.py:997} INFO - 
================================================================================
DAG File Processing Stats

File Path                                         PID  Runtime      # DAGs    # Errors  Last Runtime    Last Run               Last # of DB Queries
----------------------------------------------  -----  ---------  --------  ----------  --------------  -------------------  ----------------------
/opt/airflow/projet/dags/dag_pipeline_cacao.py    531  0.02s             1           0  0.09s           2026-08-27T15:57:05                      12
/opt/airflow/projet/dags/callbacks.py             534  0.00s             0           0  0.04s           2026-08-27T15:57:05                       3
================================================================================
[2026-08-27T15:57:59.493+0000] {manager.py:821} INFO - Searching for files in /opt/airflow/projet/dags
[2026-08-27T15:57:59.497+0000] {manager.py:824} INFO - There are 2 files in /opt/airflow/projet/dags
[2026-08-27T15:58:06.616+0000] {manager.py:997} INFO - 
================================================================================
DAG File Processing Stats

File Path                                         PID  Runtime      # DAGs    # Errors  Last Runtime    Last Run               Last # of DB Queries
----------------------------------------------  -----  ---------  --------  ----------  --------------  -------------------  ----------------------
/opt/airflow/projet/dags/dag_pipeline_cacao.py    550  0.02s             1           0  0.10s           2026-08-27T15:57:36                      12
/opt/airflow/projet/dags/callbacks.py             553  0.00s             0           0  0.05s           2026-08-27T15:57:36                       3
================================================================================
[2026-08-27T15:58:37.051+0000] {manager.py:997} INFO - 
================================================================================
DAG File Processing Stats

File Path                                         PID  Runtime      # DAGs    # Errors  Last Runtime    Last Run               Last # of DB Queries
----------------------------------------------  -----  ---------  --------  ----------  --------------  -------------------  ----------------------
/opt/airflow/projet/dags/dag_pipeline_cacao.py    569  0.02s             1           0  0.10s           2026-08-27T15:58:06                      12
/opt/airflow/projet/dags/callbacks.py             572  0.01s             0           0  0.04s           2026-08-27T15:58:06                       3
================================================================================
[2026-08-27T15:59:07.489+0000] {manager.py:997} INFO - 
================================================================================
DAG File Processing Stats

File Path                                         PID  Runtime      # DAGs    # Errors  Last Runtime    Last Run               Last # of DB Queries
----------------------------------------------  -----  ---------  --------  ----------  --------------  -------------------  ----------------------
/opt/airflow/projet/dags/dag_pipeline_cacao.py    588  0.02s             1           0  0.09s           2026-08-27T15:58:37                      12
/opt/airflow/projet/dags/callbacks.py             591  0.00s             0           0  0.04s           2026-08-27T15:58:37                       3
================================================================================
[2026-08-27T15:59:37.901+0000] {manager.py:997} INFO - 
================================================================================
DAG File Processing Stats

File Path                                         PID  Runtime      # DAGs    # Errors  Last Runtime    Last Run               Last # of DB Queries
----------------------------------------------  -----  ---------  --------  ----------  --------------  -------------------  ----------------------
/opt/airflow/projet/dags/dag_pipeline_cacao.py    607  0.01s             1           0  0.10s           2026-08-27T15:59:07                      12
/opt/airflow/projet/dags/callbacks.py             610  0.00s             0           0  0.04s           2026-08-27T15:59:07                       3
================================================================================
[2026-08-27T16:00:08.314+0000] {manager.py:997} INFO - 
================================================================================
DAG File Processing Stats

File Path                                         PID  Runtime      # DAGs    # Errors  Last Runtime    Last Run               Last # of DB Queries
----------------------------------------------  -----  ---------  --------  ----------  --------------  -------------------  ----------------------
/opt/airflow/projet/dags/dag_pipeline_cacao.py    626  0.01s             1           0  0.08s           2026-08-27T15:59:37                      12
/opt/airflow/projet/dags/callbacks.py             629  0.00s             0           0  0.04s           2026-08-27T15:59:37                       3
================================================================================
[2026-08-27T16:00:38.692+0000] {manager.py:997} INFO - 
================================================================================
DAG File Processing Stats

File Path                                         PID  Runtime      # DAGs    # Errors  Last Runtime    Last Run               Last # of DB Queries
----------------------------------------------  -----  ---------  --------  ----------  --------------  -------------------  ----------------------
/opt/airflow/projet/dags/dag_pipeline_cacao.py    645  0.02s             1           0  0.09s           2026-08-27T16:00:08                      12
/opt/airflow/projet/dags/callbacks.py             648  0.00s             0           0  0.04s           2026-08-27T16:00:08                       3
================================================================================
[2026-08-27T16:01:09.123+0000] {manager.py:997} INFO - 
================================================================================
DAG File Processing Stats

File Path                                         PID  Runtime      # DAGs    # Errors  Last Runtime    Last Run               Last # of DB Queries
----------------------------------------------  -----  ---------  --------  ----------  --------------  -------------------  ----------------------
/opt/airflow/projet/dags/dag_pipeline_cacao.py    664  0.01s             1           0  0.10s           2026-08-27T16:00:38                      12
/opt/airflow/projet/dags/callbacks.py             667  0.00s             0           0  0.04s           2026-08-27T16:00:38                       3
================================================================================
[2026-08-27T16:01:39.530+0000] {manager.py:997} INFO - 
================================================================================
DAG File Processing Stats

File Path                                         PID  Runtime      # DAGs    # Errors  Last Runtime    Last Run               Last # of DB Queries
----------------------------------------------  -----  ---------  --------  ----------  --------------  -------------------  ----------------------
/opt/airflow/projet/dags/dag_pipeline_cacao.py    683  0.01s             1           0  0.09s           2026-08-27T16:01:09                      12
/opt/airflow/projet/dags/callbacks.py             686  0.00s             0           0  0.04s           2026-08-27T16:01:09                       3
================================================================================
[2026-08-27T16:02:09.909+0000] {manager.py:997} INFO - 
================================================================================
DAG File Processing Stats

File Path                                         PID  Runtime      # DAGs    # Errors  Last Runtime    Last Run               Last # of DB Queries
----------------------------------------------  -----  ---------  --------  ----------  --------------  -------------------  ----------------------
/opt/airflow/projet/dags/dag_pipeline_cacao.py    701  0.01s             1           0  0.09s           2026-08-27T16:01:39                      12
/opt/airflow/projet/dags/callbacks.py             704  0.00s             0           0  0.04s           2026-08-27T16:01:39                       3
================================================================================
[2026-08-27T16:02:40.332+0000] {manager.py:997} INFO - 
================================================================================
DAG File Processing Stats

File Path                                         PID  Runtime      # DAGs    # Errors  Last Runtime    Last Run               Last # of DB Queries
----------------------------------------------  -----  ---------  --------  ----------  --------------  -------------------  ----------------------
/opt/airflow/projet/dags/dag_pipeline_cacao.py    712  0.01s             1           0  0.09s           2026-08-27T16:02:09                      12
/opt/airflow/projet/dags/callbacks.py             715  0.00s             0           0  0.04s           2026-08-27T16:02:09                       3
================================================================================
[2026-08-27T16:03:17.507+0000] {manager.py:821} INFO - Searching for files in /opt/airflow/projet/dags
[2026-08-27T16:03:17.513+0000] {manager.py:824} INFO - There are 2 files in /opt/airflow/projet/dags
[2026-08-27T16:03:28.769+0000] {manager.py:997} INFO - 
================================================================================
DAG File Processing Stats

File Path                                       PID    Runtime      # DAGs    # Errors  Last Runtime    Last Run               Last # of DB Queries
----------------------------------------------  -----  ---------  --------  ----------  --------------  -------------------  ----------------------
/opt/airflow/projet/dags/dag_pipeline_cacao.py                           1           0  0.16s           2026-08-27T16:03:17                      12
/opt/airflow/projet/dags/callbacks.py                                    0           0  0.08s           2026-08-27T16:03:17                       3
================================================================================
[2026-08-27T16:03:59.177+0000] {manager.py:997} INFO - 
================================================================================
DAG File Processing Stats

File Path                                       PID    Runtime      # DAGs    # Errors  Last Runtime    Last Run               Last # of DB Queries
----------------------------------------------  -----  ---------  --------  ----------  --------------  -------------------  ----------------------
/opt/airflow/projet/dags/dag_pipeline_cacao.py                           1           0  0.09s           2026-08-27T16:03:48                      12
/opt/airflow/projet/dags/callbacks.py                                    0           0  0.04s           2026-08-27T16:03:48                       3
================================================================================
[2026-08-27T16:04:29.616+0000] {manager.py:997} INFO - 
================================================================================
DAG File Processing Stats

File Path                                       PID    Runtime      # DAGs    # Errors  Last Runtime    Last Run               Last # of DB Queries
----------------------------------------------  -----  ---------  --------  ----------  --------------  -------------------  ----------------------
/opt/airflow/projet/dags/dag_pipeline_cacao.py                           1           0  0.09s           2026-08-27T16:04:18                      12
/opt/airflow/projet/dags/callbacks.py                                    0           0  0.04s           2026-08-27T16:04:18                       3
================================================================================
[2026-08-27T16:05:00.039+0000] {manager.py:997} INFO - 
================================================================================
DAG File Processing Stats

File Path                                       PID    Runtime      # DAGs    # Errors  Last Runtime    Last Run               Last # of DB Queries
----------------------------------------------  -----  ---------  --------  ----------  --------------  -------------------  ----------------------
/opt/airflow/projet/dags/dag_pipeline_cacao.py                           1           0  0.08s           2026-08-27T16:04:48                      12
/opt/airflow/projet/dags/callbacks.py                                    0           0  0.04s           2026-08-27T16:04:48                       3
================================================================================
[2026-08-27T16:05:30.470+0000] {manager.py:997} INFO - 
================================================================================
DAG File Processing Stats

File Path                                       PID    Runtime      # DAGs    # Errors  Last Runtime    Last Run               Last # of DB Queries
----------------------------------------------  -----  ---------  --------  ----------  --------------  -------------------  ----------------------
/opt/airflow/projet/dags/dag_pipeline_cacao.py                           1           0  0.09s           2026-08-27T16:05:19                      12
/opt/airflow/projet/dags/callbacks.py                                    0           0  0.04s           2026-08-27T16:05:19                       3
================================================================================
[2026-08-27T16:10:47.917+0000] {manager.py:821} INFO - Searching for files in /opt/airflow/projet/dags
[2026-08-27T16:10:47.923+0000] {manager.py:824} INFO - There are 2 files in /opt/airflow/projet/dags
[2026-08-27T16:11:01.145+0000] {manager.py:997} INFO - 
================================================================================
DAG File Processing Stats

File Path                                       PID    Runtime      # DAGs    # Errors  Last Runtime    Last Run               Last # of DB Queries
----------------------------------------------  -----  ---------  --------  ----------  --------------  -------------------  ----------------------
/opt/airflow/projet/dags/dag_pipeline_cacao.py                           1           0  0.09s           2026-08-27T16:10:48                      12
/opt/airflow/projet/dags/callbacks.py                                    0           0  0.04s           2026-08-27T16:10:47                       3
================================================================================
[2026-08-27T16:11:31.656+0000] {manager.py:997} INFO - 
================================================================================
DAG File Processing Stats

File Path                                       PID    Runtime      # DAGs    # Errors  Last Runtime    Last Run               Last # of DB Queries
----------------------------------------------  -----  ---------  --------  ----------  --------------  -------------------  ----------------------
/opt/airflow/projet/dags/dag_pipeline_cacao.py                           1           0  0.09s           2026-08-27T16:11:18                      12
/opt/airflow/projet/dags/callbacks.py                                    0           0  0.05s           2026-08-27T16:11:18                       3
================================================================================
[2026-08-27T16:12:22.459+0000] {manager.py:997} INFO - 
================================================================================
DAG File Processing Stats

File Path                                       PID    Runtime      # DAGs    # Errors  Last Runtime    Last Run               Last # of DB Queries
----------------------------------------------  -----  ---------  --------  ----------  --------------  -------------------  ----------------------
/opt/airflow/projet/dags/dag_pipeline_cacao.py                           1           0  0.09s           2026-08-27T16:12:08                      12
/opt/airflow/projet/dags/callbacks.py                                    0           0  0.04s           2026-08-27T16:12:08                       3
================================================================================
[2026-08-27T16:12:52.857+0000] {manager.py:997} INFO - 
================================================================================
DAG File Processing Stats

File Path                                       PID    Runtime      # DAGs    # Errors  Last Runtime    Last Run               Last # of DB Queries
----------------------------------------------  -----  ---------  --------  ----------  --------------  -------------------  ----------------------
/opt/airflow/projet/dags/dag_pipeline_cacao.py                           1           0  0.08s           2026-08-27T16:12:38                      12
/opt/airflow/projet/dags/callbacks.py                                    0           0  0.04s           2026-08-27T16:12:38                       3
================================================================================
[2026-08-27T16:13:23.260+0000] {manager.py:997} INFO - 
================================================================================
DAG File Processing Stats

File Path                                       PID    Runtime      # DAGs    # Errors  Last Runtime    Last Run               Last # of DB Queries
----------------------------------------------  -----  ---------  --------  ----------  --------------  -------------------  ----------------------
/opt/airflow/projet/dags/dag_pipeline_cacao.py                           1           0  0.08s           2026-08-27T16:13:09                      12
/opt/airflow/projet/dags/callbacks.py                                    0           0  0.04s           2026-08-27T16:13:09                       3
================================================================================
[2026-08-27T16:13:53.675+0000] {manager.py:997} INFO - 
================================================================================
DAG File Processing Stats

File Path                                       PID    Runtime      # DAGs    # Errors  Last Runtime    Last Run               Last # of DB Queries
----------------------------------------------  -----  ---------  --------  ----------  --------------  -------------------  ----------------------
/opt/airflow/projet/dags/dag_pipeline_cacao.py                           1           0  0.10s           2026-08-27T16:13:39                      12
/opt/airflow/projet/dags/callbacks.py                                    0           0  0.04s           2026-08-27T16:13:39                       3
================================================================================
[2026-08-27T16:14:24.112+0000] {manager.py:997} INFO - 
================================================================================
DAG File Processing Stats

File Path                                       PID    Runtime      # DAGs    # Errors  Last Runtime    Last Run               Last # of DB Queries
----------------------------------------------  -----  ---------  --------  ----------  --------------  -------------------  ----------------------
/opt/airflow/projet/dags/dag_pipeline_cacao.py                           1           0  0.09s           2026-08-27T16:14:09                      12
/opt/airflow/projet/dags/callbacks.py                                    0           0  0.04s           2026-08-27T16:14:09                       3
================================================================================
[2026-08-27T16:14:54.511+0000] {manager.py:997} INFO - 
================================================================================
DAG File Processing Stats

File Path                                       PID    Runtime      # DAGs    # Errors  Last Runtime    Last Run               Last # of DB Queries
----------------------------------------------  -----  ---------  --------  ----------  --------------  -------------------  ----------------------
/opt/airflow/projet/dags/dag_pipeline_cacao.py                           1           0  0.09s           2026-08-27T16:14:40                      12
/opt/airflow/projet/dags/callbacks.py                                    0           0  0.04s           2026-08-27T16:14:40                       3
================================================================================
[2026-08-27T16:15:24.907+0000] {manager.py:997} INFO - 
================================================================================
DAG File Processing Stats

File Path                                       PID    Runtime      # DAGs    # Errors  Last Runtime    Last Run               Last # of DB Queries
----------------------------------------------  -----  ---------  --------  ----------  --------------  -------------------  ----------------------
/opt/airflow/projet/dags/dag_pipeline_cacao.py                           1           0  0.10s           2026-08-27T16:15:10                      12
/opt/airflow/projet/dags/callbacks.py                                    0           0  0.04s           2026-08-27T16:15:10                       3
================================================================================
[2026-08-27T16:15:48.262+0000] {manager.py:821} INFO - Searching for files in /opt/airflow/projet/dags
[2026-08-27T16:15:48.269+0000] {manager.py:824} INFO - There are 2 files in /opt/airflow/projet/dags
[2026-08-27T16:15:55.356+0000] {manager.py:997} INFO - 
================================================================================
DAG File Processing Stats

File Path                                       PID    Runtime      # DAGs    # Errors  Last Runtime    Last Run               Last # of DB Queries
----------------------------------------------  -----  ---------  --------  ----------  --------------  -------------------  ----------------------
/opt/airflow/projet/dags/dag_pipeline_cacao.py                           1           0  0.09s           2026-08-27T16:15:41                      12
/opt/airflow/projet/dags/callbacks.py                                    0           0  0.05s           2026-08-27T16:15:41                       3
================================================================================
[2026-08-27T16:16:25.765+0000] {manager.py:997} INFO - 
================================================================================
DAG File Processing Stats

File Path                                       PID    Runtime      # DAGs    # Errors  Last Runtime    Last Run               Last # of DB Queries
----------------------------------------------  -----  ---------  --------  ----------  --------------  -------------------  ----------------------
/opt/airflow/projet/dags/dag_pipeline_cacao.py                           1           0  0.09s           2026-08-27T16:16:11                      12
/opt/airflow/projet/dags/callbacks.py                                    0           0  0.05s           2026-08-27T16:16:11                       3
================================================================================
[2026-08-27T16:16:56.196+0000] {manager.py:997} INFO - 
================================================================================
DAG File Processing Stats

File Path                                       PID    Runtime      # DAGs    # Errors  Last Runtime    Last Run               Last # of DB Queries
----------------------------------------------  -----  ---------  --------  ----------  --------------  -------------------  ----------------------
/opt/airflow/projet/dags/dag_pipeline_cacao.py                           1           0  0.09s           2026-08-27T16:16:42                      12
/opt/airflow/projet/dags/callbacks.py                                    0           0  0.04s           2026-08-27T16:16:42                       3
================================================================================
[2026-08-27T16:17:26.576+0000] {manager.py:997} INFO - 
================================================================================
DAG File Processing Stats

File Path                                       PID    Runtime      # DAGs    # Errors  Last Runtime    Last Run               Last # of DB Queries
----------------------------------------------  -----  ---------  --------  ----------  --------------  -------------------  ----------------------
/opt/airflow/projet/dags/dag_pipeline_cacao.py                           1           0  0.08s           2026-08-27T16:17:12                      12
/opt/airflow/projet/dags/callbacks.py                                    0           0  0.04s           2026-08-27T16:17:12                       3
================================================================================
[2026-08-27T16:17:56.951+0000] {manager.py:997} INFO - 
================================================================================
DAG File Processing Stats

File Path                                       PID    Runtime      # DAGs    # Errors  Last Runtime    Last Run               Last # of DB Queries
----------------------------------------------  -----  ---------  --------  ----------  --------------  -------------------  ----------------------
/opt/airflow/projet/dags/dag_pipeline_cacao.py                           1           0  0.08s           2026-08-27T16:17:42                      12
/opt/airflow/projet/dags/callbacks.py                                    0           0  0.03s           2026-08-27T16:17:42                       3
================================================================================
[2026-08-27T16:18:27.405+0000] {manager.py:997} INFO - 
================================================================================
DAG File Processing Stats

File Path                                       PID    Runtime      # DAGs    # Errors  Last Runtime    Last Run               Last # of DB Queries
----------------------------------------------  -----  ---------  --------  ----------  --------------  -------------------  ----------------------
/opt/airflow/projet/dags/dag_pipeline_cacao.py                           1           0  0.09s           2026-08-27T16:18:13                      12
/opt/airflow/projet/dags/callbacks.py                                    0           0  0.05s           2026-08-27T16:18:13                       3
================================================================================
[2026-08-27T16:18:57.803+0000] {manager.py:997} INFO - 
================================================================================
DAG File Processing Stats

File Path                                       PID    Runtime      # DAGs    # Errors  Last Runtime    Last Run               Last # of DB Queries
----------------------------------------------  -----  ---------  --------  ----------  --------------  -------------------  ----------------------
/opt/airflow/projet/dags/dag_pipeline_cacao.py                           1           0  0.08s           2026-08-27T16:18:43                      12
/opt/airflow/projet/dags/callbacks.py                                    0           0  0.04s           2026-08-27T16:18:43                       3
================================================================================
[2026-08-27T16:19:28.192+0000] {manager.py:997} INFO - 
================================================================================
DAG File Processing Stats

File Path                                       PID    Runtime      # DAGs    # Errors  Last Runtime    Last Run               Last # of DB Queries
----------------------------------------------  -----  ---------  --------  ----------  --------------  -------------------  ----------------------
/opt/airflow/projet/dags/dag_pipeline_cacao.py                           1           0  0.09s           2026-08-27T16:19:14                      12
/opt/airflow/projet/dags/callbacks.py                                    0           0  0.04s           2026-08-27T16:19:13                       3
================================================================================
[2026-08-27T16:19:58.617+0000] {manager.py:997} INFO - 
================================================================================
DAG File Processing Stats

File Path                                       PID    Runtime      # DAGs    # Errors  Last Runtime    Last Run               Last # of DB Queries
----------------------------------------------  -----  ---------  --------  ----------  --------------  -------------------  ----------------------
/opt/airflow/projet/dags/dag_pipeline_cacao.py                           1           0  0.09s           2026-08-27T16:19:44                      12
/opt/airflow/projet/dags/callbacks.py                                    0           0  0.05s           2026-08-27T16:19:44                       3
================================================================================
[2026-08-27T16:20:28.977+0000] {manager.py:997} INFO - 
================================================================================
DAG File Processing Stats

File Path                                       PID    Runtime      # DAGs    # Errors  Last Runtime    Last Run               Last # of DB Queries
----------------------------------------------  -----  ---------  --------  ----------  --------------  -------------------  ----------------------
/opt/airflow/projet/dags/dag_pipeline_cacao.py                           1           0  0.07s           2026-08-27T16:20:14                      12
/opt/airflow/projet/dags/callbacks.py                                    0           0  0.03s           2026-08-27T16:20:14                       3
================================================================================
[2026-08-27T16:20:48.278+0000] {manager.py:821} INFO - Searching for files in /opt/airflow/projet/dags
[2026-08-27T16:20:48.286+0000] {manager.py:824} INFO - There are 2 files in /opt/airflow/projet/dags
[2026-08-27T16:20:59.429+0000] {manager.py:997} INFO - 
================================================================================
DAG File Processing Stats

File Path                                       PID    Runtime      # DAGs    # Errors  Last Runtime    Last Run               Last # of DB Queries
----------------------------------------------  -----  ---------  --------  ----------  --------------  -------------------  ----------------------
/opt/airflow/projet/dags/dag_pipeline_cacao.py                           1           0  0.10s           2026-08-27T16:20:45                      12
/opt/airflow/projet/dags/callbacks.py                                    0           0  0.05s           2026-08-27T16:20:45                       3
================================================================================
[2026-08-27T16:21:29.848+0000] {manager.py:997} INFO - 
================================================================================
DAG File Processing Stats

File Path                                       PID    Runtime      # DAGs    # Errors  Last Runtime    Last Run               Last # of DB Queries
----------------------------------------------  -----  ---------  --------  ----------  --------------  -------------------  ----------------------
/opt/airflow/projet/dags/dag_pipeline_cacao.py                           1           0  0.12s           2026-08-27T16:21:15                      12
/opt/airflow/projet/dags/callbacks.py                                    0           0  0.06s           2026-08-27T16:21:15                       3
================================================================================
[2026-08-27T16:22:00.288+0000] {manager.py:997} INFO - 
================================================================================
DAG File Processing Stats

File Path                                       PID    Runtime      # DAGs    # Errors  Last Runtime    Last Run               Last # of DB Queries
----------------------------------------------  -----  ---------  --------  ----------  --------------  -------------------  ----------------------
/opt/airflow/projet/dags/dag_pipeline_cacao.py                           1           0  0.09s           2026-08-27T16:21:46                      12
/opt/airflow/projet/dags/callbacks.py                                    0           0  0.04s           2026-08-27T16:21:46                       3
================================================================================
[2026-08-27T16:22:30.666+0000] {manager.py:997} INFO - 
================================================================================
DAG File Processing Stats

File Path                                       PID    Runtime      # DAGs    # Errors  Last Runtime    Last Run               Last # of DB Queries
----------------------------------------------  -----  ---------  --------  ----------  --------------  -------------------  ----------------------
/opt/airflow/projet/dags/dag_pipeline_cacao.py                           1           0  0.09s           2026-08-27T16:22:16                      12
/opt/airflow/projet/dags/callbacks.py                                    0           0  0.04s           2026-08-27T16:22:16                       3
================================================================================
[2026-08-27T16:23:01.054+0000] {manager.py:997} INFO - 
================================================================================
DAG File Processing Stats

File Path                                       PID    Runtime      # DAGs    # Errors  Last Runtime    Last Run               Last # of DB Queries
----------------------------------------------  -----  ---------  --------  ----------  --------------  -------------------  ----------------------
/opt/airflow/projet/dags/dag_pipeline_cacao.py                           1           0  0.10s           2026-08-27T16:22:46                      12
/opt/airflow/projet/dags/callbacks.py                                    0           0  0.05s           2026-08-27T16:22:46                       3
================================================================================
[2026-08-27T16:23:31.484+0000] {manager.py:997} INFO - 
================================================================================
DAG File Processing Stats

File Path                                       PID    Runtime      # DAGs    # Errors  Last Runtime    Last Run               Last # of DB Queries
----------------------------------------------  -----  ---------  --------  ----------  --------------  -------------------  ----------------------
/opt/airflow/projet/dags/dag_pipeline_cacao.py                           1           0  0.10s           2026-08-27T16:23:17                      12
/opt/airflow/projet/dags/callbacks.py                                    0           0  0.05s           2026-08-27T16:23:17                       3
================================================================================
[2026-08-27T16:24:01.966+0000] {manager.py:997} INFO - 
================================================================================
DAG File Processing Stats

File Path                                       PID    Runtime      # DAGs    # Errors  Last Runtime    Last Run               Last # of DB Queries
----------------------------------------------  -----  ---------  --------  ----------  --------------  -------------------  ----------------------
/opt/airflow/projet/dags/dag_pipeline_cacao.py                           1           0  0.12s           2026-08-27T16:23:47                      12
/opt/airflow/projet/dags/callbacks.py                                    0           0  0.06s           2026-08-27T16:23:47                       3
================================================================================
[2026-08-27T16:24:32.440+0000] {manager.py:997} INFO - 
================================================================================
DAG File Processing Stats

File Path                                       PID    Runtime      # DAGs    # Errors  Last Runtime    Last Run               Last # of DB Queries
----------------------------------------------  -----  ---------  --------  ----------  --------------  -------------------  ----------------------
/opt/airflow/projet/dags/dag_pipeline_cacao.py                           1           0  0.10s           2026-08-27T16:24:18                      12
/opt/airflow/projet/dags/callbacks.py                                    0           0  0.04s           2026-08-27T16:24:18                       3
================================================================================
[2026-08-27T16:25:02.923+0000] {manager.py:997} INFO - 
================================================================================
DAG File Processing Stats

File Path                                       PID    Runtime      # DAGs    # Errors  Last Runtime    Last Run               Last # of DB Queries
----------------------------------------------  -----  ---------  --------  ----------  --------------  -------------------  ----------------------
/opt/airflow/projet/dags/dag_pipeline_cacao.py                           1           0  0.18s           2026-08-27T16:24:48                      12
/opt/airflow/projet/dags/callbacks.py                                    0           0  0.09s           2026-08-27T16:24:48                       3
================================================================================
[2026-08-27T16:25:33.328+0000] {manager.py:997} INFO - 
================================================================================
DAG File Processing Stats

File Path                                       PID    Runtime      # DAGs    # Errors  Last Runtime    Last Run               Last # of DB Queries
----------------------------------------------  -----  ---------  --------  ----------  --------------  -------------------  ----------------------
/opt/airflow/projet/dags/dag_pipeline_cacao.py                           1           0  0.12s           2026-08-27T16:25:19                      12
/opt/airflow/projet/dags/callbacks.py                                    0           0  0.05s           2026-08-27T16:25:19                       3
================================================================================
[2026-08-27T16:25:48.493+0000] {manager.py:821} INFO - Searching for files in /opt/airflow/projet/dags
[2026-08-27T16:25:48.499+0000] {manager.py:824} INFO - There are 2 files in /opt/airflow/projet/dags
[2026-08-27T16:26:03.813+0000] {manager.py:997} INFO - 
================================================================================
DAG File Processing Stats

File Path                                       PID    Runtime      # DAGs    # Errors  Last Runtime    Last Run               Last # of DB Queries
----------------------------------------------  -----  ---------  --------  ----------  --------------  -------------------  ----------------------
/opt/airflow/projet/dags/dag_pipeline_cacao.py                           1           0  0.18s           2026-08-27T16:25:49                      12
/opt/airflow/projet/dags/callbacks.py                                    0           0  0.09s           2026-08-27T16:25:49                       3
================================================================================
[2026-08-27T16:26:34.256+0000] {manager.py:997} INFO - 
================================================================================
DAG File Processing Stats

File Path                                       PID    Runtime      # DAGs    # Errors  Last Runtime    Last Run               Last # of DB Queries
----------------------------------------------  -----  ---------  --------  ----------  --------------  -------------------  ----------------------
/opt/airflow/projet/dags/dag_pipeline_cacao.py                           1           0  0.12s           2026-08-27T16:26:20                      12
/opt/airflow/projet/dags/callbacks.py                                    0           0  0.06s           2026-08-27T16:26:20                       3
================================================================================
[2026-08-27T16:27:04.759+0000] {manager.py:997} INFO - 
================================================================================
DAG File Processing Stats

File Path                                       PID    Runtime      # DAGs    # Errors  Last Runtime    Last Run               Last # of DB Queries
----------------------------------------------  -----  ---------  --------  ----------  --------------  -------------------  ----------------------
/opt/airflow/projet/dags/dag_pipeline_cacao.py                           1           0  0.19s           2026-08-27T16:26:50                      12
/opt/airflow/projet/dags/callbacks.py                                    0           0  0.10s           2026-08-27T16:26:50                       3
================================================================================
[2026-08-27T16:27:35.154+0000] {manager.py:997} INFO - 
================================================================================
DAG File Processing Stats

File Path                                       PID    Runtime      # DAGs    # Errors  Last Runtime    Last Run               Last # of DB Queries
----------------------------------------------  -----  ---------  --------  ----------  --------------  -------------------  ----------------------
/opt/airflow/projet/dags/dag_pipeline_cacao.py                           1           0  0.11s           2026-08-27T16:27:21                      12
/opt/airflow/projet/dags/callbacks.py                                    0           0  0.05s           2026-08-27T16:27:20                       3
================================================================================
[2026-08-27T16:28:05.501+0000] {manager.py:997} INFO - 
================================================================================
DAG File Processing Stats

File Path                                       PID    Runtime      # DAGs    # Errors  Last Runtime    Last Run               Last # of DB Queries
----------------------------------------------  -----  ---------  --------  ----------  --------------  -------------------  ----------------------
/opt/airflow/projet/dags/dag_pipeline_cacao.py                           1           0  0.09s           2026-08-27T16:27:51                      12
/opt/airflow/projet/dags/callbacks.py                                    0           0  0.04s           2026-08-27T16:27:51                       3
================================================================================
[2026-08-27T16:28:35.861+0000] {manager.py:997} INFO - 
================================================================================
DAG File Processing Stats

File Path                                       PID    Runtime      # DAGs    # Errors  Last Runtime    Last Run               Last # of DB Queries
----------------------------------------------  -----  ---------  --------  ----------  --------------  -------------------  ----------------------
/opt/airflow/projet/dags/dag_pipeline_cacao.py                           1           0  0.07s           2026-08-27T16:28:21                      12
/opt/airflow/projet/dags/callbacks.py                                    0           0  0.03s           2026-08-27T16:28:21                       3
================================================================================
[2026-08-27T16:29:06.254+0000] {manager.py:997} INFO - 
================================================================================
DAG File Processing Stats

File Path                                       PID    Runtime      # DAGs    # Errors  Last Runtime    Last Run               Last # of DB Queries
----------------------------------------------  -----  ---------  --------  ----------  --------------  -------------------  ----------------------
/opt/airflow/projet/dags/dag_pipeline_cacao.py                           1           0  0.09s           2026-08-27T16:28:52                      12
/opt/airflow/projet/dags/callbacks.py                                    0           0  0.05s           2026-08-27T16:28:52                       3
================================================================================
[2026-08-27T16:29:36.718+0000] {manager.py:997} INFO - 
================================================================================
DAG File Processing Stats

File Path                                       PID    Runtime      # DAGs    # Errors  Last Runtime    Last Run               Last # of DB Queries
----------------------------------------------  -----  ---------  --------  ----------  --------------  -------------------  ----------------------
/opt/airflow/projet/dags/dag_pipeline_cacao.py                           1           0  0.09s           2026-08-27T16:29:22                      12
/opt/airflow/projet/dags/callbacks.py                                    0           0  0.05s           2026-08-27T16:29:22                       3
================================================================================
[2026-08-27T16:30:07.156+0000] {manager.py:997} INFO - 
================================================================================
DAG File Processing Stats

File Path                                       PID    Runtime      # DAGs    # Errors  Last Runtime    Last Run               Last # of DB Queries
----------------------------------------------  -----  ---------  --------  ----------  --------------  -------------------  ----------------------
/opt/airflow/projet/dags/dag_pipeline_cacao.py                           1           0  0.09s           2026-08-27T16:29:53                      12
/opt/airflow/projet/dags/callbacks.py                                    0           0  0.05s           2026-08-27T16:29:52                       3
================================================================================
[2026-08-27T16:30:37.560+0000] {manager.py:997} INFO - 
================================================================================
DAG File Processing Stats

File Path                                       PID    Runtime      # DAGs    # Errors  Last Runtime    Last Run               Last # of DB Queries
----------------------------------------------  -----  ---------  --------  ----------  --------------  -------------------  ----------------------
/opt/airflow/projet/dags/dag_pipeline_cacao.py                           1           0  0.09s           2026-08-27T16:30:23                      12
/opt/airflow/projet/dags/callbacks.py                                    0           0  0.04s           2026-08-27T16:30:23                       3
================================================================================
[2026-08-27T16:30:48.672+0000] {manager.py:821} INFO - Searching for files in /opt/airflow/projet/dags
[2026-08-27T16:30:48.683+0000] {manager.py:824} INFO - There are 2 files in /opt/airflow/projet/dags
[2026-08-27T16:31:08.010+0000] {manager.py:997} INFO - 
================================================================================
DAG File Processing Stats

File Path                                       PID    Runtime      # DAGs    # Errors  Last Runtime    Last Run               Last # of DB Queries
----------------------------------------------  -----  ---------  --------  ----------  --------------  -------------------  ----------------------
/opt/airflow/projet/dags/dag_pipeline_cacao.py                           1           0  0.15s           2026-08-27T16:30:53                      12
/opt/airflow/projet/dags/callbacks.py                                    0           0  0.05s           2026-08-27T16:30:53                       3
================================================================================
[2026-08-27T16:31:38.448+0000] {manager.py:997} INFO - 
================================================================================
DAG File Processing Stats

File Path                                       PID    Runtime      # DAGs    # Errors  Last Runtime    Last Run               Last # of DB Queries
----------------------------------------------  -----  ---------  --------  ----------  --------------  -------------------  ----------------------
/opt/airflow/projet/dags/dag_pipeline_cacao.py                           1           0  0.09s           2026-08-27T16:31:24                      12
/opt/airflow/projet/dags/callbacks.py                                    0           0  0.05s           2026-08-27T16:31:24                       3
================================================================================
[2026-08-27T16:32:08.935+0000] {manager.py:997} INFO - 
================================================================================
DAG File Processing Stats

File Path                                       PID    Runtime      # DAGs    # Errors  Last Runtime    Last Run               Last # of DB Queries
----------------------------------------------  -----  ---------  --------  ----------  --------------  -------------------  ----------------------
/opt/airflow/projet/dags/dag_pipeline_cacao.py                           1           0  0.14s           2026-08-27T16:31:54                      12
/opt/airflow/projet/dags/callbacks.py                                    0           0  0.08s           2026-08-27T16:31:54                       3
================================================================================
[2026-08-27T16:32:39.337+0000] {manager.py:997} INFO - 
================================================================================
DAG File Processing Stats

File Path                                       PID    Runtime      # DAGs    # Errors  Last Runtime    Last Run               Last # of DB Queries
----------------------------------------------  -----  ---------  --------  ----------  --------------  -------------------  ----------------------
/opt/airflow/projet/dags/dag_pipeline_cacao.py                           1           0  0.11s           2026-08-27T16:32:25                      12
/opt/airflow/projet/dags/callbacks.py                                    0           0  0.05s           2026-08-27T16:32:25                       3
================================================================================
[2026-08-27T16:33:09.746+0000] {manager.py:997} INFO - 
================================================================================
DAG File Processing Stats

File Path                                       PID    Runtime      # DAGs    # Errors  Last Runtime    Last Run               Last # of DB Queries
----------------------------------------------  -----  ---------  --------  ----------  --------------  -------------------  ----------------------
/opt/airflow/projet/dags/dag_pipeline_cacao.py                           1           0  0.08s           2026-08-27T16:32:55                      12
/opt/airflow/projet/dags/callbacks.py                                    0           0  0.04s           2026-08-27T16:32:55                       3
================================================================================
[2026-08-27T16:33:40.189+0000] {manager.py:997} INFO - 
================================================================================
DAG File Processing Stats

File Path                                       PID    Runtime      # DAGs    # Errors  Last Runtime    Last Run               Last # of DB Queries
----------------------------------------------  -----  ---------  --------  ----------  --------------  -------------------  ----------------------
/opt/airflow/projet/dags/dag_pipeline_cacao.py                           1           0  0.09s           2026-08-27T16:33:26                      12
/opt/airflow/projet/dags/callbacks.py                                    0           0  0.04s           2026-08-27T16:33:25                       3
================================================================================
[2026-08-27T16:34:10.596+0000] {manager.py:997} INFO - 
================================================================================
DAG File Processing Stats

File Path                                       PID    Runtime      # DAGs    # Errors  Last Runtime    Last Run               Last # of DB Queries
----------------------------------------------  -----  ---------  --------  ----------  --------------  -------------------  ----------------------
/opt/airflow/projet/dags/dag_pipeline_cacao.py                           1           0  0.10s           2026-08-27T16:33:56                      12
/opt/airflow/projet/dags/callbacks.py                                    0           0  0.05s           2026-08-27T16:33:56                       3
================================================================================
[2026-08-27T16:34:40.999+0000] {manager.py:997} INFO - 
================================================================================
DAG File Processing Stats

File Path                                       PID    Runtime      # DAGs    # Errors  Last Runtime    Last Run               Last # of DB Queries
----------------------------------------------  -----  ---------  --------  ----------  --------------  -------------------  ----------------------
/opt/airflow/projet/dags/dag_pipeline_cacao.py                           1           0  0.09s           2026-08-27T16:34:26                      12
/opt/airflow/projet/dags/callbacks.py                                    0           0  0.04s           2026-08-27T16:34:26                       3
================================================================================
[2026-08-27T16:35:11.433+0000] {manager.py:997} INFO - 
================================================================================
DAG File Processing Stats

File Path                                       PID    Runtime      # DAGs    # Errors  Last Runtime    Last Run               Last # of DB Queries
----------------------------------------------  -----  ---------  --------  ----------  --------------  -------------------  ----------------------
/opt/airflow/projet/dags/dag_pipeline_cacao.py                           1           0  0.10s           2026-08-27T16:34:57                      12
/opt/airflow/projet/dags/callbacks.py                                    0           0  0.05s           2026-08-27T16:34:57                       3
================================================================================
[2026-08-27T16:35:41.847+0000] {manager.py:997} INFO - 
================================================================================
DAG File Processing Stats

File Path                                       PID    Runtime      # DAGs    # Errors  Last Runtime    Last Run               Last # of DB Queries
----------------------------------------------  -----  ---------  --------  ----------  --------------  -------------------  ----------------------
/opt/airflow/projet/dags/dag_pipeline_cacao.py                           1           0  0.11s           2026-08-27T16:35:27                      12
/opt/airflow/projet/dags/callbacks.py                                    0           0  0.05s           2026-08-27T16:35:27                       3
================================================================================
[2026-08-27T16:35:48.932+0000] {manager.py:821} INFO - Searching for files in /opt/airflow/projet/dags
[2026-08-27T16:35:48.944+0000] {manager.py:824} INFO - There are 2 files in /opt/airflow/projet/dags
[2026-08-27T16:36:12.283+0000] {manager.py:997} INFO - 
================================================================================
DAG File Processing Stats

File Path                                       PID    Runtime      # DAGs    # Errors  Last Runtime    Last Run               Last # of DB Queries
----------------------------------------------  -----  ---------  --------  ----------  --------------  -------------------  ----------------------
/opt/airflow/projet/dags/dag_pipeline_cacao.py                           1           0  0.10s           2026-08-27T16:35:58                      12
/opt/airflow/projet/dags/callbacks.py                                    0           0  0.04s           2026-08-27T16:35:58                       3
================================================================================
[2026-08-27T16:36:42.697+0000] {manager.py:997} INFO - 
================================================================================
DAG File Processing Stats

File Path                                       PID    Runtime      # DAGs    # Errors  Last Runtime    Last Run               Last # of DB Queries
----------------------------------------------  -----  ---------  --------  ----------  --------------  -------------------  ----------------------
/opt/airflow/projet/dags/dag_pipeline_cacao.py                           1           0  0.09s           2026-08-27T16:36:28                      12
/opt/airflow/projet/dags/callbacks.py                                    0           0  0.05s           2026-08-27T16:36:28                       3
================================================================================
[2026-08-27T16:37:13.105+0000] {manager.py:997} INFO - 
================================================================================
DAG File Processing Stats

File Path                                       PID    Runtime      # DAGs    # Errors  Last Runtime    Last Run               Last # of DB Queries
----------------------------------------------  -----  ---------  --------  ----------  --------------  -------------------  ----------------------
/opt/airflow/projet/dags/dag_pipeline_cacao.py                           1           0  0.09s           2026-08-27T16:36:58                      12
/opt/airflow/projet/dags/callbacks.py                                    0           0  0.04s           2026-08-27T16:36:58                       3
================================================================================
[2026-08-27T16:37:43.557+0000] {manager.py:997} INFO - 
================================================================================
DAG File Processing Stats

File Path                                       PID    Runtime      # DAGs    # Errors  Last Runtime    Last Run               Last # of DB Queries
----------------------------------------------  -----  ---------  --------  ----------  --------------  -------------------  ----------------------
/opt/airflow/projet/dags/dag_pipeline_cacao.py                           1           0  0.11s           2026-08-27T16:37:29                      12
/opt/airflow/projet/dags/callbacks.py                                    0           0  0.05s           2026-08-27T16:37:29                       3
================================================================================
[2026-08-27T16:38:13.990+0000] {manager.py:997} INFO - 
================================================================================
DAG File Processing Stats

File Path                                       PID    Runtime      # DAGs    # Errors  Last Runtime    Last Run               Last # of DB Queries
----------------------------------------------  -----  ---------  --------  ----------  --------------  -------------------  ----------------------
/opt/airflow/projet/dags/dag_pipeline_cacao.py                           1           0  0.12s           2026-08-27T16:37:59                      12
/opt/airflow/projet/dags/callbacks.py                                    0           0  0.06s           2026-08-27T16:37:59                       3
================================================================================
[2026-08-27T16:38:44.401+0000] {manager.py:997} INFO - 
================================================================================
DAG File Processing Stats

File Path                                       PID    Runtime      # DAGs    # Errors  Last Runtime    Last Run               Last # of DB Queries
----------------------------------------------  -----  ---------  --------  ----------  --------------  -------------------  ----------------------
/opt/airflow/projet/dags/dag_pipeline_cacao.py                           1           0  0.12s           2026-08-27T16:38:30                      12
/opt/airflow/projet/dags/callbacks.py                                    0           0  0.05s           2026-08-27T16:38:30                       3
================================================================================
[2026-08-27T16:39:14.812+0000] {manager.py:997} INFO - 
================================================================================
DAG File Processing Stats

File Path                                       PID    Runtime      # DAGs    # Errors  Last Runtime    Last Run               Last # of DB Queries
----------------------------------------------  -----  ---------  --------  ----------  --------------  -------------------  ----------------------
/opt/airflow/projet/dags/dag_pipeline_cacao.py                           1           0  0.15s           2026-08-27T16:39:00                      12
/opt/airflow/projet/dags/callbacks.py                                    0           0  0.06s           2026-08-27T16:39:00                       3
================================================================================
[2026-08-27T16:44:40.049+0000] {manager.py:821} INFO - Searching for files in /opt/airflow/projet/dags
[2026-08-27T16:44:40.059+0000] {manager.py:824} INFO - There are 2 files in /opt/airflow/projet/dags
[2026-08-27T16:44:46.275+0000] {manager.py:997} INFO - 
================================================================================
DAG File Processing Stats

File Path                                       PID    Runtime      # DAGs    # Errors  Last Runtime    Last Run               Last # of DB Queries
----------------------------------------------  -----  ---------  --------  ----------  --------------  -------------------  ----------------------
/opt/airflow/projet/dags/dag_pipeline_cacao.py                           1           0  0.18s           2026-08-27T16:44:40                      12
/opt/airflow/projet/dags/callbacks.py                                    0           0  0.09s           2026-08-27T16:44:40                       3
================================================================================
[2026-08-27T16:45:16.810+0000] {manager.py:997} INFO - 
================================================================================
DAG File Processing Stats

File Path                                       PID    Runtime      # DAGs    # Errors  Last Runtime    Last Run               Last # of DB Queries
----------------------------------------------  -----  ---------  --------  ----------  --------------  -------------------  ----------------------
/opt/airflow/projet/dags/dag_pipeline_cacao.py                           1           0  0.10s           2026-08-27T16:45:10                      12
/opt/airflow/projet/dags/callbacks.py                                    0           0  0.05s           2026-08-27T16:45:10                       3
================================================================================
[2026-08-27T16:56:23.834+0000] {manager.py:821} INFO - Searching for files in /opt/airflow/projet/dags
[2026-08-27T16:56:23.840+0000] {manager.py:824} INFO - There are 2 files in /opt/airflow/projet/dags
[2026-08-27T16:56:31.007+0000] {manager.py:997} INFO - 
================================================================================
DAG File Processing Stats

File Path                                       PID    Runtime      # DAGs    # Errors  Last Runtime    Last Run               Last # of DB Queries
----------------------------------------------  -----  ---------  --------  ----------  --------------  -------------------  ----------------------
/opt/airflow/projet/dags/dag_pipeline_cacao.py                           1           0  0.10s           2026-08-27T16:56:23                      12
/opt/airflow/projet/dags/callbacks.py                                    0           0  0.05s           2026-08-27T16:56:23                       3
================================================================================
[2026-08-27T16:57:01.417+0000] {manager.py:997} INFO - 
================================================================================
DAG File Processing Stats

File Path                                       PID    Runtime      # DAGs    # Errors  Last Runtime    Last Run               Last # of DB Queries
----------------------------------------------  -----  ---------  --------  ----------  --------------  -------------------  ----------------------
/opt/airflow/projet/dags/dag_pipeline_cacao.py                           1           0  0.09s           2026-08-27T16:56:54                      12
/opt/airflow/projet/dags/callbacks.py                                    0           0  0.04s           2026-08-27T16:56:54                       3
================================================================================
[2026-08-27T16:57:31.843+0000] {manager.py:997} INFO - 
================================================================================
DAG File Processing Stats

File Path                                       PID    Runtime      # DAGs    # Errors  Last Runtime    Last Run               Last # of DB Queries
----------------------------------------------  -----  ---------  --------  ----------  --------------  -------------------  ----------------------
/opt/airflow/projet/dags/dag_pipeline_cacao.py                           1           0  0.09s           2026-08-27T16:57:24                      12
/opt/airflow/projet/dags/callbacks.py                                    0           0  0.05s           2026-08-27T16:57:24                       3
================================================================================
[2026-08-27T16:58:02.232+0000] {manager.py:997} INFO - 
================================================================================
DAG File Processing Stats

File Path                                       PID    Runtime      # DAGs    # Errors  Last Runtime    Last Run               Last # of DB Queries
----------------------------------------------  -----  ---------  --------  ----------  --------------  -------------------  ----------------------
/opt/airflow/projet/dags/dag_pipeline_cacao.py                           1           0  0.09s           2026-08-27T16:57:55                      12
/opt/airflow/projet/dags/callbacks.py                                    0           0  0.05s           2026-08-27T16:57:55                       3
================================================================================
[2026-08-27T16:58:32.637+0000] {manager.py:997} INFO - 
================================================================================
DAG File Processing Stats

File Path                                       PID    Runtime      # DAGs    # Errors  Last Runtime    Last Run               Last # of DB Queries
----------------------------------------------  -----  ---------  --------  ----------  --------------  -------------------  ----------------------
/opt/airflow/projet/dags/dag_pipeline_cacao.py                           1           0  0.15s           2026-08-27T16:58:25                      12
/opt/airflow/projet/dags/callbacks.py                                    0           0  0.07s           2026-08-27T16:58:25                       3
================================================================================
[2026-08-27T16:59:03.023+0000] {manager.py:997} INFO - 
================================================================================
DAG File Processing Stats

File Path                                       PID    Runtime      # DAGs    # Errors  Last Runtime    Last Run               Last # of DB Queries
----------------------------------------------  -----  ---------  --------  ----------  --------------  -------------------  ----------------------
/opt/airflow/projet/dags/dag_pipeline_cacao.py                           1           0  0.10s           2026-08-27T16:58:55                      12
/opt/airflow/projet/dags/callbacks.py                                    0           0  0.05s           2026-08-27T16:58:55                       3
================================================================================
[2026-08-27T16:59:33.476+0000] {manager.py:997} INFO - 
================================================================================
DAG File Processing Stats

File Path                                       PID    Runtime      # DAGs    # Errors  Last Runtime    Last Run               Last # of DB Queries
----------------------------------------------  -----  ---------  --------  ----------  --------------  -------------------  ----------------------
/opt/airflow/projet/dags/dag_pipeline_cacao.py                           1           0  0.14s           2026-08-27T16:59:26                      12
/opt/airflow/projet/dags/callbacks.py                                    0           0  0.05s           2026-08-27T16:59:26                       3
================================================================================
[2026-08-27T17:00:03.868+0000] {manager.py:997} INFO - 
================================================================================
DAG File Processing Stats

File Path                                       PID    Runtime      # DAGs    # Errors  Last Runtime    Last Run               Last # of DB Queries
----------------------------------------------  -----  ---------  --------  ----------  --------------  -------------------  ----------------------
/opt/airflow/projet/dags/dag_pipeline_cacao.py                           1           0  0.09s           2026-08-27T16:59:56                      12
/opt/airflow/projet/dags/callbacks.py                                    0           0  0.04s           2026-08-27T16:59:56                       3
================================================================================
[2026-08-27T17:00:34.260+0000] {manager.py:997} INFO - 
================================================================================
DAG File Processing Stats

File Path                                       PID    Runtime      # DAGs    # Errors  Last Runtime    Last Run               Last # of DB Queries
----------------------------------------------  -----  ---------  --------  ----------  --------------  -------------------  ----------------------
/opt/airflow/projet/dags/dag_pipeline_cacao.py                           1           0  0.09s           2026-08-27T17:00:27                      12
/opt/airflow/projet/dags/callbacks.py                                    0           0  0.05s           2026-08-27T17:00:27                       3
================================================================================
[2026-08-27T17:01:04.690+0000] {manager.py:997} INFO - 
================================================================================
DAG File Processing Stats

File Path                                       PID    Runtime      # DAGs    # Errors  Last Runtime    Last Run               Last # of DB Queries
----------------------------------------------  -----  ---------  --------  ----------  --------------  -------------------  ----------------------
/opt/airflow/projet/dags/dag_pipeline_cacao.py                           1           0  0.09s           2026-08-27T17:00:57                      12
/opt/airflow/projet/dags/callbacks.py                                    0           0  0.04s           2026-08-27T17:00:57                       3
================================================================================
[2026-08-27T17:01:23.895+0000] {manager.py:821} INFO - Searching for files in /opt/airflow/projet/dags
[2026-08-27T17:01:23.904+0000] {manager.py:824} INFO - There are 2 files in /opt/airflow/projet/dags
[2026-08-27T17:01:35.122+0000] {manager.py:997} INFO - 
================================================================================
DAG File Processing Stats

File Path                                       PID    Runtime      # DAGs    # Errors  Last Runtime    Last Run               Last # of DB Queries
----------------------------------------------  -----  ---------  --------  ----------  --------------  -------------------  ----------------------
/opt/airflow/projet/dags/dag_pipeline_cacao.py                           1           0  0.09s           2026-08-27T17:01:28                      12
/opt/airflow/projet/dags/callbacks.py                                    0           0  0.04s           2026-08-27T17:01:28                       3
================================================================================
[2026-08-27T17:02:05.557+0000] {manager.py:997} INFO - 
================================================================================
DAG File Processing Stats

File Path                                       PID    Runtime      # DAGs    # Errors  Last Runtime    Last Run               Last # of DB Queries
----------------------------------------------  -----  ---------  --------  ----------  --------------  -------------------  ----------------------
/opt/airflow/projet/dags/dag_pipeline_cacao.py                           1           0  0.09s           2026-08-27T17:01:58                      12
/opt/airflow/projet/dags/callbacks.py                                    0           0  0.04s           2026-08-27T17:01:58                       3
================================================================================
[2026-08-27T17:02:36.007+0000] {manager.py:997} INFO - 
================================================================================
DAG File Processing Stats

File Path                                       PID    Runtime      # DAGs    # Errors  Last Runtime    Last Run               Last # of DB Queries
----------------------------------------------  -----  ---------  --------  ----------  --------------  -------------------  ----------------------
/opt/airflow/projet/dags/dag_pipeline_cacao.py                           1           0  0.09s           2026-08-27T17:02:28                      12
/opt/airflow/projet/dags/callbacks.py                                    0           0  0.04s           2026-08-27T17:02:28                       3
================================================================================
[2026-08-27T17:03:06.492+0000] {manager.py:997} INFO - 
================================================================================
DAG File Processing Stats

File Path                                       PID    Runtime      # DAGs    # Errors  Last Runtime    Last Run               Last # of DB Queries
----------------------------------------------  -----  ---------  --------  ----------  --------------  -------------------  ----------------------
/opt/airflow/projet/dags/dag_pipeline_cacao.py                           1           0  0.09s           2026-08-27T17:02:59                      12
/opt/airflow/projet/dags/callbacks.py                                    0           0  0.05s           2026-08-27T17:02:59                       3
================================================================================
[2026-08-27T17:03:37.000+0000] {manager.py:997} INFO - 
================================================================================
DAG File Processing Stats

File Path                                       PID    Runtime      # DAGs    # Errors  Last Runtime    Last Run               Last # of DB Queries
----------------------------------------------  -----  ---------  --------  ----------  --------------  -------------------  ----------------------
/opt/airflow/projet/dags/dag_pipeline_cacao.py                           1           0  0.10s           2026-08-27T17:03:29                      12
/opt/airflow/projet/dags/callbacks.py                                    0           0  0.05s           2026-08-27T17:03:29                       3
================================================================================
[2026-08-27T17:04:07.422+0000] {manager.py:997} INFO - 
================================================================================
DAG File Processing Stats

File Path                                       PID    Runtime      # DAGs    # Errors  Last Runtime    Last Run               Last # of DB Queries
----------------------------------------------  -----  ---------  --------  ----------  --------------  -------------------  ----------------------
/opt/airflow/projet/dags/dag_pipeline_cacao.py                           1           0  0.09s           2026-08-27T17:04:00                      12
/opt/airflow/projet/dags/callbacks.py                                    0           0  0.04s           2026-08-27T17:04:00                       3
================================================================================
[2026-08-27T17:04:37.835+0000] {manager.py:997} INFO - 
================================================================================
DAG File Processing Stats

File Path                                       PID    Runtime      # DAGs    # Errors  Last Runtime    Last Run               Last # of DB Queries
----------------------------------------------  -----  ---------  --------  ----------  --------------  -------------------  ----------------------
/opt/airflow/projet/dags/dag_pipeline_cacao.py                           1           0  0.09s           2026-08-27T17:04:30                      12
/opt/airflow/projet/dags/callbacks.py                                    0           0  0.04s           2026-08-27T17:04:30                       3
================================================================================
[2026-08-27T17:05:08.221+0000] {manager.py:997} INFO - 
================================================================================
DAG File Processing Stats

File Path                                       PID    Runtime      # DAGs    # Errors  Last Runtime    Last Run               Last # of DB Queries
----------------------------------------------  -----  ---------  --------  ----------  --------------  -------------------  ----------------------
/opt/airflow/projet/dags/dag_pipeline_cacao.py                           1           0  0.09s           2026-08-27T17:05:01                      12
/opt/airflow/projet/dags/callbacks.py                                    0           0  0.04s           2026-08-27T17:05:01                       3
================================================================================
[2026-08-27T17:05:38.609+0000] {manager.py:997} INFO - 
================================================================================
DAG File Processing Stats

File Path                                       PID    Runtime      # DAGs    # Errors  Last Runtime    Last Run               Last # of DB Queries
----------------------------------------------  -----  ---------  --------  ----------  --------------  -------------------  ----------------------
/opt/airflow/projet/dags/dag_pipeline_cacao.py                           1           0  0.11s           2026-08-27T17:05:31                      12
/opt/airflow/projet/dags/callbacks.py                                    0           0  0.05s           2026-08-27T17:05:31                       3
================================================================================
[2026-08-27T17:06:09.044+0000] {manager.py:997} INFO - 
================================================================================
DAG File Processing Stats

File Path                                       PID    Runtime      # DAGs    # Errors  Last Runtime    Last Run               Last # of DB Queries
----------------------------------------------  -----  ---------  --------  ----------  --------------  -------------------  ----------------------
/opt/airflow/projet/dags/dag_pipeline_cacao.py                           1           0  0.10s           2026-08-27T17:06:01                      12
/opt/airflow/projet/dags/callbacks.py                                    0           0  0.05s           2026-08-27T17:06:01                       3
================================================================================
[2026-08-27T17:06:24.227+0000] {manager.py:821} INFO - Searching for files in /opt/airflow/projet/dags
[2026-08-27T17:06:24.237+0000] {manager.py:824} INFO - There are 2 files in /opt/airflow/projet/dags
[2026-08-27T17:06:39.472+0000] {manager.py:997} INFO - 
================================================================================
DAG File Processing Stats

File Path                                       PID    Runtime      # DAGs    # Errors  Last Runtime    Last Run               Last # of DB Queries
----------------------------------------------  -----  ---------  --------  ----------  --------------  -------------------  ----------------------
/opt/airflow/projet/dags/dag_pipeline_cacao.py                           1           0  0.08s           2026-08-27T17:06:32                      12
/opt/airflow/projet/dags/callbacks.py                                    0           0  0.04s           2026-08-27T17:06:32                       3
================================================================================
[2026-08-27T17:07:09.875+0000] {manager.py:997} INFO - 
================================================================================
DAG File Processing Stats

File Path                                       PID    Runtime      # DAGs    # Errors  Last Runtime    Last Run               Last # of DB Queries
----------------------------------------------  -----  ---------  --------  ----------  --------------  -------------------  ----------------------
/opt/airflow/projet/dags/dag_pipeline_cacao.py                           1           0  0.09s           2026-08-27T17:07:02                      12
/opt/airflow/projet/dags/callbacks.py                                    0           0  0.05s           2026-08-27T17:07:02                       3
================================================================================
[2026-08-27T17:07:40.287+0000] {manager.py:997} INFO - 
================================================================================
DAG File Processing Stats

File Path                                       PID    Runtime      # DAGs    # Errors  Last Runtime    Last Run               Last # of DB Queries
----------------------------------------------  -----  ---------  --------  ----------  --------------  -------------------  ----------------------
/opt/airflow/projet/dags/dag_pipeline_cacao.py                           1           0  0.11s           2026-08-27T17:07:33                      12
/opt/airflow/projet/dags/callbacks.py                                    0           0  0.05s           2026-08-27T17:07:33                       3
================================================================================
[2026-08-27T17:08:10.686+0000] {manager.py:997} INFO - 
================================================================================
DAG File Processing Stats

File Path                                       PID    Runtime      # DAGs    # Errors  Last Runtime    Last Run               Last # of DB Queries
----------------------------------------------  -----  ---------  --------  ----------  --------------  -------------------  ----------------------
/opt/airflow/projet/dags/dag_pipeline_cacao.py                           1           0  0.08s           2026-08-27T17:08:03                      12
/opt/airflow/projet/dags/callbacks.py                                    0           0  0.04s           2026-08-27T17:08:03                       3
================================================================================
[2026-08-27T17:08:41.107+0000] {manager.py:997} INFO - 
================================================================================
DAG File Processing Stats

File Path                                       PID    Runtime      # DAGs    # Errors  Last Runtime    Last Run               Last # of DB Queries
----------------------------------------------  -----  ---------  --------  ----------  --------------  -------------------  ----------------------
/opt/airflow/projet/dags/dag_pipeline_cacao.py                           1           0  0.09s           2026-08-27T17:08:34                      12
/opt/airflow/projet/dags/callbacks.py                                    0           0  0.05s           2026-08-27T17:08:34                       3
================================================================================
[2026-08-27T17:09:11.515+0000] {manager.py:997} INFO - 
================================================================================
DAG File Processing Stats

File Path                                       PID    Runtime      # DAGs    # Errors  Last Runtime    Last Run               Last # of DB Queries
----------------------------------------------  -----  ---------  --------  ----------  --------------  -------------------  ----------------------
/opt/airflow/projet/dags/dag_pipeline_cacao.py                           1           0  0.07s           2026-08-27T17:09:04                      12
/opt/airflow/projet/dags/callbacks.py                                    0           0  0.04s           2026-08-27T17:09:04                       3
================================================================================
[2026-08-27T17:09:41.961+0000] {manager.py:997} INFO - 
================================================================================
DAG File Processing Stats

File Path                                       PID    Runtime      # DAGs    # Errors  Last Runtime    Last Run               Last # of DB Queries
----------------------------------------------  -----  ---------  --------  ----------  --------------  -------------------  ----------------------
/opt/airflow/projet/dags/dag_pipeline_cacao.py                           1           0  0.08s           2026-08-27T17:09:34                      12
/opt/airflow/projet/dags/callbacks.py                                    0           0  0.04s           2026-08-27T17:09:34                       3
================================================================================
[2026-08-27T17:10:12.366+0000] {manager.py:997} INFO - 
================================================================================
DAG File Processing Stats

File Path                                       PID    Runtime      # DAGs    # Errors  Last Runtime    Last Run               Last # of DB Queries
----------------------------------------------  -----  ---------  --------  ----------  --------------  -------------------  ----------------------
/opt/airflow/projet/dags/dag_pipeline_cacao.py                           1           0  0.09s           2026-08-27T17:10:05                      12
/opt/airflow/projet/dags/callbacks.py                                    0           0  0.05s           2026-08-27T17:10:05                       3
================================================================================
[2026-08-27T17:10:42.769+0000] {manager.py:997} INFO - 
================================================================================
DAG File Processing Stats

File Path                                       PID    Runtime      # DAGs    # Errors  Last Runtime    Last Run               Last # of DB Queries
----------------------------------------------  -----  ---------  --------  ----------  --------------  -------------------  ----------------------
/opt/airflow/projet/dags/dag_pipeline_cacao.py                           1           0  0.10s           2026-08-27T17:10:35                      12
/opt/airflow/projet/dags/callbacks.py                                    0           0  0.05s           2026-08-27T17:10:35                       3
================================================================================
[2026-08-27T17:11:13.190+0000] {manager.py:997} INFO - 
================================================================================
DAG File Processing Stats

File Path                                       PID    Runtime      # DAGs    # Errors  Last Runtime    Last Run               Last # of DB Queries
----------------------------------------------  -----  ---------  --------  ----------  --------------  -------------------  ----------------------
/opt/airflow/projet/dags/dag_pipeline_cacao.py                           1           0  0.10s           2026-08-27T17:11:06                      12
/opt/airflow/projet/dags/callbacks.py                                    0           0  0.05s           2026-08-27T17:11:06                       3
================================================================================
[2026-08-27T17:11:24.300+0000] {manager.py:821} INFO - Searching for files in /opt/airflow/projet/dags
[2026-08-27T17:11:24.303+0000] {manager.py:824} INFO - There are 2 files in /opt/airflow/projet/dags
[2026-08-27T17:11:43.619+0000] {manager.py:997} INFO - 
================================================================================
DAG File Processing Stats

File Path                                       PID    Runtime      # DAGs    # Errors  Last Runtime    Last Run               Last # of DB Queries
----------------------------------------------  -----  ---------  --------  ----------  --------------  -------------------  ----------------------
/opt/airflow/projet/dags/dag_pipeline_cacao.py                           1           0  0.08s           2026-08-27T17:11:36                      12
/opt/airflow/projet/dags/callbacks.py                                    0           0  0.05s           2026-08-27T17:11:36                       3
================================================================================
[2026-08-27T17:12:14.084+0000] {manager.py:997} INFO - 
================================================================================
DAG File Processing Stats

File Path                                       PID    Runtime      # DAGs    # Errors  Last Runtime    Last Run               Last # of DB Queries
----------------------------------------------  -----  ---------  --------  ----------  --------------  -------------------  ----------------------
/opt/airflow/projet/dags/dag_pipeline_cacao.py                           1           0  0.09s           2026-08-27T17:12:07                      12
/opt/airflow/projet/dags/callbacks.py                                    0           0  0.05s           2026-08-27T17:12:06                       3
================================================================================
[2026-08-27T17:12:55.012+0000] {manager.py:997} INFO - 
================================================================================
DAG File Processing Stats

File Path                                       PID    Runtime      # DAGs    # Errors  Last Runtime    Last Run               Last # of DB Queries
----------------------------------------------  -----  ---------  --------  ----------  --------------  -------------------  ----------------------
/opt/airflow/projet/dags/dag_pipeline_cacao.py                           1           0  0.10s           2026-08-27T17:12:37                      12
/opt/airflow/projet/dags/callbacks.py                                    0           0  0.04s           2026-08-27T17:12:37                       3
================================================================================
[2026-08-27T17:13:25.349+0000] {manager.py:997} INFO - 
================================================================================
DAG File Processing Stats

File Path                                       PID    Runtime      # DAGs    # Errors  Last Runtime    Last Run               Last # of DB Queries
----------------------------------------------  -----  ---------  --------  ----------  --------------  -------------------  ----------------------
/opt/airflow/projet/dags/dag_pipeline_cacao.py                           1           0  0.08s           2026-08-27T17:13:08                      12
/opt/airflow/projet/dags/callbacks.py                                    0           0  0.04s           2026-08-27T17:13:08                       3
================================================================================
[2026-08-27T17:13:55.769+0000] {manager.py:997} INFO - 
================================================================================
DAG File Processing Stats

File Path                                       PID    Runtime      # DAGs    # Errors  Last Runtime    Last Run               Last # of DB Queries
----------------------------------------------  -----  ---------  --------  ----------  --------------  -------------------  ----------------------
/opt/airflow/projet/dags/dag_pipeline_cacao.py                           1           0  0.10s           2026-08-27T17:13:38                      12
/opt/airflow/projet/dags/callbacks.py                                    0           0  0.04s           2026-08-27T17:13:38                       3
================================================================================
[2026-08-27T17:14:26.197+0000] {manager.py:997} INFO - 
================================================================================
DAG File Processing Stats

File Path                                       PID    Runtime      # DAGs    # Errors  Last Runtime    Last Run               Last # of DB Queries
----------------------------------------------  -----  ---------  --------  ----------  --------------  -------------------  ----------------------
/opt/airflow/projet/dags/dag_pipeline_cacao.py                           1           0  0.09s           2026-08-27T17:14:09                      12
/opt/airflow/projet/dags/callbacks.py                                    0           0  0.05s           2026-08-27T17:14:08                       3
================================================================================
[2026-08-27T17:14:56.669+0000] {manager.py:997} INFO - 
================================================================================
DAG File Processing Stats

File Path                                       PID    Runtime      # DAGs    # Errors  Last Runtime    Last Run               Last # of DB Queries
----------------------------------------------  -----  ---------  --------  ----------  --------------  -------------------  ----------------------
/opt/airflow/projet/dags/dag_pipeline_cacao.py                           1           0  0.08s           2026-08-27T17:14:39                      12
/opt/airflow/projet/dags/callbacks.py                                    0           0  0.04s           2026-08-27T17:14:39                       3
================================================================================
[2026-08-27T17:15:27.117+0000] {manager.py:997} INFO - 
================================================================================
DAG File Processing Stats

File Path                                       PID    Runtime      # DAGs    # Errors  Last Runtime    Last Run               Last # of DB Queries
----------------------------------------------  -----  ---------  --------  ----------  --------------  -------------------  ----------------------
/opt/airflow/projet/dags/dag_pipeline_cacao.py                           1           0  0.08s           2026-08-27T17:15:09                      12
/opt/airflow/projet/dags/callbacks.py                                    0           0  0.03s           2026-08-27T17:15:09                       3
================================================================================
[2026-08-27T17:15:57.586+0000] {manager.py:997} INFO - 
================================================================================
DAG File Processing Stats

File Path                                       PID    Runtime      # DAGs    # Errors  Last Runtime    Last Run               Last # of DB Queries
----------------------------------------------  -----  ---------  --------  ----------  --------------  -------------------  ----------------------
/opt/airflow/projet/dags/dag_pipeline_cacao.py                           1           0  0.09s           2026-08-27T17:15:40                      12
/opt/airflow/projet/dags/callbacks.py                                    0           0  0.04s           2026-08-27T17:15:40                       3
================================================================================
[2026-08-27T17:16:25.078+0000] {manager.py:821} INFO - Searching for files in /opt/airflow/projet/dags
[2026-08-27T17:16:25.086+0000] {manager.py:824} INFO - There are 2 files in /opt/airflow/projet/dags
[2026-08-27T17:16:28.118+0000] {manager.py:997} INFO - 
================================================================================
DAG File Processing Stats

File Path                                       PID    Runtime      # DAGs    # Errors  Last Runtime    Last Run               Last # of DB Queries
----------------------------------------------  -----  ---------  --------  ----------  --------------  -------------------  ----------------------
/opt/airflow/projet/dags/dag_pipeline_cacao.py                           1           0  0.09s           2026-08-27T17:16:10                      12
/opt/airflow/projet/dags/callbacks.py                                    0           0  0.05s           2026-08-27T17:16:10                       3
================================================================================
[2026-08-27T17:16:58.596+0000] {manager.py:997} INFO - 
================================================================================
DAG File Processing Stats

File Path                                       PID    Runtime      # DAGs    # Errors  Last Runtime    Last Run               Last # of DB Queries
----------------------------------------------  -----  ---------  --------  ----------  --------------  -------------------  ----------------------
/opt/airflow/projet/dags/dag_pipeline_cacao.py                           1           0  0.14s           2026-08-27T17:16:41                      12
/opt/airflow/projet/dags/callbacks.py                                    0           0  0.06s           2026-08-27T17:16:41                       3
================================================================================
[2026-08-27T17:17:29.030+0000] {manager.py:997} INFO - 
================================================================================
DAG File Processing Stats

File Path                                       PID    Runtime      # DAGs    # Errors  Last Runtime    Last Run               Last # of DB Queries
----------------------------------------------  -----  ---------  --------  ----------  --------------  -------------------  ----------------------
/opt/airflow/projet/dags/dag_pipeline_cacao.py                           1           0  0.09s           2026-08-27T17:17:11                      12
/opt/airflow/projet/dags/callbacks.py                                    0           0  0.05s           2026-08-27T17:17:11                       3
================================================================================
[2026-08-27T17:17:59.467+0000] {manager.py:997} INFO - 
================================================================================
DAG File Processing Stats

File Path                                       PID    Runtime      # DAGs    # Errors  Last Runtime    Last Run               Last # of DB Queries
----------------------------------------------  -----  ---------  --------  ----------  --------------  -------------------  ----------------------
/opt/airflow/projet/dags/dag_pipeline_cacao.py                           1           0  0.09s           2026-08-27T17:17:42                      12
/opt/airflow/projet/dags/callbacks.py                                    0           0  0.04s           2026-08-27T17:17:42                       3
================================================================================
[2026-08-27T17:18:29.835+0000] {manager.py:997} INFO - 
================================================================================
DAG File Processing Stats

File Path                                       PID    Runtime      # DAGs    # Errors  Last Runtime    Last Run               Last # of DB Queries
----------------------------------------------  -----  ---------  --------  ----------  --------------  -------------------  ----------------------
/opt/airflow/projet/dags/dag_pipeline_cacao.py                           1           0  0.11s           2026-08-27T17:18:12                      12
/opt/airflow/projet/dags/callbacks.py                                    0           0  0.05s           2026-08-27T17:18:12                       3
================================================================================
[2026-08-27T17:19:00.257+0000] {manager.py:997} INFO - 
================================================================================
DAG File Processing Stats

File Path                                       PID    Runtime      # DAGs    # Errors  Last Runtime    Last Run               Last # of DB Queries
----------------------------------------------  -----  ---------  --------  ----------  --------------  -------------------  ----------------------
/opt/airflow/projet/dags/dag_pipeline_cacao.py                           1           0  0.09s           2026-08-27T17:18:43                      12
/opt/airflow/projet/dags/callbacks.py                                    0           0  0.04s           2026-08-27T17:18:43                       3
================================================================================
[2026-08-27T17:19:30.651+0000] {manager.py:997} INFO - 
================================================================================
DAG File Processing Stats

File Path                                       PID    Runtime      # DAGs    # Errors  Last Runtime    Last Run               Last # of DB Queries
----------------------------------------------  -----  ---------  --------  ----------  --------------  -------------------  ----------------------
/opt/airflow/projet/dags/dag_pipeline_cacao.py                           1           0  0.09s           2026-08-27T17:19:13                      12
/opt/airflow/projet/dags/callbacks.py                                    0           0  0.05s           2026-08-27T17:19:13                       3
================================================================================
[2026-08-27T17:20:01.054+0000] {manager.py:997} INFO - 
================================================================================
DAG File Processing Stats

File Path                                       PID    Runtime      # DAGs    # Errors  Last Runtime    Last Run               Last # of DB Queries
----------------------------------------------  -----  ---------  --------  ----------  --------------  -------------------  ----------------------
/opt/airflow/projet/dags/dag_pipeline_cacao.py                           1           0  0.10s           2026-08-27T17:19:43                      12
/opt/airflow/projet/dags/callbacks.py                                    0           0  0.05s           2026-08-27T17:19:43                       3
================================================================================
[2026-08-27T17:20:31.439+0000] {manager.py:997} INFO - 
================================================================================
DAG File Processing Stats

File Path                                       PID    Runtime      # DAGs    # Errors  Last Runtime    Last Run               Last # of DB Queries
----------------------------------------------  -----  ---------  --------  ----------  --------------  -------------------  ----------------------
/opt/airflow/projet/dags/dag_pipeline_cacao.py                           1           0  0.07s           2026-08-27T17:20:14                      12
/opt/airflow/projet/dags/callbacks.py                                    0           0  0.03s           2026-08-27T17:20:14                       3
================================================================================
[2026-08-27T17:21:01.887+0000] {manager.py:997} INFO - 
================================================================================
DAG File Processing Stats

File Path                                       PID    Runtime      # DAGs    # Errors  Last Runtime    Last Run               Last # of DB Queries
----------------------------------------------  -----  ---------  --------  ----------  --------------  -------------------  ----------------------
/opt/airflow/projet/dags/dag_pipeline_cacao.py                           1           0  0.09s           2026-08-27T17:20:44                      12
/opt/airflow/projet/dags/callbacks.py                                    0           0  0.05s           2026-08-27T17:20:44                       3
================================================================================
[2026-08-27T17:21:25.223+0000] {manager.py:821} INFO - Searching for files in /opt/airflow/projet/dags
[2026-08-27T17:21:25.233+0000] {manager.py:824} INFO - There are 2 files in /opt/airflow/projet/dags
[2026-08-27T17:21:32.347+0000] {manager.py:997} INFO - 
================================================================================
DAG File Processing Stats

File Path                                       PID    Runtime      # DAGs    # Errors  Last Runtime    Last Run               Last # of DB Queries
----------------------------------------------  -----  ---------  --------  ----------  --------------  -------------------  ----------------------
/opt/airflow/projet/dags/dag_pipeline_cacao.py                           1           0  0.09s           2026-08-27T17:21:15                      12
/opt/airflow/projet/dags/callbacks.py                                    0           0  0.04s           2026-08-27T17:21:15                       3
================================================================================
[2026-08-27T17:22:02.807+0000] {manager.py:997} INFO - 
================================================================================
DAG File Processing Stats

File Path                                       PID    Runtime      # DAGs    # Errors  Last Runtime    Last Run               Last # of DB Queries
----------------------------------------------  -----  ---------  --------  ----------  --------------  -------------------  ----------------------
/opt/airflow/projet/dags/dag_pipeline_cacao.py                           1           0  0.11s           2026-08-27T17:21:45                      12
/opt/airflow/projet/dags/callbacks.py                                    0           0  0.05s           2026-08-27T17:21:45                       3
================================================================================
[2026-08-27T17:22:33.171+0000] {manager.py:997} INFO - 
================================================================================
DAG File Processing Stats

File Path                                       PID    Runtime      # DAGs    # Errors  Last Runtime    Last Run               Last # of DB Queries
----------------------------------------------  -----  ---------  --------  ----------  --------------  -------------------  ----------------------
/opt/airflow/projet/dags/dag_pipeline_cacao.py                           1           0  0.08s           2026-08-27T17:22:16                      12
/opt/airflow/projet/dags/callbacks.py                                    0           0  0.04s           2026-08-27T17:22:15                       3
================================================================================
[2026-08-27T17:23:03.561+0000] {manager.py:997} INFO - 
================================================================================
DAG File Processing Stats

File Path                                       PID    Runtime      # DAGs    # Errors  Last Runtime    Last Run               Last # of DB Queries
----------------------------------------------  -----  ---------  --------  ----------  --------------  -------------------  ----------------------
/opt/airflow/projet/dags/dag_pipeline_cacao.py                           1           0  0.08s           2026-08-27T17:22:46                      12
/opt/airflow/projet/dags/callbacks.py                                    0           0  0.04s           2026-08-27T17:22:46                       3
================================================================================
[2026-08-27T17:23:33.966+0000] {manager.py:997} INFO - 
================================================================================
DAG File Processing Stats

File Path                                       PID    Runtime      # DAGs    # Errors  Last Runtime    Last Run               Last # of DB Queries
----------------------------------------------  -----  ---------  --------  ----------  --------------  -------------------  ----------------------
/opt/airflow/projet/dags/dag_pipeline_cacao.py                           1           0  0.07s           2026-08-27T17:23:16                      12
/opt/airflow/projet/dags/callbacks.py                                    0           0  0.03s           2026-08-27T17:23:16                       3
================================================================================
[2026-08-27T17:24:04.435+0000] {manager.py:997} INFO - 
================================================================================
DAG File Processing Stats

File Path                                       PID    Runtime      # DAGs    # Errors  Last Runtime    Last Run               Last # of DB Queries
----------------------------------------------  -----  ---------  --------  ----------  --------------  -------------------  ----------------------
/opt/airflow/projet/dags/dag_pipeline_cacao.py                           1           0  0.12s           2026-08-27T17:23:47                      12
/opt/airflow/projet/dags/callbacks.py                                    0           0  0.06s           2026-08-27T17:23:47                       3
================================================================================
[2026-08-27T17:24:34.868+0000] {manager.py:997} INFO - 
================================================================================
DAG File Processing Stats

File Path                                       PID    Runtime      # DAGs    # Errors  Last Runtime    Last Run               Last # of DB Queries
----------------------------------------------  -----  ---------  --------  ----------  --------------  -------------------  ----------------------
/opt/airflow/projet/dags/dag_pipeline_cacao.py                           1           0  0.10s           2026-08-27T17:24:17                      12
/opt/airflow/projet/dags/callbacks.py                                    0           0  0.05s           2026-08-27T17:24:17                       3
================================================================================
[2026-08-27T17:25:05.332+0000] {manager.py:997} INFO - 
================================================================================
DAG File Processing Stats

File Path                                       PID    Runtime      # DAGs    # Errors  Last Runtime    Last Run               Last # of DB Queries
----------------------------------------------  -----  ---------  --------  ----------  --------------  -------------------  ----------------------
/opt/airflow/projet/dags/dag_pipeline_cacao.py                           1           0  0.11s           2026-08-27T17:24:48                      12
/opt/airflow/projet/dags/callbacks.py                                    0           0  0.05s           2026-08-27T17:24:48                       3
================================================================================
[2026-08-27T17:25:35.685+0000] {manager.py:997} INFO - 
================================================================================
DAG File Processing Stats

File Path                                       PID    Runtime      # DAGs    # Errors  Last Runtime    Last Run               Last # of DB Queries
----------------------------------------------  -----  ---------  --------  ----------  --------------  -------------------  ----------------------
/opt/airflow/projet/dags/dag_pipeline_cacao.py                           1           0  0.08s           2026-08-27T17:25:18                      12
/opt/airflow/projet/dags/callbacks.py                                    0           0  0.04s           2026-08-27T17:25:18                       3
================================================================================
[2026-08-27T17:26:06.104+0000] {manager.py:997} INFO - 
================================================================================
DAG File Processing Stats

File Path                                       PID    Runtime      # DAGs    # Errors  Last Runtime    Last Run               Last # of DB Queries
----------------------------------------------  -----  ---------  --------  ----------  --------------  -------------------  ----------------------
/opt/airflow/projet/dags/dag_pipeline_cacao.py                           1           0  0.10s           2026-08-27T17:25:48                      12
/opt/airflow/projet/dags/callbacks.py                                    0           0  0.04s           2026-08-27T17:25:48                       3
================================================================================
[2026-08-27T17:26:25.423+0000] {manager.py:821} INFO - Searching for files in /opt/airflow/projet/dags
[2026-08-27T17:26:25.432+0000] {manager.py:824} INFO - There are 2 files in /opt/airflow/projet/dags
[2026-08-27T17:26:36.554+0000] {manager.py:997} INFO - 
================================================================================
DAG File Processing Stats

File Path                                       PID    Runtime      # DAGs    # Errors  Last Runtime    Last Run               Last # of DB Queries
----------------------------------------------  -----  ---------  --------  ----------  --------------  -------------------  ----------------------
/opt/airflow/projet/dags/dag_pipeline_cacao.py                           1           0  0.09s           2026-08-27T17:26:19                      12
/opt/airflow/projet/dags/callbacks.py                                    0           0  0.04s           2026-08-27T17:26:19                       3
================================================================================
[2026-08-27T17:27:06.954+0000] {manager.py:997} INFO - 
================================================================================
DAG File Processing Stats

File Path                                       PID    Runtime      # DAGs    # Errors  Last Runtime    Last Run               Last # of DB Queries
----------------------------------------------  -----  ---------  --------  ----------  --------------  -------------------  ----------------------
/opt/airflow/projet/dags/dag_pipeline_cacao.py                           1           0  0.09s           2026-08-27T17:26:49                      12
/opt/airflow/projet/dags/callbacks.py                                    0           0  0.04s           2026-08-27T17:26:49                       3
================================================================================
[2026-08-27T17:27:37.382+0000] {manager.py:997} INFO - 
================================================================================
DAG File Processing Stats

File Path                                       PID    Runtime      # DAGs    # Errors  Last Runtime    Last Run               Last # of DB Queries
----------------------------------------------  -----  ---------  --------  ----------  --------------  -------------------  ----------------------
/opt/airflow/projet/dags/dag_pipeline_cacao.py                           1           0  0.11s           2026-08-27T17:27:20                      12
/opt/airflow/projet/dags/callbacks.py                                    0           0  0.05s           2026-08-27T17:27:20                       3
================================================================================
[2026-08-27T17:28:07.812+0000] {manager.py:997} INFO - 
================================================================================
DAG File Processing Stats

File Path                                       PID    Runtime      # DAGs    # Errors  Last Runtime    Last Run               Last # of DB Queries
----------------------------------------------  -----  ---------  --------  ----------  --------------  -------------------  ----------------------
/opt/airflow/projet/dags/dag_pipeline_cacao.py                           1           0  0.12s           2026-08-27T17:27:50                      12
/opt/airflow/projet/dags/callbacks.py                                    0           0  0.05s           2026-08-27T17:27:50                       3
================================================================================
[2026-08-27T17:28:38.198+0000] {manager.py:997} INFO - 
================================================================================
DAG File Processing Stats

File Path                                       PID    Runtime      # DAGs    # Errors  Last Runtime    Last Run               Last # of DB Queries
----------------------------------------------  -----  ---------  --------  ----------  --------------  -------------------  ----------------------
/opt/airflow/projet/dags/dag_pipeline_cacao.py                           1           0  0.08s           2026-08-27T17:28:21                      12
/opt/airflow/projet/dags/callbacks.py                                    0           0  0.04s           2026-08-27T17:28:20                       3
================================================================================
[2026-08-27T17:29:08.626+0000] {manager.py:997} INFO - 
================================================================================
DAG File Processing Stats

File Path                                       PID    Runtime      # DAGs    # Errors  Last Runtime    Last Run               Last # of DB Queries
----------------------------------------------  -----  ---------  --------  ----------  --------------  -------------------  ----------------------
/opt/airflow/projet/dags/dag_pipeline_cacao.py                           1           0  0.09s           2026-08-27T17:28:51                      12
/opt/airflow/projet/dags/callbacks.py                                    0           0  0.04s           2026-08-27T17:28:51                       3
================================================================================
[2026-08-27T17:29:39.042+0000] {manager.py:997} INFO - 
================================================================================
DAG File Processing Stats

File Path                                       PID    Runtime      # DAGs    # Errors  Last Runtime    Last Run               Last # of DB Queries
----------------------------------------------  -----  ---------  --------  ----------  --------------  -------------------  ----------------------
/opt/airflow/projet/dags/dag_pipeline_cacao.py                           1           0  0.09s           2026-08-27T17:29:21                      12
/opt/airflow/projet/dags/callbacks.py                                    0           0  0.04s           2026-08-27T17:29:21                       3
================================================================================
[2026-08-27T17:30:09.426+0000] {manager.py:997} INFO - 
================================================================================
DAG File Processing Stats

File Path                                       PID    Runtime      # DAGs    # Errors  Last Runtime    Last Run               Last # of DB Queries
----------------------------------------------  -----  ---------  --------  ----------  --------------  -------------------  ----------------------
/opt/airflow/projet/dags/dag_pipeline_cacao.py                           1           0  0.08s           2026-08-27T17:29:52                      12
/opt/airflow/projet/dags/callbacks.py                                    0           0  0.04s           2026-08-27T17:29:52                       3
================================================================================
[2026-08-27T17:30:39.784+0000] {manager.py:997} INFO - 
================================================================================
DAG File Processing Stats

File Path                                       PID    Runtime      # DAGs    # Errors  Last Runtime    Last Run               Last # of DB Queries
----------------------------------------------  -----  ---------  --------  ----------  --------------  -------------------  ----------------------
/opt/airflow/projet/dags/dag_pipeline_cacao.py                           1           0  0.09s           2026-08-27T17:30:22                      12
/opt/airflow/projet/dags/callbacks.py                                    0           0  0.05s           2026-08-27T17:30:22                       3
================================================================================
[2026-08-27T17:31:10.176+0000] {manager.py:997} INFO - 
================================================================================
DAG File Processing Stats

File Path                                       PID    Runtime      # DAGs    # Errors  Last Runtime    Last Run               Last # of DB Queries
----------------------------------------------  -----  ---------  --------  ----------  --------------  -------------------  ----------------------
/opt/airflow/projet/dags/dag_pipeline_cacao.py                           1           0  0.08s           2026-08-27T17:30:53                      12
/opt/airflow/projet/dags/callbacks.py                                    0           0  0.04s           2026-08-27T17:30:52                       3
================================================================================
[2026-08-27T17:31:25.457+0000] {manager.py:821} INFO - Searching for files in /opt/airflow/projet/dags
[2026-08-27T17:31:25.459+0000] {manager.py:824} INFO - There are 2 files in /opt/airflow/projet/dags
[2026-08-27T17:31:40.576+0000] {manager.py:997} INFO - 
================================================================================
DAG File Processing Stats

File Path                                       PID    Runtime      # DAGs    # Errors  Last Runtime    Last Run               Last # of DB Queries
----------------------------------------------  -----  ---------  --------  ----------  --------------  -------------------  ----------------------
/opt/airflow/projet/dags/dag_pipeline_cacao.py                           1           0  0.10s           2026-08-27T17:31:23                      12
/opt/airflow/projet/dags/callbacks.py                                    0           0  0.05s           2026-08-27T17:31:23                       3
================================================================================
[2026-08-27T17:32:11.003+0000] {manager.py:997} INFO - 
================================================================================
DAG File Processing Stats

File Path                                       PID    Runtime      # DAGs    # Errors  Last Runtime    Last Run               Last # of DB Queries
----------------------------------------------  -----  ---------  --------  ----------  --------------  -------------------  ----------------------
/opt/airflow/projet/dags/dag_pipeline_cacao.py                           1           0  0.10s           2026-08-27T17:31:53                      12
/opt/airflow/projet/dags/callbacks.py                                    0           0  0.05s           2026-08-27T17:31:53                       3
================================================================================
[2026-08-27T17:32:41.430+0000] {manager.py:997} INFO - 
================================================================================
DAG File Processing Stats

File Path                                       PID    Runtime      # DAGs    # Errors  Last Runtime    Last Run               Last # of DB Queries
----------------------------------------------  -----  ---------  --------  ----------  --------------  -------------------  ----------------------
/opt/airflow/projet/dags/dag_pipeline_cacao.py                           1           0  0.08s           2026-08-27T17:32:24                      12
/opt/airflow/projet/dags/callbacks.py                                    0           0  0.03s           2026-08-27T17:32:24                       3
================================================================================
[2026-08-27T17:33:11.821+0000] {manager.py:997} INFO - 
================================================================================
DAG File Processing Stats

File Path                                       PID    Runtime      # DAGs    # Errors  Last Runtime    Last Run               Last # of DB Queries
----------------------------------------------  -----  ---------  --------  ----------  --------------  -------------------  ----------------------
/opt/airflow/projet/dags/dag_pipeline_cacao.py                           1           0  0.20s           2026-08-27T17:32:54                      12
/opt/airflow/projet/dags/callbacks.py                                    0           0  0.08s           2026-08-27T17:32:54                       3
================================================================================
[2026-08-27T17:33:42.250+0000] {manager.py:997} INFO - 
================================================================================
DAG File Processing Stats

File Path                                       PID    Runtime      # DAGs    # Errors  Last Runtime    Last Run               Last # of DB Queries
----------------------------------------------  -----  ---------  --------  ----------  --------------  -------------------  ----------------------
/opt/airflow/projet/dags/dag_pipeline_cacao.py                           1           0  0.17s           2026-08-27T17:33:25                      12
/opt/airflow/projet/dags/callbacks.py                                    0           0  0.08s           2026-08-27T17:33:25                       3
================================================================================
[2026-08-27T17:34:12.638+0000] {manager.py:997} INFO - 
================================================================================
DAG File Processing Stats

File Path                                       PID    Runtime      # DAGs    # Errors  Last Runtime    Last Run               Last # of DB Queries
----------------------------------------------  -----  ---------  --------  ----------  --------------  -------------------  ----------------------
/opt/airflow/projet/dags/dag_pipeline_cacao.py                           1           0  0.11s           2026-08-27T17:33:55                      12
/opt/airflow/projet/dags/callbacks.py                                    0           0  0.05s           2026-08-27T17:33:55                       3
================================================================================
[2026-08-27T17:34:43.014+0000] {manager.py:997} INFO - 
================================================================================
DAG File Processing Stats

File Path                                       PID    Runtime      # DAGs    # Errors  Last Runtime    Last Run               Last # of DB Queries
----------------------------------------------  -----  ---------  --------  ----------  --------------  -------------------  ----------------------
/opt/airflow/projet/dags/dag_pipeline_cacao.py                           1           0  0.10s           2026-08-27T17:34:25                      12
/opt/airflow/projet/dags/callbacks.py                                    0           0  0.05s           2026-08-27T17:34:25                       3
================================================================================
[2026-08-27T17:35:13.497+0000] {manager.py:997} INFO - 
================================================================================
DAG File Processing Stats

File Path                                       PID    Runtime      # DAGs    # Errors  Last Runtime    Last Run               Last # of DB Queries
----------------------------------------------  -----  ---------  --------  ----------  --------------  -------------------  ----------------------
/opt/airflow/projet/dags/dag_pipeline_cacao.py                           1           0  0.14s           2026-08-27T17:34:56                      12
/opt/airflow/projet/dags/callbacks.py                                    0           0  0.07s           2026-08-27T17:34:56                       3
================================================================================
[2026-08-27T17:35:43.917+0000] {manager.py:997} INFO - 
================================================================================
DAG File Processing Stats

File Path                                       PID    Runtime      # DAGs    # Errors  Last Runtime    Last Run               Last # of DB Queries
----------------------------------------------  -----  ---------  --------  ----------  --------------  -------------------  ----------------------
/opt/airflow/projet/dags/dag_pipeline_cacao.py                           1           0  0.09s           2026-08-27T17:35:26                      12
/opt/airflow/projet/dags/callbacks.py                                    0           0  0.04s           2026-08-27T17:35:26                       3
================================================================================
[2026-08-27T17:36:14.300+0000] {manager.py:997} INFO - 
================================================================================
DAG File Processing Stats

File Path                                       PID    Runtime      # DAGs    # Errors  Last Runtime    Last Run               Last # of DB Queries
----------------------------------------------  -----  ---------  --------  ----------  --------------  -------------------  ----------------------
/opt/airflow/projet/dags/dag_pipeline_cacao.py                           1           0  0.07s           2026-08-27T17:35:57                      12
/opt/airflow/projet/dags/callbacks.py                                    0           0  0.04s           2026-08-27T17:35:57                       3
================================================================================
[2026-08-27T17:36:26.420+0000] {manager.py:821} INFO - Searching for files in /opt/airflow/projet/dags
[2026-08-27T17:36:26.425+0000] {manager.py:824} INFO - There are 2 files in /opt/airflow/projet/dags
[2026-08-27T17:36:44.717+0000] {manager.py:997} INFO - 
================================================================================
DAG File Processing Stats

File Path                                       PID    Runtime      # DAGs    # Errors  Last Runtime    Last Run               Last # of DB Queries
----------------------------------------------  -----  ---------  --------  ----------  --------------  -------------------  ----------------------
/opt/airflow/projet/dags/dag_pipeline_cacao.py                           1           0  0.08s           2026-08-27T17:36:27                      12
/opt/airflow/projet/dags/callbacks.py                                    0           0  0.04s           2026-08-27T17:36:27                       3
================================================================================
[2026-08-27T17:37:15.108+0000] {manager.py:997} INFO - 
================================================================================
DAG File Processing Stats

File Path                                       PID    Runtime      # DAGs    # Errors  Last Runtime    Last Run               Last # of DB Queries
----------------------------------------------  -----  ---------  --------  ----------  --------------  -------------------  ----------------------
/opt/airflow/projet/dags/dag_pipeline_cacao.py                           1           0  0.10s           2026-08-27T17:36:57                      12
/opt/airflow/projet/dags/callbacks.py                                    0           0  0.04s           2026-08-27T17:36:57                       3
================================================================================
[2026-08-27T17:37:45.505+0000] {manager.py:997} INFO - 
================================================================================
DAG File Processing Stats

File Path                                       PID    Runtime      # DAGs    # Errors  Last Runtime    Last Run               Last # of DB Queries
----------------------------------------------  -----  ---------  --------  ----------  --------------  -------------------  ----------------------
/opt/airflow/projet/dags/dag_pipeline_cacao.py                           1           0  0.11s           2026-08-27T17:37:28                      12
/opt/airflow/projet/dags/callbacks.py                                    0           0  0.05s           2026-08-27T17:37:28                       3
================================================================================
[2026-08-27T17:38:15.949+0000] {manager.py:997} INFO - 
================================================================================
DAG File Processing Stats

File Path                                       PID    Runtime      # DAGs    # Errors  Last Runtime    Last Run               Last # of DB Queries
----------------------------------------------  -----  ---------  --------  ----------  --------------  -------------------  ----------------------
/opt/airflow/projet/dags/dag_pipeline_cacao.py                           1           0  0.19s           2026-08-27T17:37:58                      12
/opt/airflow/projet/dags/callbacks.py                                    0           0  0.09s           2026-08-27T17:37:58                       3
================================================================================
[2026-08-27T17:38:46.387+0000] {manager.py:997} INFO - 
================================================================================
DAG File Processing Stats

File Path                                       PID    Runtime      # DAGs    # Errors  Last Runtime    Last Run               Last # of DB Queries
----------------------------------------------  -----  ---------  --------  ----------  --------------  -------------------  ----------------------
/opt/airflow/projet/dags/dag_pipeline_cacao.py                           1           0  0.11s           2026-08-27T17:38:29                      12
/opt/airflow/projet/dags/callbacks.py                                    0           0  0.05s           2026-08-27T17:38:29                       3
================================================================================
[2026-08-27T17:39:16.904+0000] {manager.py:997} INFO - 
================================================================================
DAG File Processing Stats

File Path                                       PID    Runtime      # DAGs    # Errors  Last Runtime    Last Run               Last # of DB Queries
----------------------------------------------  -----  ---------  --------  ----------  --------------  -------------------  ----------------------
/opt/airflow/projet/dags/dag_pipeline_cacao.py                           1           0  0.10s           2026-08-27T17:38:59                      12
/opt/airflow/projet/dags/callbacks.py                                    0           0  0.04s           2026-08-27T17:38:59                       3
================================================================================
[2026-08-27T17:39:47.417+0000] {manager.py:997} INFO - 
================================================================================
DAG File Processing Stats

File Path                                       PID    Runtime      # DAGs    # Errors  Last Runtime    Last Run               Last # of DB Queries
----------------------------------------------  -----  ---------  --------  ----------  --------------  -------------------  ----------------------
/opt/airflow/projet/dags/dag_pipeline_cacao.py                           1           0  0.08s           2026-08-27T17:39:30                      12
/opt/airflow/projet/dags/callbacks.py                                    0           0  0.04s           2026-08-27T17:39:30                       3
================================================================================
[2026-08-27T17:45:05.511+0000] {manager.py:821} INFO - Searching for files in /opt/airflow/projet/dags
[2026-08-27T17:45:05.518+0000] {manager.py:824} INFO - There are 2 files in /opt/airflow/projet/dags
[2026-08-27T17:45:18.795+0000] {manager.py:997} INFO - 
================================================================================
DAG File Processing Stats

File Path                                       PID    Runtime      # DAGs    # Errors  Last Runtime    Last Run               Last # of DB Queries
----------------------------------------------  -----  ---------  --------  ----------  --------------  -------------------  ----------------------
/opt/airflow/projet/dags/dag_pipeline_cacao.py                           1           0  0.08s           2026-08-27T17:45:05                      12
/opt/airflow/projet/dags/callbacks.py                                    0           0  0.04s           2026-08-27T17:45:05                       3
================================================================================
[2026-08-27T17:48:19.801+0000] {manager.py:997} INFO - 
================================================================================
DAG File Processing Stats

File Path                                       PID    Runtime      # DAGs    # Errors  Last Runtime    Last Run               Last # of DB Queries
----------------------------------------------  -----  ---------  --------  ----------  --------------  -------------------  ----------------------
/opt/airflow/projet/dags/dag_pipeline_cacao.py                           1           0  0.16s           2026-08-27T17:48:06                      12
/opt/airflow/projet/dags/callbacks.py                                    0           0  0.08s           2026-08-27T17:48:06                       3
================================================================================
[2026-08-27T17:48:50.201+0000] {manager.py:997} INFO - 
================================================================================
DAG File Processing Stats

File Path                                       PID    Runtime      # DAGs    # Errors  Last Runtime    Last Run               Last # of DB Queries
----------------------------------------------  -----  ---------  --------  ----------  --------------  -------------------  ----------------------
/opt/airflow/projet/dags/dag_pipeline_cacao.py                           1           0  0.08s           2026-08-27T17:48:37                      12
/opt/airflow/projet/dags/callbacks.py                                    0           0  0.04s           2026-08-27T17:48:37                       3
================================================================================
[2026-08-27T17:49:20.612+0000] {manager.py:997} INFO - 
================================================================================
DAG File Processing Stats

File Path                                       PID    Runtime      # DAGs    # Errors  Last Runtime    Last Run               Last # of DB Queries
----------------------------------------------  -----  ---------  --------  ----------  --------------  -------------------  ----------------------
/opt/airflow/projet/dags/dag_pipeline_cacao.py                           1           0  0.09s           2026-08-27T17:49:07                      12
/opt/airflow/projet/dags/callbacks.py                                    0           0  0.04s           2026-08-27T17:49:07                       3
================================================================================
[2026-08-27T17:49:50.953+0000] {manager.py:997} INFO - 
================================================================================
DAG File Processing Stats

File Path                                       PID    Runtime      # DAGs    # Errors  Last Runtime    Last Run               Last # of DB Queries
----------------------------------------------  -----  ---------  --------  ----------  --------------  -------------------  ----------------------
/opt/airflow/projet/dags/dag_pipeline_cacao.py                           1           0  0.07s           2026-08-27T17:49:37                      12
/opt/airflow/projet/dags/callbacks.py                                    0           0  0.04s           2026-08-27T17:49:37                       3
================================================================================
[2026-08-27T17:50:06.113+0000] {manager.py:821} INFO - Searching for files in /opt/airflow/projet/dags
[2026-08-27T17:50:06.118+0000] {manager.py:824} INFO - There are 2 files in /opt/airflow/projet/dags
[2026-08-27T17:50:21.373+0000] {manager.py:997} INFO - 
================================================================================
DAG File Processing Stats

File Path                                       PID    Runtime      # DAGs    # Errors  Last Runtime    Last Run               Last # of DB Queries
----------------------------------------------  -----  ---------  --------  ----------  --------------  -------------------  ----------------------
/opt/airflow/projet/dags/dag_pipeline_cacao.py                           1           0  0.08s           2026-08-27T17:50:08                      12
/opt/airflow/projet/dags/callbacks.py                                    0           0  0.04s           2026-08-27T17:50:08                       3
================================================================================
[2026-08-27T17:50:51.782+0000] {manager.py:997} INFO - 
================================================================================
DAG File Processing Stats

File Path                                       PID    Runtime      # DAGs    # Errors  Last Runtime    Last Run               Last # of DB Queries
----------------------------------------------  -----  ---------  --------  ----------  --------------  -------------------  ----------------------
/opt/airflow/projet/dags/dag_pipeline_cacao.py                           1           0  0.10s           2026-08-27T17:50:38                      12
/opt/airflow/projet/dags/callbacks.py                                    0           0  0.05s           2026-08-27T17:50:38                       3
================================================================================
[2026-08-27T17:51:22.225+0000] {manager.py:997} INFO - 
================================================================================
DAG File Processing Stats

File Path                                       PID    Runtime      # DAGs    # Errors  Last Runtime    Last Run               Last # of DB Queries
----------------------------------------------  -----  ---------  --------  ----------  --------------  -------------------  ----------------------
/opt/airflow/projet/dags/dag_pipeline_cacao.py                           1           0  0.09s           2026-08-27T17:51:09                      12
/opt/airflow/projet/dags/callbacks.py                                    0           0  0.05s           2026-08-27T17:51:09                       3
================================================================================
[2026-08-27T17:51:52.669+0000] {manager.py:997} INFO - 
================================================================================
DAG File Processing Stats

File Path                                       PID    Runtime      # DAGs    # Errors  Last Runtime    Last Run               Last # of DB Queries
----------------------------------------------  -----  ---------  --------  ----------  --------------  -------------------  ----------------------
/opt/airflow/projet/dags/dag_pipeline_cacao.py                           1           0  0.16s           2026-08-27T17:51:39                      12
/opt/airflow/projet/dags/callbacks.py                                    0           0  0.07s           2026-08-27T17:51:39                       3
================================================================================
[2026-08-27T17:52:23.074+0000] {manager.py:997} INFO - 
================================================================================
DAG File Processing Stats

File Path                                       PID    Runtime      # DAGs    # Errors  Last Runtime    Last Run               Last # of DB Queries
----------------------------------------------  -----  ---------  --------  ----------  --------------  -------------------  ----------------------
/opt/airflow/projet/dags/dag_pipeline_cacao.py                           1           0  0.10s           2026-08-27T17:52:09                      12
/opt/airflow/projet/dags/callbacks.py                                    0           0  0.05s           2026-08-27T17:52:09                       3
================================================================================
[2026-08-27T17:52:53.467+0000] {manager.py:997} INFO - 
================================================================================
DAG File Processing Stats

File Path                                       PID    Runtime      # DAGs    # Errors  Last Runtime    Last Run               Last # of DB Queries
----------------------------------------------  -----  ---------  --------  ----------  --------------  -------------------  ----------------------
/opt/airflow/projet/dags/dag_pipeline_cacao.py                           1           0  0.08s           2026-08-27T17:52:40                      12
/opt/airflow/projet/dags/callbacks.py                                    0           0  0.04s           2026-08-27T17:52:40                       3
================================================================================
[2026-08-27T17:53:23.841+0000] {manager.py:997} INFO - 
================================================================================
DAG File Processing Stats

File Path                                       PID    Runtime      # DAGs    # Errors  Last Runtime    Last Run               Last # of DB Queries
----------------------------------------------  -----  ---------  --------  ----------  --------------  -------------------  ----------------------
/opt/airflow/projet/dags/dag_pipeline_cacao.py                           1           0  0.09s           2026-08-27T17:53:10                      12
/opt/airflow/projet/dags/callbacks.py                                    0           0  0.04s           2026-08-27T17:53:10                       3
================================================================================
[2026-08-27T17:53:54.201+0000] {manager.py:997} INFO - 
================================================================================
DAG File Processing Stats

File Path                                       PID    Runtime      # DAGs    # Errors  Last Runtime    Last Run               Last # of DB Queries
----------------------------------------------  -----  ---------  --------  ----------  --------------  -------------------  ----------------------
/opt/airflow/projet/dags/dag_pipeline_cacao.py                           1           0  0.08s           2026-08-27T17:53:41                      12
/opt/airflow/projet/dags/callbacks.py                                    0           0  0.04s           2026-08-27T17:53:41                       3
================================================================================
[2026-08-27T17:54:24.627+0000] {manager.py:997} INFO - 
================================================================================
DAG File Processing Stats

File Path                                       PID    Runtime      # DAGs    # Errors  Last Runtime    Last Run               Last # of DB Queries
----------------------------------------------  -----  ---------  --------  ----------  --------------  -------------------  ----------------------
/opt/airflow/projet/dags/dag_pipeline_cacao.py                           1           0  0.07s           2026-08-27T17:54:11                      12
/opt/airflow/projet/dags/callbacks.py                                    0           0  0.03s           2026-08-27T17:54:11                       3
================================================================================
[2026-08-27T17:54:55.051+0000] {manager.py:997} INFO - 
================================================================================
DAG File Processing Stats

File Path                                       PID    Runtime      # DAGs    # Errors  Last Runtime    Last Run               Last # of DB Queries
----------------------------------------------  -----  ---------  --------  ----------  --------------  -------------------  ----------------------
/opt/airflow/projet/dags/dag_pipeline_cacao.py                           1           0  0.10s           2026-08-27T17:54:41                      12
/opt/airflow/projet/dags/callbacks.py                                    0           0  0.05s           2026-08-27T17:54:41                       3
================================================================================
[2026-08-27T17:55:06.198+0000] {manager.py:821} INFO - Searching for files in /opt/airflow/projet/dags
[2026-08-27T17:55:06.207+0000] {manager.py:824} INFO - There are 2 files in /opt/airflow/projet/dags
[2026-08-27T17:55:25.522+0000] {manager.py:997} INFO - 
================================================================================
DAG File Processing Stats

File Path                                       PID    Runtime      # DAGs    # Errors  Last Runtime    Last Run               Last # of DB Queries
----------------------------------------------  -----  ---------  --------  ----------  --------------  -------------------  ----------------------
/opt/airflow/projet/dags/dag_pipeline_cacao.py                           1           0  0.09s           2026-08-27T17:55:12                      12
/opt/airflow/projet/dags/callbacks.py                                    0           0  0.05s           2026-08-27T17:55:12                       3
================================================================================
[2026-08-27T17:55:55.873+0000] {manager.py:997} INFO - 
================================================================================
DAG File Processing Stats

File Path                                       PID    Runtime      # DAGs    # Errors  Last Runtime    Last Run               Last # of DB Queries
----------------------------------------------  -----  ---------  --------  ----------  --------------  -------------------  ----------------------
/opt/airflow/projet/dags/dag_pipeline_cacao.py                           1           0  0.08s           2026-08-27T17:55:42                      12
/opt/airflow/projet/dags/callbacks.py                                    0           0  0.04s           2026-08-27T17:55:42                       3
================================================================================
[2026-08-27T17:56:26.280+0000] {manager.py:997} INFO - 
================================================================================
DAG File Processing Stats

File Path                                       PID    Runtime      # DAGs    # Errors  Last Runtime    Last Run               Last # of DB Queries
----------------------------------------------  -----  ---------  --------  ----------  --------------  -------------------  ----------------------
/opt/airflow/projet/dags/dag_pipeline_cacao.py                           1           0  0.08s           2026-08-27T17:56:13                      12
/opt/airflow/projet/dags/callbacks.py                                    0           0  0.04s           2026-08-27T17:56:13                       3
================================================================================
[2026-08-27T17:56:56.703+0000] {manager.py:997} INFO - 
================================================================================
DAG File Processing Stats

File Path                                       PID    Runtime      # DAGs    # Errors  Last Runtime    Last Run               Last # of DB Queries
----------------------------------------------  -----  ---------  --------  ----------  --------------  -------------------  ----------------------
/opt/airflow/projet/dags/dag_pipeline_cacao.py                           1           0  0.09s           2026-08-27T17:56:43                      12
/opt/airflow/projet/dags/callbacks.py                                    0           0  0.05s           2026-08-27T17:56:43                       3
================================================================================
[2026-08-27T17:57:27.031+0000] {manager.py:997} INFO - 
================================================================================
DAG File Processing Stats

File Path                                       PID    Runtime      # DAGs    # Errors  Last Runtime    Last Run               Last # of DB Queries
----------------------------------------------  -----  ---------  --------  ----------  --------------  -------------------  ----------------------
/opt/airflow/projet/dags/dag_pipeline_cacao.py                           1           0  0.09s           2026-08-27T17:57:13                      12
/opt/airflow/projet/dags/callbacks.py                                    0           0  0.04s           2026-08-27T17:57:13                       3
================================================================================
[2026-08-27T17:57:57.466+0000] {manager.py:997} INFO - 
================================================================================
DAG File Processing Stats

File Path                                       PID    Runtime      # DAGs    # Errors  Last Runtime    Last Run               Last # of DB Queries
----------------------------------------------  -----  ---------  --------  ----------  --------------  -------------------  ----------------------
/opt/airflow/projet/dags/dag_pipeline_cacao.py                           1           0  0.09s           2026-08-27T17:57:44                      12
/opt/airflow/projet/dags/callbacks.py                                    0           0  0.05s           2026-08-27T17:57:44                       3
================================================================================
[2026-08-27T17:58:27.877+0000] {manager.py:997} INFO - 
================================================================================
DAG File Processing Stats

File Path                                       PID    Runtime      # DAGs    # Errors  Last Runtime    Last Run               Last # of DB Queries
----------------------------------------------  -----  ---------  --------  ----------  --------------  -------------------  ----------------------
/opt/airflow/projet/dags/dag_pipeline_cacao.py                           1           0  0.10s           2026-08-27T17:58:14                      12
/opt/airflow/projet/dags/callbacks.py                                    0           0  0.05s           2026-08-27T17:58:14                       3
================================================================================
[2026-08-27T17:58:58.233+0000] {manager.py:997} INFO - 
================================================================================
DAG File Processing Stats

File Path                                       PID    Runtime      # DAGs    # Errors  Last Runtime    Last Run               Last # of DB Queries
----------------------------------------------  -----  ---------  --------  ----------  --------------  -------------------  ----------------------
/opt/airflow/projet/dags/dag_pipeline_cacao.py                           1           0  0.08s           2026-08-27T17:58:45                      12
/opt/airflow/projet/dags/callbacks.py                                    0           0  0.04s           2026-08-27T17:58:45                       3
================================================================================
[2026-08-27T17:59:28.609+0000] {manager.py:997} INFO - 
================================================================================
DAG File Processing Stats

File Path                                       PID    Runtime      # DAGs    # Errors  Last Runtime    Last Run               Last # of DB Queries
----------------------------------------------  -----  ---------  --------  ----------  --------------  -------------------  ----------------------
/opt/airflow/projet/dags/dag_pipeline_cacao.py                           1           0  0.09s           2026-08-27T17:59:15                      12
/opt/airflow/projet/dags/callbacks.py                                    0           0  0.04s           2026-08-27T17:59:15                       3
================================================================================
[2026-08-27T17:59:58.956+0000] {manager.py:997} INFO - 
================================================================================
DAG File Processing Stats

File Path                                       PID    Runtime      # DAGs    # Errors  Last Runtime    Last Run               Last # of DB Queries
----------------------------------------------  -----  ---------  --------  ----------  --------------  -------------------  ----------------------
/opt/airflow/projet/dags/dag_pipeline_cacao.py                           1           0  0.08s           2026-08-27T17:59:45                      12
/opt/airflow/projet/dags/callbacks.py                                    0           0  0.04s           2026-08-27T17:59:45                       3
================================================================================
[2026-08-27T18:00:07.072+0000] {manager.py:821} INFO - Searching for files in /opt/airflow/projet/dags
[2026-08-27T18:00:07.081+0000] {manager.py:824} INFO - There are 2 files in /opt/airflow/projet/dags
[2026-08-27T18:00:29.438+0000] {manager.py:997} INFO - 
================================================================================
DAG File Processing Stats

File Path                                       PID    Runtime      # DAGs    # Errors  Last Runtime    Last Run               Last # of DB Queries
----------------------------------------------  -----  ---------  --------  ----------  --------------  -------------------  ----------------------
/opt/airflow/projet/dags/dag_pipeline_cacao.py                           1           0  0.09s           2026-08-27T18:00:16                      12
/opt/airflow/projet/dags/callbacks.py                                    0           0  0.04s           2026-08-27T18:00:16                       3
================================================================================
[2026-08-27T18:00:59.875+0000] {manager.py:997} INFO - 
================================================================================
DAG File Processing Stats

File Path                                       PID    Runtime      # DAGs    # Errors  Last Runtime    Last Run               Last # of DB Queries
----------------------------------------------  -----  ---------  --------  ----------  --------------  -------------------  ----------------------
/opt/airflow/projet/dags/dag_pipeline_cacao.py                           1           0  0.09s           2026-08-27T18:00:46                      12
/opt/airflow/projet/dags/callbacks.py                                    0           0  0.05s           2026-08-27T18:00:46                       3
================================================================================
[2026-08-27T18:01:14.506+0000] {manager.py:465} INFO - Exiting gracefully upon receiving signal 15
[2026-08-30T11:34:04.647+0000] {manager.py:483} INFO - Processing files using up to 2 processes at a time 
[2026-08-30T11:34:04.648+0000] {manager.py:484} INFO - Process each file at most once every 30 seconds
[2026-08-30T11:34:04.649+0000] {manager.py:485} INFO - Checking for new files in /opt/airflow/projet/dags every 300 seconds
[2026-08-30T11:34:04.650+0000] {manager.py:821} INFO - Searching for files in /opt/airflow/projet/dags
[2026-08-30T11:34:04.660+0000] {manager.py:824} INFO - There are 2 files in /opt/airflow/projet/dags
[2026-08-30T11:34:12.846+0000] {manager.py:997} INFO - 
================================================================================
DAG File Processing Stats

File Path                                       PID    Runtime      # DAGs    # Errors  Last Runtime    Last Run               Last # of DB Queries
----------------------------------------------  -----  ---------  --------  ----------  --------------  -------------------  ----------------------
/opt/airflow/projet/dags/dag_pipeline_cacao.py                           1           0  0.07s           2026-08-30T11:34:04                      12
/opt/airflow/projet/dags/callbacks.py                                    0           0  0.03s           2026-08-30T11:34:04                       3
================================================================================
[2026-08-30T11:34:43.180+0000] {manager.py:997} INFO - 
================================================================================
DAG File Processing Stats

File Path                                       PID    Runtime      # DAGs    # Errors  Last Runtime    Last Run               Last # of DB Queries
----------------------------------------------  -----  ---------  --------  ----------  --------------  -------------------  ----------------------
/opt/airflow/projet/dags/dag_pipeline_cacao.py                           1           0  0.10s           2026-08-30T11:34:35                      12
/opt/airflow/projet/dags/callbacks.py                                    0           0  0.04s           2026-08-30T11:34:35                       3
================================================================================
[2026-08-30T11:35:13.529+0000] {manager.py:997} INFO - 
================================================================================
DAG File Processing Stats

File Path                                       PID    Runtime      # DAGs    # Errors  Last Runtime    Last Run               Last # of DB Queries
----------------------------------------------  -----  ---------  --------  ----------  --------------  -------------------  ----------------------
/opt/airflow/projet/dags/dag_pipeline_cacao.py                           1           0  0.09s           2026-08-30T11:35:05                      12
/opt/airflow/projet/dags/callbacks.py                                    0           0  0.04s           2026-08-30T11:35:05                       3
================================================================================
[2026-08-30T11:35:43.917+0000] {manager.py:997} INFO - 
================================================================================
DAG File Processing Stats

File Path                                       PID    Runtime      # DAGs    # Errors  Last Runtime    Last Run               Last # of DB Queries
----------------------------------------------  -----  ---------  --------  ----------  --------------  -------------------  ----------------------
/opt/airflow/projet/dags/dag_pipeline_cacao.py                           1           0  0.17s           2026-08-30T11:35:35                      12
/opt/airflow/projet/dags/callbacks.py                                    0           0  0.04s           2026-08-30T11:35:35                       3
================================================================================
[2026-08-30T11:36:14.289+0000] {manager.py:997} INFO - 
================================================================================
DAG File Processing Stats

File Path                                       PID    Runtime      # DAGs    # Errors  Last Runtime    Last Run               Last # of DB Queries
----------------------------------------------  -----  ---------  --------  ----------  --------------  -------------------  ----------------------
/opt/airflow/projet/dags/dag_pipeline_cacao.py                           1           0  0.18s           2026-08-30T11:36:06                      12
/opt/airflow/projet/dags/callbacks.py                                    0           0  0.04s           2026-08-30T11:36:06                       3
================================================================================
[2026-08-30T11:36:44.651+0000] {manager.py:997} INFO - 
================================================================================
DAG File Processing Stats

File Path                                       PID    Runtime      # DAGs    # Errors  Last Runtime    Last Run               Last # of DB Queries
----------------------------------------------  -----  ---------  --------  ----------  --------------  -------------------  ----------------------
/opt/airflow/projet/dags/dag_pipeline_cacao.py                           1           0  0.22s           2026-08-30T11:36:36                      12
/opt/airflow/projet/dags/callbacks.py                                    0           0  0.06s           2026-08-30T11:36:36                       3
================================================================================
[2026-08-30T11:37:14.988+0000] {manager.py:997} INFO - 
================================================================================
DAG File Processing Stats

File Path                                       PID    Runtime      # DAGs    # Errors  Last Runtime    Last Run               Last # of DB Queries
----------------------------------------------  -----  ---------  --------  ----------  --------------  -------------------  ----------------------
/opt/airflow/projet/dags/dag_pipeline_cacao.py                           1           0  0.07s           2026-08-30T11:37:06                      12
/opt/airflow/projet/dags/callbacks.py                                    0           0  0.03s           2026-08-30T11:37:06                       3
================================================================================
[2026-08-30T11:37:45.291+0000] {manager.py:997} INFO - 
================================================================================
DAG File Processing Stats

File Path                                       PID    Runtime      # DAGs    # Errors  Last Runtime    Last Run               Last # of DB Queries
----------------------------------------------  -----  ---------  --------  ----------  --------------  -------------------  ----------------------
/opt/airflow/projet/dags/dag_pipeline_cacao.py                           1           0  0.25s           2026-08-30T11:37:37                      12
/opt/airflow/projet/dags/callbacks.py                                    0           0  0.05s           2026-08-30T11:37:37                       3
================================================================================
[2026-08-30T11:38:15.610+0000] {manager.py:997} INFO - 
================================================================================
DAG File Processing Stats

File Path                                       PID    Runtime      # DAGs    # Errors  Last Runtime    Last Run               Last # of DB Queries
----------------------------------------------  -----  ---------  --------  ----------  --------------  -------------------  ----------------------
/opt/airflow/projet/dags/dag_pipeline_cacao.py                           1           0  0.17s           2026-08-30T11:38:07                      12
/opt/airflow/projet/dags/callbacks.py                                    0           0  0.04s           2026-08-30T11:38:07                       3
================================================================================
[2026-08-30T11:38:45.922+0000] {manager.py:997} INFO - 
================================================================================
DAG File Processing Stats

File Path                                       PID    Runtime      # DAGs    # Errors  Last Runtime    Last Run               Last # of DB Queries
----------------------------------------------  -----  ---------  --------  ----------  --------------  -------------------  ----------------------
/opt/airflow/projet/dags/dag_pipeline_cacao.py                           1           0  0.19s           2026-08-30T11:38:37                      12
/opt/airflow/projet/dags/callbacks.py                                    0           0  0.04s           2026-08-30T11:38:37                       3
================================================================================
[2026-08-30T11:39:05.108+0000] {manager.py:821} INFO - Searching for files in /opt/airflow/projet/dags
[2026-08-30T11:39:05.114+0000] {manager.py:824} INFO - There are 2 files in /opt/airflow/projet/dags
[2026-08-30T11:39:16.420+0000] {manager.py:997} INFO - 
================================================================================
DAG File Processing Stats

File Path                                       PID    Runtime      # DAGs    # Errors  Last Runtime    Last Run               Last # of DB Queries
----------------------------------------------  -----  ---------  --------  ----------  --------------  -------------------  ----------------------
/opt/airflow/projet/dags/dag_pipeline_cacao.py                           1           0  0.16s           2026-08-30T11:39:08                      12
/opt/airflow/projet/dags/callbacks.py                                    0           0  0.07s           2026-08-30T11:39:08                       3
================================================================================
[2026-08-30T11:39:46.903+0000] {manager.py:997} INFO - 
================================================================================
DAG File Processing Stats

File Path                                       PID    Runtime      # DAGs    # Errors  Last Runtime    Last Run               Last # of DB Queries
----------------------------------------------  -----  ---------  --------  ----------  --------------  -------------------  ----------------------
/opt/airflow/projet/dags/dag_pipeline_cacao.py                           1           0  0.17s           2026-08-30T11:39:38                      12
/opt/airflow/projet/dags/callbacks.py                                    0           0  0.09s           2026-08-30T11:39:38                       3
================================================================================
[2026-08-30T11:40:17.247+0000] {manager.py:997} INFO - 
================================================================================
DAG File Processing Stats

File Path                                       PID    Runtime      # DAGs    # Errors  Last Runtime    Last Run               Last # of DB Queries
----------------------------------------------  -----  ---------  --------  ----------  --------------  -------------------  ----------------------
/opt/airflow/projet/dags/dag_pipeline_cacao.py                           1           0  0.10s           2026-08-30T11:40:09                      12
/opt/airflow/projet/dags/callbacks.py                                    0           0  0.04s           2026-08-30T11:40:09                       3
================================================================================
[2026-08-30T11:40:47.641+0000] {manager.py:997} INFO - 
================================================================================
DAG File Processing Stats

File Path                                       PID    Runtime      # DAGs    # Errors  Last Runtime    Last Run               Last # of DB Queries
----------------------------------------------  -----  ---------  --------  ----------  --------------  -------------------  ----------------------
/opt/airflow/projet/dags/dag_pipeline_cacao.py                           1           0  0.11s           2026-08-30T11:40:39                      12
/opt/airflow/projet/dags/callbacks.py                                    0           0  0.05s           2026-08-30T11:40:39                       3
================================================================================
[2026-08-30T11:41:18.055+0000] {manager.py:997} INFO - 
================================================================================
DAG File Processing Stats

File Path                                       PID    Runtime      # DAGs    # Errors  Last Runtime    Last Run               Last # of DB Queries
----------------------------------------------  -----  ---------  --------  ----------  --------------  -------------------  ----------------------
/opt/airflow/projet/dags/dag_pipeline_cacao.py                           1           0  0.09s           2026-08-30T11:41:09                      12
/opt/airflow/projet/dags/callbacks.py                                    0           0  0.05s           2026-08-30T11:41:09                       3
================================================================================
[2026-08-30T11:41:48.448+0000] {manager.py:997} INFO - 
================================================================================
DAG File Processing Stats

File Path                                       PID    Runtime      # DAGs    # Errors  Last Runtime    Last Run               Last # of DB Queries
----------------------------------------------  -----  ---------  --------  ----------  --------------  -------------------  ----------------------
/opt/airflow/projet/dags/dag_pipeline_cacao.py                           1           0  0.10s           2026-08-30T11:41:40                      12
/opt/airflow/projet/dags/callbacks.py                                    0           0  0.05s           2026-08-30T11:41:40                       3
================================================================================
[2026-08-30T11:42:18.840+0000] {manager.py:997} INFO - 
================================================================================
DAG File Processing Stats

File Path                                       PID    Runtime      # DAGs    # Errors  Last Runtime    Last Run               Last # of DB Queries
----------------------------------------------  -----  ---------  --------  ----------  --------------  -------------------  ----------------------
/opt/airflow/projet/dags/dag_pipeline_cacao.py                           1           0  0.09s           2026-08-30T11:42:10                      12
/opt/airflow/projet/dags/callbacks.py                                    0           0  0.04s           2026-08-30T11:42:10                       3
================================================================================
[2026-08-30T11:42:49.255+0000] {manager.py:997} INFO - 
================================================================================
DAG File Processing Stats

File Path                                       PID    Runtime      # DAGs    # Errors  Last Runtime    Last Run               Last # of DB Queries
----------------------------------------------  -----  ---------  --------  ----------  --------------  -------------------  ----------------------
/opt/airflow/projet/dags/dag_pipeline_cacao.py                           1           0  0.12s           2026-08-30T11:42:41                      12
/opt/airflow/projet/dags/callbacks.py                                    0           0  0.05s           2026-08-30T11:42:41                       3
================================================================================
[2026-08-30T11:43:19.624+0000] {manager.py:997} INFO - 
================================================================================
DAG File Processing Stats

File Path                                       PID    Runtime      # DAGs    # Errors  Last Runtime    Last Run               Last # of DB Queries
----------------------------------------------  -----  ---------  --------  ----------  --------------  -------------------  ----------------------
/opt/airflow/projet/dags/dag_pipeline_cacao.py                           1           0  0.09s           2026-08-30T11:43:11                      12
/opt/airflow/projet/dags/callbacks.py                                    0           0  0.04s           2026-08-30T11:43:11                       3
================================================================================
[2026-08-30T11:43:50.015+0000] {manager.py:997} INFO - 
================================================================================
DAG File Processing Stats

File Path                                       PID    Runtime      # DAGs    # Errors  Last Runtime    Last Run               Last # of DB Queries
----------------------------------------------  -----  ---------  --------  ----------  --------------  -------------------  ----------------------
/opt/airflow/projet/dags/dag_pipeline_cacao.py                           1           0  0.13s           2026-08-30T11:43:41                      12
/opt/airflow/projet/dags/callbacks.py                                    0           0  0.06s           2026-08-30T11:43:41                       3
================================================================================
[2026-08-30T11:44:05.200+0000] {manager.py:821} INFO - Searching for files in /opt/airflow/projet/dags
[2026-08-30T11:44:05.207+0000] {manager.py:824} INFO - There are 2 files in /opt/airflow/projet/dags
[2026-08-30T11:44:20.499+0000] {manager.py:997} INFO - 
================================================================================
DAG File Processing Stats

File Path                                       PID    Runtime      # DAGs    # Errors  Last Runtime    Last Run               Last # of DB Queries
----------------------------------------------  -----  ---------  --------  ----------  --------------  -------------------  ----------------------
/opt/airflow/projet/dags/dag_pipeline_cacao.py                           1           0  0.10s           2026-08-30T11:44:12                      12
/opt/airflow/projet/dags/callbacks.py                                    0           0  0.05s           2026-08-30T11:44:12                       3
================================================================================
[2026-08-30T11:44:50.867+0000] {manager.py:997} INFO - 
================================================================================
DAG File Processing Stats

File Path                                       PID    Runtime      # DAGs    # Errors  Last Runtime    Last Run               Last # of DB Queries
----------------------------------------------  -----  ---------  --------  ----------  --------------  -------------------  ----------------------
/opt/airflow/projet/dags/dag_pipeline_cacao.py                           1           0  0.10s           2026-08-30T11:44:42                      12
/opt/airflow/projet/dags/callbacks.py                                    0           0  0.05s           2026-08-30T11:44:42                       3
================================================================================
[2026-08-30T11:45:21.317+0000] {manager.py:997} INFO - 
================================================================================
DAG File Processing Stats

File Path                                       PID    Runtime      # DAGs    # Errors  Last Runtime    Last Run               Last # of DB Queries
----------------------------------------------  -----  ---------  --------  ----------  --------------  -------------------  ----------------------
/opt/airflow/projet/dags/dag_pipeline_cacao.py                           1           0  0.09s           2026-08-30T11:45:13                      12
/opt/airflow/projet/dags/callbacks.py                                    0           0  0.05s           2026-08-30T11:45:13                       3
================================================================================
[2026-08-30T11:45:51.715+0000] {manager.py:997} INFO - 
================================================================================
DAG File Processing Stats

File Path                                       PID    Runtime      # DAGs    # Errors  Last Runtime    Last Run               Last # of DB Queries
----------------------------------------------  -----  ---------  --------  ----------  --------------  -------------------  ----------------------
/opt/airflow/projet/dags/dag_pipeline_cacao.py                           1           0  0.11s           2026-08-30T11:45:43                      12
/opt/airflow/projet/dags/callbacks.py                                    0           0  0.05s           2026-08-30T11:45:43                       3
================================================================================
[2026-08-30T11:46:22.149+0000] {manager.py:997} INFO - 
================================================================================
DAG File Processing Stats

File Path                                       PID    Runtime      # DAGs    # Errors  Last Runtime    Last Run               Last # of DB Queries
----------------------------------------------  -----  ---------  --------  ----------  --------------  -------------------  ----------------------
/opt/airflow/projet/dags/dag_pipeline_cacao.py                           1           0  0.10s           2026-08-30T11:46:14                      12
/opt/airflow/projet/dags/callbacks.py                                    0           0  0.05s           2026-08-30T11:46:14                       3
================================================================================
[2026-08-30T11:46:52.557+0000] {manager.py:997} INFO - 
================================================================================
DAG File Processing Stats

File Path                                       PID    Runtime      # DAGs    # Errors  Last Runtime    Last Run               Last # of DB Queries
----------------------------------------------  -----  ---------  --------  ----------  --------------  -------------------  ----------------------
/opt/airflow/projet/dags/dag_pipeline_cacao.py                           1           0  0.09s           2026-08-30T11:46:44                      12
/opt/airflow/projet/dags/callbacks.py                                    0           0  0.05s           2026-08-30T11:46:44                       3
================================================================================
[2026-08-30T11:47:22.944+0000] {manager.py:997} INFO - 
================================================================================
DAG File Processing Stats

File Path                                       PID    Runtime      # DAGs    # Errors  Last Runtime    Last Run               Last # of DB Queries
----------------------------------------------  -----  ---------  --------  ----------  --------------  -------------------  ----------------------
/opt/airflow/projet/dags/dag_pipeline_cacao.py                           1           0  0.13s           2026-08-30T11:47:14                      12
/opt/airflow/projet/dags/callbacks.py                                    0           0  0.05s           2026-08-30T11:47:14                       3
================================================================================
[2026-08-30T11:47:53.310+0000] {manager.py:997} INFO - 
================================================================================
DAG File Processing Stats

File Path                                       PID    Runtime      # DAGs    # Errors  Last Runtime    Last Run               Last # of DB Queries
----------------------------------------------  -----  ---------  --------  ----------  --------------  -------------------  ----------------------
/opt/airflow/projet/dags/dag_pipeline_cacao.py                           1           0  0.10s           2026-08-30T11:47:45                      12
/opt/airflow/projet/dags/callbacks.py                                    0           0  0.05s           2026-08-30T11:47:45                       3
================================================================================
[2026-08-30T11:48:23.702+0000] {manager.py:997} INFO - 
================================================================================
DAG File Processing Stats

File Path                                       PID    Runtime      # DAGs    # Errors  Last Runtime    Last Run               Last # of DB Queries
----------------------------------------------  -----  ---------  --------  ----------  --------------  -------------------  ----------------------
/opt/airflow/projet/dags/dag_pipeline_cacao.py                           1           0  0.13s           2026-08-30T11:48:15                      12
/opt/airflow/projet/dags/callbacks.py                                    0           0  0.06s           2026-08-30T11:48:15                       3
================================================================================
[2026-08-30T11:48:54.063+0000] {manager.py:997} INFO - 
================================================================================
DAG File Processing Stats

File Path                                       PID    Runtime      # DAGs    # Errors  Last Runtime    Last Run               Last # of DB Queries
----------------------------------------------  -----  ---------  --------  ----------  --------------  -------------------  ----------------------
/opt/airflow/projet/dags/dag_pipeline_cacao.py                           1           0  0.11s           2026-08-30T11:48:46                      12
/opt/airflow/projet/dags/callbacks.py                                    0           0  0.05s           2026-08-30T11:48:45                       3
================================================================================
[2026-08-30T11:49:06.178+0000] {manager.py:821} INFO - Searching for files in /opt/airflow/projet/dags
[2026-08-30T11:49:06.185+0000] {manager.py:824} INFO - There are 2 files in /opt/airflow/projet/dags
[2026-08-30T11:49:24.454+0000] {manager.py:997} INFO - 
================================================================================
DAG File Processing Stats

File Path                                       PID    Runtime      # DAGs    # Errors  Last Runtime    Last Run               Last # of DB Queries
----------------------------------------------  -----  ---------  --------  ----------  --------------  -------------------  ----------------------
/opt/airflow/projet/dags/dag_pipeline_cacao.py                           1           0  0.09s           2026-08-30T11:49:16                      12
/opt/airflow/projet/dags/callbacks.py                                    0           0  0.04s           2026-08-30T11:49:16                       3
================================================================================
[2026-08-30T11:49:54.847+0000] {manager.py:997} INFO - 
================================================================================
DAG File Processing Stats

File Path                                       PID    Runtime      # DAGs    # Errors  Last Runtime    Last Run               Last # of DB Queries
----------------------------------------------  -----  ---------  --------  ----------  --------------  -------------------  ----------------------
/opt/airflow/projet/dags/dag_pipeline_cacao.py                           1           0  0.09s           2026-08-30T11:49:46                      12
/opt/airflow/projet/dags/callbacks.py                                    0           0  0.05s           2026-08-30T11:49:46                       3
================================================================================
[2026-08-30T11:50:25.247+0000] {manager.py:997} INFO - 
================================================================================
DAG File Processing Stats

File Path                                       PID    Runtime      # DAGs    # Errors  Last Runtime    Last Run               Last # of DB Queries
----------------------------------------------  -----  ---------  --------  ----------  --------------  -------------------  ----------------------
/opt/airflow/projet/dags/dag_pipeline_cacao.py                           1           0  0.12s           2026-08-30T11:50:17                      12
/opt/airflow/projet/dags/callbacks.py                                    0           0  0.06s           2026-08-30T11:50:17                       3
================================================================================
[2026-08-30T11:50:55.623+0000] {manager.py:997} INFO - 
================================================================================
DAG File Processing Stats

File Path                                       PID    Runtime      # DAGs    # Errors  Last Runtime    Last Run               Last # of DB Queries
----------------------------------------------  -----  ---------  --------  ----------  --------------  -------------------  ----------------------
/opt/airflow/projet/dags/dag_pipeline_cacao.py                           1           0  0.07s           2026-08-30T11:50:47                      12
/opt/airflow/projet/dags/callbacks.py                                    0           0  0.03s           2026-08-30T11:50:47                       3
================================================================================
[2026-08-30T11:51:25.991+0000] {manager.py:997} INFO - 
================================================================================
DAG File Processing Stats

File Path                                       PID    Runtime      # DAGs    # Errors  Last Runtime    Last Run               Last # of DB Queries
----------------------------------------------  -----  ---------  --------  ----------  --------------  -------------------  ----------------------
/opt/airflow/projet/dags/dag_pipeline_cacao.py                           1           0  0.08s           2026-08-30T11:51:17                      12
/opt/airflow/projet/dags/callbacks.py                                    0           0  0.04s           2026-08-30T11:51:17                       3
================================================================================
[2026-08-30T11:51:56.355+0000] {manager.py:997} INFO - 
================================================================================
DAG File Processing Stats

File Path                                       PID    Runtime      # DAGs    # Errors  Last Runtime    Last Run               Last # of DB Queries
----------------------------------------------  -----  ---------  --------  ----------  --------------  -------------------  ----------------------
/opt/airflow/projet/dags/dag_pipeline_cacao.py                           1           0  0.09s           2026-08-30T11:51:48                      12
/opt/airflow/projet/dags/callbacks.py                                    0           0  0.04s           2026-08-30T11:51:48                       3
================================================================================
[2026-08-30T11:52:26.745+0000] {manager.py:997} INFO - 
================================================================================
DAG File Processing Stats

File Path                                       PID    Runtime      # DAGs    # Errors  Last Runtime    Last Run               Last # of DB Queries
----------------------------------------------  -----  ---------  --------  ----------  --------------  -------------------  ----------------------
/opt/airflow/projet/dags/dag_pipeline_cacao.py                           1           0  0.13s           2026-08-30T11:52:18                      12
/opt/airflow/projet/dags/callbacks.py                                    0           0  0.06s           2026-08-30T11:52:18                       3
================================================================================
[2026-08-30T11:52:57.123+0000] {manager.py:997} INFO - 
================================================================================
DAG File Processing Stats

File Path                                       PID    Runtime      # DAGs    # Errors  Last Runtime    Last Run               Last # of DB Queries
----------------------------------------------  -----  ---------  --------  ----------  --------------  -------------------  ----------------------
/opt/airflow/projet/dags/dag_pipeline_cacao.py                           1           0  0.08s           2026-08-30T11:52:49                      12
/opt/airflow/projet/dags/callbacks.py                                    0           0  0.04s           2026-08-30T11:52:49                       3
================================================================================
[2026-08-30T11:53:27.546+0000] {manager.py:997} INFO - 
================================================================================
DAG File Processing Stats

File Path                                       PID    Runtime      # DAGs    # Errors  Last Runtime    Last Run               Last # of DB Queries
----------------------------------------------  -----  ---------  --------  ----------  --------------  -------------------  ----------------------
/opt/airflow/projet/dags/dag_pipeline_cacao.py                           1           0  0.07s           2026-08-30T11:53:19                      12
/opt/airflow/projet/dags/callbacks.py                                    0           0  0.03s           2026-08-30T11:53:19                       3
================================================================================
[2026-08-30T11:53:57.967+0000] {manager.py:997} INFO - 
================================================================================
DAG File Processing Stats

File Path                                       PID    Runtime      # DAGs    # Errors  Last Runtime    Last Run               Last # of DB Queries
----------------------------------------------  -----  ---------  --------  ----------  --------------  -------------------  ----------------------
/opt/airflow/projet/dags/dag_pipeline_cacao.py                           1           0  0.09s           2026-08-30T11:53:49                      12
/opt/airflow/projet/dags/callbacks.py                                    0           0  0.04s           2026-08-30T11:53:49                       3
================================================================================
[2026-08-30T11:54:07.062+0000] {manager.py:821} INFO - Searching for files in /opt/airflow/projet/dags
[2026-08-30T11:54:07.071+0000] {manager.py:824} INFO - There are 2 files in /opt/airflow/projet/dags
[2026-08-30T11:54:28.397+0000] {manager.py:997} INFO - 
================================================================================
DAG File Processing Stats

File Path                                       PID    Runtime      # DAGs    # Errors  Last Runtime    Last Run               Last # of DB Queries
----------------------------------------------  -----  ---------  --------  ----------  --------------  -------------------  ----------------------
/opt/airflow/projet/dags/dag_pipeline_cacao.py                           1           0  0.09s           2026-08-30T11:54:20                      12
/opt/airflow/projet/dags/callbacks.py                                    0           0  0.04s           2026-08-30T11:54:20                       3
================================================================================
[2026-08-30T11:54:58.758+0000] {manager.py:997} INFO - 
================================================================================
DAG File Processing Stats

File Path                                       PID    Runtime      # DAGs    # Errors  Last Runtime    Last Run               Last # of DB Queries
----------------------------------------------  -----  ---------  --------  ----------  --------------  -------------------  ----------------------
/opt/airflow/projet/dags/dag_pipeline_cacao.py                           1           0  0.10s           2026-08-30T11:54:50                      12
/opt/airflow/projet/dags/callbacks.py                                    0           0  0.04s           2026-08-30T11:54:50                       3
================================================================================
[2026-08-30T11:55:29.111+0000] {manager.py:997} INFO - 
================================================================================
DAG File Processing Stats

File Path                                       PID    Runtime      # DAGs    # Errors  Last Runtime    Last Run               Last # of DB Queries
----------------------------------------------  -----  ---------  --------  ----------  --------------  -------------------  ----------------------
/opt/airflow/projet/dags/dag_pipeline_cacao.py                           1           0  0.09s           2026-08-30T11:55:21                      12
/opt/airflow/projet/dags/callbacks.py                                    0           0  0.04s           2026-08-30T11:55:21                       3
================================================================================
[2026-08-30T11:55:59.500+0000] {manager.py:997} INFO - 
================================================================================
DAG File Processing Stats

File Path                                       PID    Runtime      # DAGs    # Errors  Last Runtime    Last Run               Last # of DB Queries
----------------------------------------------  -----  ---------  --------  ----------  --------------  -------------------  ----------------------
/opt/airflow/projet/dags/dag_pipeline_cacao.py                           1           0  0.09s           2026-08-30T11:55:51                      12
/opt/airflow/projet/dags/callbacks.py                                    0           0  0.04s           2026-08-30T11:55:51                       3
================================================================================
[2026-08-30T11:56:29.874+0000] {manager.py:997} INFO - 
================================================================================
DAG File Processing Stats

File Path                                       PID    Runtime      # DAGs    # Errors  Last Runtime    Last Run               Last # of DB Queries
----------------------------------------------  -----  ---------  --------  ----------  --------------  -------------------  ----------------------
/opt/airflow/projet/dags/dag_pipeline_cacao.py                           1           0  0.09s           2026-08-30T11:56:21                      12
/opt/airflow/projet/dags/callbacks.py                                    0           0  0.04s           2026-08-30T11:56:21                       3
================================================================================
[2026-08-30T11:57:00.296+0000] {manager.py:997} INFO - 
================================================================================
DAG File Processing Stats

File Path                                       PID    Runtime      # DAGs    # Errors  Last Runtime    Last Run               Last # of DB Queries
----------------------------------------------  -----  ---------  --------  ----------  --------------  -------------------  ----------------------
/opt/airflow/projet/dags/dag_pipeline_cacao.py                           1           0  0.10s           2026-08-30T11:56:52                      12
/opt/airflow/projet/dags/callbacks.py                                    0           0  0.05s           2026-08-30T11:56:52                       3
================================================================================
[2026-08-30T11:57:30.711+0000] {manager.py:997} INFO - 
================================================================================
DAG File Processing Stats

File Path                                       PID    Runtime      # DAGs    # Errors  Last Runtime    Last Run               Last # of DB Queries
----------------------------------------------  -----  ---------  --------  ----------  --------------  -------------------  ----------------------
/opt/airflow/projet/dags/dag_pipeline_cacao.py                           1           0  0.11s           2026-08-30T11:57:22                      12
/opt/airflow/projet/dags/callbacks.py                                    0           0  0.05s           2026-08-30T11:57:22                       3
================================================================================
[2026-08-30T11:58:01.106+0000] {manager.py:997} INFO - 
================================================================================
DAG File Processing Stats

File Path                                       PID    Runtime      # DAGs    # Errors  Last Runtime    Last Run               Last # of DB Queries
----------------------------------------------  -----  ---------  --------  ----------  --------------  -------------------  ----------------------
/opt/airflow/projet/dags/dag_pipeline_cacao.py                           1           0  0.09s           2026-08-30T11:57:53                      12
/opt/airflow/projet/dags/callbacks.py                                    0           0  0.04s           2026-08-30T11:57:52                       3
================================================================================
[2026-08-30T11:58:31.482+0000] {manager.py:997} INFO - 
================================================================================
DAG File Processing Stats

File Path                                       PID    Runtime      # DAGs    # Errors  Last Runtime    Last Run               Last # of DB Queries
----------------------------------------------  -----  ---------  --------  ----------  --------------  -------------------  ----------------------
/opt/airflow/projet/dags/dag_pipeline_cacao.py                           1           0  0.12s           2026-08-30T11:58:23                      12
/opt/airflow/projet/dags/callbacks.py                                    0           0  0.05s           2026-08-30T11:58:23                       3
================================================================================
[2026-08-30T11:59:01.823+0000] {manager.py:997} INFO - 
================================================================================
DAG File Processing Stats

File Path                                       PID    Runtime      # DAGs    # Errors  Last Runtime    Last Run               Last # of DB Queries
----------------------------------------------  -----  ---------  --------  ----------  --------------  -------------------  ----------------------
/opt/airflow/projet/dags/dag_pipeline_cacao.py                           1           0  0.09s           2026-08-30T11:58:53                      12
/opt/airflow/projet/dags/callbacks.py                                    0           0  0.04s           2026-08-30T11:58:53                       3
================================================================================
[2026-08-30T11:59:07.885+0000] {manager.py:821} INFO - Searching for files in /opt/airflow/projet/dags
[2026-08-30T11:59:07.891+0000] {manager.py:824} INFO - There are 2 files in /opt/airflow/projet/dags
[2026-08-30T11:59:32.249+0000] {manager.py:997} INFO - 
================================================================================
DAG File Processing Stats

File Path                                       PID    Runtime      # DAGs    # Errors  Last Runtime    Last Run               Last # of DB Queries
----------------------------------------------  -----  ---------  --------  ----------  --------------  -------------------  ----------------------
/opt/airflow/projet/dags/dag_pipeline_cacao.py                           1           0  0.11s           2026-08-30T11:59:24                      12
/opt/airflow/projet/dags/callbacks.py                                    0           0  0.05s           2026-08-30T11:59:24                       3
================================================================================
[2026-08-30T12:00:02.673+0000] {manager.py:997} INFO - 
================================================================================
DAG File Processing Stats

File Path                                       PID    Runtime      # DAGs    # Errors  Last Runtime    Last Run               Last # of DB Queries
----------------------------------------------  -----  ---------  --------  ----------  --------------  -------------------  ----------------------
/opt/airflow/projet/dags/dag_pipeline_cacao.py                           1           0  0.09s           2026-08-30T11:59:54                      12
/opt/airflow/projet/dags/callbacks.py                                    0           0  0.04s           2026-08-30T11:59:54                       3
================================================================================
[2026-08-30T12:00:33.066+0000] {manager.py:997} INFO - 
================================================================================
DAG File Processing Stats

File Path                                       PID    Runtime      # DAGs    # Errors  Last Runtime    Last Run               Last # of DB Queries
----------------------------------------------  -----  ---------  --------  ----------  --------------  -------------------  ----------------------
/opt/airflow/projet/dags/dag_pipeline_cacao.py                           1           0  0.07s           2026-08-30T12:00:24                      12
/opt/airflow/projet/dags/callbacks.py                                    0           0  0.03s           2026-08-30T12:00:24                       3
================================================================================
[2026-08-30T12:01:03.514+0000] {manager.py:997} INFO - 
================================================================================
DAG File Processing Stats

File Path                                       PID    Runtime      # DAGs    # Errors  Last Runtime    Last Run               Last # of DB Queries
----------------------------------------------  -----  ---------  --------  ----------  --------------  -------------------  ----------------------
/opt/airflow/projet/dags/dag_pipeline_cacao.py                           1           0  0.09s           2026-08-30T12:00:55                      12
/opt/airflow/projet/dags/callbacks.py                                    0           0  0.05s           2026-08-30T12:00:55                       3
================================================================================
[2026-08-30T12:01:33.958+0000] {manager.py:997} INFO - 
================================================================================
DAG File Processing Stats

File Path                                       PID    Runtime      # DAGs    # Errors  Last Runtime    Last Run               Last # of DB Queries
----------------------------------------------  -----  ---------  --------  ----------  --------------  -------------------  ----------------------
/opt/airflow/projet/dags/dag_pipeline_cacao.py                           1           0  0.08s           2026-08-30T12:01:25                      12
/opt/airflow/projet/dags/callbacks.py                                    0           0  0.05s           2026-08-30T12:01:25                       3
================================================================================
[2026-08-30T12:02:04.310+0000] {manager.py:997} INFO - 
================================================================================
DAG File Processing Stats

File Path                                       PID    Runtime      # DAGs    # Errors  Last Runtime    Last Run               Last # of DB Queries
----------------------------------------------  -----  ---------  --------  ----------  --------------  -------------------  ----------------------
/opt/airflow/projet/dags/dag_pipeline_cacao.py                           1           0  0.10s           2026-08-30T12:01:56                      12
/opt/airflow/projet/dags/callbacks.py                                    0           0  0.04s           2026-08-30T12:01:56                       3
================================================================================
[2026-08-30T12:02:34.766+0000] {manager.py:997} INFO - 
================================================================================
DAG File Processing Stats

File Path                                       PID    Runtime      # DAGs    # Errors  Last Runtime    Last Run               Last # of DB Queries
----------------------------------------------  -----  ---------  --------  ----------  --------------  -------------------  ----------------------
/opt/airflow/projet/dags/dag_pipeline_cacao.py                           1           0  0.10s           2026-08-30T12:02:26                      12
/opt/airflow/projet/dags/callbacks.py                                    0           0  0.05s           2026-08-30T12:02:26                       3
================================================================================
[2026-08-30T12:03:05.194+0000] {manager.py:997} INFO - 
================================================================================
DAG File Processing Stats

File Path                                       PID    Runtime      # DAGs    # Errors  Last Runtime    Last Run               Last # of DB Queries
----------------------------------------------  -----  ---------  --------  ----------  --------------  -------------------  ----------------------
/opt/airflow/projet/dags/dag_pipeline_cacao.py                           1           0  0.09s           2026-08-30T12:02:57                      12
/opt/airflow/projet/dags/callbacks.py                                    0           0  0.04s           2026-08-30T12:02:57                       3
================================================================================
[2026-08-30T12:03:35.615+0000] {manager.py:997} INFO - 
================================================================================
DAG File Processing Stats

File Path                                       PID    Runtime      # DAGs    # Errors  Last Runtime    Last Run               Last # of DB Queries
----------------------------------------------  -----  ---------  --------  ----------  --------------  -------------------  ----------------------
/opt/airflow/projet/dags/dag_pipeline_cacao.py                           1           0  0.08s           2026-08-30T12:03:27                      12
/opt/airflow/projet/dags/callbacks.py                                    0           0  0.04s           2026-08-30T12:03:27                       3
================================================================================
[2026-08-30T12:04:06.043+0000] {manager.py:997} INFO - 
================================================================================
DAG File Processing Stats

File Path                                       PID    Runtime      # DAGs    # Errors  Last Runtime    Last Run               Last # of DB Queries
----------------------------------------------  -----  ---------  --------  ----------  --------------  -------------------  ----------------------
/opt/airflow/projet/dags/dag_pipeline_cacao.py                           1           0  0.12s           2026-08-30T12:03:57                      12
/opt/airflow/projet/dags/callbacks.py                                    0           0  0.05s           2026-08-30T12:03:57                       3
================================================================================
[2026-08-30T12:04:08.070+0000] {manager.py:821} INFO - Searching for files in /opt/airflow/projet/dags
[2026-08-30T12:04:08.076+0000] {manager.py:824} INFO - There are 2 files in /opt/airflow/projet/dags
[2026-08-30T12:04:36.475+0000] {manager.py:997} INFO - 
================================================================================
DAG File Processing Stats

File Path                                       PID    Runtime      # DAGs    # Errors  Last Runtime    Last Run               Last # of DB Queries
----------------------------------------------  -----  ---------  --------  ----------  --------------  -------------------  ----------------------
/opt/airflow/projet/dags/dag_pipeline_cacao.py                           1           0  0.09s           2026-08-30T12:04:28                      12
/opt/airflow/projet/dags/callbacks.py                                    0           0  0.05s           2026-08-30T12:04:28                       3
================================================================================
[2026-08-30T12:05:06.874+0000] {manager.py:997} INFO - 
================================================================================
DAG File Processing Stats

File Path                                       PID    Runtime      # DAGs    # Errors  Last Runtime    Last Run               Last # of DB Queries
----------------------------------------------  -----  ---------  --------  ----------  --------------  -------------------  ----------------------
/opt/airflow/projet/dags/dag_pipeline_cacao.py                           1           0  0.09s           2026-08-30T12:04:58                      12
/opt/airflow/projet/dags/callbacks.py                                    0           0  0.04s           2026-08-30T12:04:58                       3
================================================================================
[2026-08-30T12:05:37.272+0000] {manager.py:997} INFO - 
================================================================================
DAG File Processing Stats

File Path                                       PID    Runtime      # DAGs    # Errors  Last Runtime    Last Run               Last # of DB Queries
----------------------------------------------  -----  ---------  --------  ----------  --------------  -------------------  ----------------------
/opt/airflow/projet/dags/dag_pipeline_cacao.py                           1           0  0.09s           2026-08-30T12:05:29                      12
/opt/airflow/projet/dags/callbacks.py                                    0           0  0.04s           2026-08-30T12:05:29                       3
================================================================================
[2026-08-30T12:06:07.686+0000] {manager.py:997} INFO - 
================================================================================
DAG File Processing Stats

File Path                                       PID    Runtime      # DAGs    # Errors  Last Runtime    Last Run               Last # of DB Queries
----------------------------------------------  -----  ---------  --------  ----------  --------------  -------------------  ----------------------
/opt/airflow/projet/dags/dag_pipeline_cacao.py                           1           0  0.07s           2026-08-30T12:05:59                      12
/opt/airflow/projet/dags/callbacks.py                                    0           0  0.03s           2026-08-30T12:05:59                       3
================================================================================
[2026-08-30T12:06:38.079+0000] {manager.py:997} INFO - 
================================================================================
DAG File Processing Stats

File Path                                       PID    Runtime      # DAGs    # Errors  Last Runtime    Last Run               Last # of DB Queries
----------------------------------------------  -----  ---------  --------  ----------  --------------  -------------------  ----------------------
/opt/airflow/projet/dags/dag_pipeline_cacao.py                           1           0  0.12s           2026-08-30T12:06:30                      12
/opt/airflow/projet/dags/callbacks.py                                    0           0  0.05s           2026-08-30T12:06:29                       3
================================================================================
